Date,Adj Close,Close,High,Low,Open,Volume,SMA_20,SMA_50,SMA_200,EMA_12,EMA_26,MACD,RSI,Stoch_K,BB_upper,BB_lower,ATR,OBV,Returns_1d,Returns_5d,Returns_20d,Vol_ratio,Price_range,Target,Direction
2020-05-29,76.74185180664062,97.8499984741211,98.8499984741211,94.3000030517578,94.6999969482422,19891080,91.90499954223633,89.12599990844727,109.89550022125245,93.21548456867869,92.29567198088705,0.7458388273483867,60.12958817762471,92.42424067277403,97.46124735842862,86.34875172604403,4.203648617880517,-300934375,0.022466056368232623,0.08421050940854391,0.08481154971954763,1.2926138117482013,0.04649969844983346,97.9000015258789,1
2020-06-01,76.78106689453125,97.9000015258789,99.6500015258789,97.1500015258789,98.4000015258789,10106253,92.04749946594238,89.12299987792969,109.75075023651124,93.93617948517102,92.7108075027383,0.8411185775915729,60.20212479294889,87.5,98.0475382344598,86.04746069742497,4.081959430889051,-290828122,0.0005110173994640199,0.07641566586958559,0.029984201816060985,0.6676962912051239,0.025536261093307026,96.75,0
2020-06-02,75.87914276123047,96.75,98.9499969482422,96.0500030517578,98.75,18170659,92.31249961853027,89.24199981689453,109.61900024414062,94.36907494899087,93.01000694697991,0.7798516777358488,57.606370003181794,76.13167768166905,98.64265485383503,85.98234438322551,3.9975333212887194,-308998781,-0.011746695689018094,0.040322580645161255,0.05795520206258109,1.1700922994188896,0.029974097121285823,94.6999969482422,0
2020-06-03,74.27135467529297,94.6999969482422,97.8000030517578,94.4000015258789,97.75,23102350,92.41749954223633,89.37399978637696,109.48750022888184,94.41998602579876,93.13519139151786,0.5644626480046329,53.20259207202793,59.25922669973795,98.83234661357218,86.00265247090047,3.954852478759446,-332101131,-0.021188662033672312,0.0,0.022678169640661494,1.4302254172780555,0.03590286837851901,95.1500015258789,1
2020-06-04,74.6242904663086,95.1500015258789,95.5,92.75,94.1500015258789,12827335,92.43999977111817,89.66599975585937,109.34650024414063,94.53229610273418,93.28443658665572,0.42202202384175735,54.03329432554873,61.864416642420714,98.88977437523145,85.99022516700488,3.868791587419486,-319273796,0.004751896432295011,-0.0057470787868546536,0.004751896432295011,0.7877893832439953,0.02890173364056179,97.9499969482422,1
2020-06-05,76.82027435302734,97.9499969482422,98.1999969482422,94.1500015258789,95.0,11744302,92.81499977111817,90.0579997253418,109.22100021362304,95.05809623281233,93.63003365047693,0.4817800720789551,58.9196270991004,85.59318527139312,99.62066535026888,86.00933419196745,3.881734718486901,-307529494,0.02942717159706776,0.001021956828620274,0.08291874243281283,0.7140510705328733,0.04134758089378354,98.5500030517578,1
2020-06-08,77.29085540771484,98.5500030517578,100.1999969482422,97.75,98.9499969482422,14168383,93.39249992370605,90.40399978637696,109.09050022125244,95.59531266649624,93.99447582834958,0.523643462312174,59.90325714459805,86.25005086262999,100.08565062636092,86.6993492210512,3.779467734897994,-293361111,0.00612563677600364,0.006639443470356499,0.13275865576733104,0.8997448719437229,0.024860445178834543,98.0,0
2020-06-09,76.85948944091797,98.0,99.6999969482422,97.1999969482422,99.0,14232434,93.9599998474121,90.83599975585938,108.96100021362305,95.96526456395836,94.2911813225459,0.477511892462378,58.5200220336851,81.4346225187563,100.17800564802802,87.7419940467962,3.68807718240528,-307593545,-0.005580954182913045,0.012919896640826822,0.13098670830064907,0.8981412992419255,0.025510204081632654,98.1500015258789,1
2020-06-10,76.97713470458984,98.1500015258789,100.1500015258789,97.25,98.1500015258789,12104423,94.28499984741211,91.2479997253418,108.86600021362305,96.30137794271536,94.57701985612611,0.4222293901113321,58.799446147556985,82.70045834317848,100.66348716812593,87.9065125266983,3.6317860640819677,-295489122,0.0015306278150908348,0.03643088372560643,0.07092198463482413,0.7786438826857668,0.029546627415123084,98.0500030517578,0
2020-06-11,76.8987045288086,98.0500030517578,99.6999969482422,96.8000030517578,98.1500015258789,10258905,94.53499984741211,91.61499984741211,108.76825023651124,96.57039719026037,94.83427787061734,0.3471924985320858,58.51644663272971,81.85658925459175,101.08977725852213,87.98022243630209,3.5795151949678563,-305748027,-0.001018833138731412,0.03047820787569977,0.053734549554166344,0.679100301398811,0.029576683388307285,96.9000015258789,0
2020-06-12,75.99678039550781,96.9000015258789,97.9499969482422,94.3000030517578,94.5,10925477,94.9125,91.9599998474121,108.66375022888184,96.6211055495863,94.98729443767375,0.19590743264128974,55.22463456372759,67.1642096968509,101.08800647218565,88.73699352781433,3.591692681041581,-316673504,-0.01172872503911948,-0.010719708576592657,0.08449919620249968,0.7976493842634627,0.037667635077483524,93.1999969482422,0
2020-06-15,73.0949478149414,93.1999969482422,96.9499969482422,92.5999984741211,96.6999969482422,10980359,95.02999992370606,92.16399978637695,108.53525020599365,96.09478114937951,94.85490203104919,-0.15841964875275094,46.21636454536613,22.651894577731888,100.97705002191655,89.08294982549556,3.6458573805472616,-327653863,-0.03818374116999934,-0.05428722412830178,0.02586679706759165,0.8194413400266716,0.04667380489869374,92.8000030517578,0
2020-06-16,72.78124237060547,92.8000030517578,95.0999984741211,92.25,94.9499969482422,8757035,95.225,92.3849998474121,108.40950023651124,95.58789221128387,94.70268729184242,-0.41047507811329886,45.35503404050948,6.9182800363138215,100.58172529535666,89.86827470464333,3.5890103158025353,-336410898,-0.004291780145728286,-0.053061193349410174,0.04386953272147687,0.6599502757301098,0.03071118944394377,91.5,0
2020-06-17,71.76167297363281,91.5,93.0999984741211,90.8499984741211,92.9499969482422,17081311,95.24749984741212,92.53099990844727,108.27750022888183,94.9589857172402,94.46545119615038,-0.6417163811719477,42.57767706984558,6.951889111832244,100.53725277300452,89.9577469218197,3.4933667218166398,-353492209,-0.01400865311429722,-0.06775345310744108,0.004942305690933457,1.2643275697695004,0.02459016393442623,92.6999969482422,1
2020-06-18,72.70280456542969,92.6999969482422,94.3000030517578,89.9000015258789,91.8000030517578,16520026,95.23749961853028,92.76499984741211,108.16725021362305,94.6114489835482,94.33467680741644,-0.6867829809040031,45.87258973246243,27.184433657940858,100.54569050863947,89.92930872842109,3.5581263506782292,-336972183,0.013114720745816433,-0.05456405851095669,-0.0021529017691241936,1.194515700712798,0.047464958691806364,93.0,1
2020-06-19,72.93809509277344,93.0,94.0500030517578,92.4000015258789,93.0500030517578,13836691,95.37499961853027,93.03399978637695,108.03975021362305,94.36353375531002,94.23581185871893,-0.6686666083557418,46.69606887493296,30.09708594035288,100.28697640445412,90.46302283260641,3.4218317203354194,-323135492,0.0032362789820294946,-0.040247693131742035,0.030470914127423754,1.0238356398175,0.017741951891170882,95.3000030517578,1
2020-06-22,74.74193572998047,95.3000030517578,95.8499984741211,93.3499984741211,94.0999984741211,18868376,95.59249992370606,93.30899978637696,107.91600021362305,94.50760595476352,94.31464083598107,-0.4827387089314975,52.64438765104175,52.427222580647346,100.06723852892567,91.11776131848644,3.3809864884629675,-304267116,0.024731215610299007,0.02253225506736678,0.04782854589858965,1.3488610058030464,0.026232947743372478,100.75,1
2020-06-23,79.0162582397461,100.75,101.1500015258789,95.0,95.0999984741211,20331626,95.97999992370606,93.6199998474121,107.80375022888184,95.46797426941528,94.79133410738987,0.0007490674491650307,63.14065980134121,96.44443088107639,100.81719030879056,91.14280953862156,3.57877327684982,-283935490,0.05718779405791086,0.08566806774573288,0.08333333333333326,1.4131530184007974,0.06104219876802885,97.0500030517578,0
2020-06-24,76.11443328857422,97.0500030517578,103.8000030517578,96.75,102.0,24055051,96.09750022888184,93.81899993896485,107.68950023651124,95.71136331285258,94.9586429180838,0.06146344015403549,54.33550276260344,51.43885425168542,100.91875373290516,91.27624672485852,3.8267182607718184,-307990541,-0.03672453546642385,0.06065577105746223,0.02481527116415827,1.603035686667477,0.07264299670344118,96.0999984741211,0
2020-06-25,75.36934661865234,96.0999984741211,98.5500030517578,94.3499984741211,97.0500030517578,69278017,96.11750030517578,93.96799987792969,107.55450023651123,95.77115333766312,95.04318777408656,0.029366887169447686,52.31811628968937,44.604289695214,100.935309435317,91.29969117503457,3.8533815691193105,-377268558,-0.009788815535946571,0.03667747182103187,0.004179744395344409,3.87851298650289,0.043704522833761854,97.0,1
2020-06-26,76.07520294189453,97.0,97.4000015258789,95.5500030517578,96.4000015258789,15572219,96.07500038146972,94.10999984741211,107.43125022888184,95.96020667033034,95.18813682785793,0.0587769328522334,54.05837570300842,51.079120105867496,100.84569330824726,91.30430745469218,3.710282776619439,-361696339,0.009365260563674926,0.043010752688172005,-0.008686749998732979,0.8824756114418187,0.019072149217743382,94.9000015258789,0
2020-06-29,74.42823028564453,94.9000015258789,98.0500030517578,94.4499969482422,97.6500015258789,18130595,95.92500038146973,94.10599990844726,107.31750022888184,95.79709818656858,95.16679347215577,-0.06639055616589595,49.51711592590459,35.97121907282562,100.64511792537839,91.20488283756107,3.702405871397736,-379826934,-0.021649468805372107,-0.004197287650260062,-0.030643513311968462,1.0046165575090278,0.037934731776941934,95.8000030517578,1
2020-06-30,75.13407897949219,95.8000030517578,97.75,95.1999969482422,97.0,18496305,95.87750053405762,94.11199996948243,107.19925025939942,95.79754508890538,95.21369788545964,-0.09027845370636411,51.4013986826788,42.446049483479015,100.58254938382204,91.1724516842932,3.6415196287351184,-361330629,0.009483682944235516,-0.04913148335724271,-0.009819089904312128,1.0239567380983186,0.026617985078561113,93.5999984741211,0
2020-07-01,73.40866088867188,93.5999984741211,94.6999969482422,92.3000030517578,94.6999969482422,21639137,95.82250061035157,94.00599990844727,107.0500002670288,95.45946099432318,95.09416459573086,-0.24706340684782868,46.802672124588895,26.61868015880119,100.60637821120218,91.03862300950095,3.631411083825467,-382969766,-0.022964556446288475,-0.035548732294184315,-0.011615612561448163,1.2028157561262942,0.02564096085052783,93.4000015258789,0
2020-07-02,73.25180053710938,93.4000015258789,94.5,93.1500015258789,94.5,14333457,95.73500061035156,93.9279998779297,106.8820002746582,95.14262107610098,94.9686710350011,-0.350727811472211,46.396293918352995,25.179853350977933,100.62765932101708,90.84234189968605,3.4684530402751546,-397303223,-0.002136719567335077,-0.02809570230086189,-0.018392012316721162,0.7934069470059391,0.014453944882934947,94.5,1
2020-07-03,74.11451721191406,94.5,95.3499984741211,92.75,93.5999984741211,15274841,95.56250076293945,93.86599990844726,106.72275028228759,95.04375629516238,94.93395466203805,-0.33190097555820997,49.01826425881582,33.093510569454686,100.37320632613519,90.75179519974371,3.40642057126415,-382028382,0.011777285397755799,-0.02577319587628868,-0.035222022008486786,0.8373339308332718,0.02751321136636078,95.1999969482422,1
2020-07-06,74.66350555419922,95.1999969482422,96.4000015258789,94.8499984741211,95.9000015258789,11830916,95.39500045776367,93.86599990844726,106.57625026702881,95.06779331871313,94.95366149805317,-0.2620566304180646,50.67181247504602,38.1294592845606,100.00714859337484,90.78285232215251,3.29881921087949,-370197466,0.007407375113674064,0.0031611740520518516,-0.03399295788713674,0.6527272267896272,0.01628154518324732,92.5500030517578,0
2020-07-07,72.5851821899414,92.5500030517578,95.4499969482422,92.25,95.4000015258789,18786009,95.12250061035157,93.84899993896484,106.4277502822876,94.68044096995077,94.7756127242535,-0.37708816430461445,44.753924004900114,19.064757086142357,99.73080651192635,90.51419470877678,3.291760477833969,-388983475,-0.02783607123354359,-0.03392484234310644,-0.055612213757573525,1.0235911995129656,0.034575870801999115,91.0,0
2020-07-08,71.36951446533203,91.0,92.8499984741211,90.8499984741211,92.8499984741211,26256635,94.76500053405762,93.82199996948242,106.26250026702881,94.11421928226603,94.49593770764213,-0.5309078683023738,41.68719517561801,1.1583125317032172,99.48634652456228,90.04365454355296,3.1994918722744,-415240110,-0.01674773636572413,-0.027777761928489242,-0.07284769653308343,1.3775309775122353,0.02197802197802198,91.1999969482422,1
2020-07-09,71.52640533447266,91.1999969482422,92.0,90.8000030517578,91.3000030517578,11910945,94.42250022888183,93.83899993896485,106.10225025177002,93.66587738472391,94.25179394768656,-0.5880848047111462,42.23720187282643,3.076876126803103,99.13476973846939,89.71023071929427,3.0566708062720997,-403329165,0.002197768662002275,-0.02355465248067623,-0.06986237521991379,0.6222007302270502,0.01315786171487729,90.4000015258789,0
2020-07-10,70.89896392822266,90.4000015258789,91.3000030517578,89.75,91.1999969482422,12213053,94.09750022888184,93.84300003051757,105.94975025177001,93.16343494490161,93.96647599051562,-0.6441674298900028,40.58808504025035,4.62634437504684,98.97515136019456,89.21984909756912,2.94905168094965,-415542218,-0.008771879924703407,-0.043386227239376685,-0.06707946230799655,0.6358438221077372,0.017146051168086287,89.9000015258789,0
2020-07-13,70.50682830810547,89.9000015258789,92.8499984741211,89.5,91.0500030517578,17508551,93.93250045776367,93.74,105.78675025939941,92.66136826505196,93.66525565980179,-0.6760110232206546,39.548748453773456,2.7972128707324777,99.13300788545864,88.7319930300687,2.9776907376047532,-433050769,-0.005530973357969038,-0.05567222260778815,-0.03540767736501016,0.8963097843181419,0.0372636086458436,87.6500015258789,0
2020-07-14,68.74219512939453,87.6500015258789,89.9000015258789,87.4000015258789,89.80000305175781,14240946,93.67500038146973,93.66400009155274,105.6165002822876,91.89038876671763,93.2196812795112,-0.8011329130115215,35.182740557983436,2.24215215952891,99.54164344537347,87.80835731756599,2.943569970632985,-447291715,-0.0250278082515083,-0.05294436914430578,-0.055495704272838786,0.7189406703005474,0.028522532304370445,88.05000305175781,1
2020-07-15,69.05590057373047,88.05000305175781,89.75,87.75,88.30000305175781,11582839,93.50250053405762,93.57300018310546,105.45750030517578,91.29956019518535,92.83674215152948,-0.8072178852496619,36.52433982395982,6.1032998380276275,99.80174411640905,87.20325695170618,2.8833148637392787,-435708876,0.004563622577471449,-0.03241754888178228,-0.03770488468024247,0.5929787610132214,0.022714366049758728,86.75,0
2020-07-16,68.03634643554688,86.75,88.4000015258789,85.8499984741211,88.19999694824219,10152592,93.2050006866455,93.41400024414062,105.31100028991699,90.59962785746453,92.3858723625273,-0.845024347174642,34.057121969187165,7.377058919540569,100.15603624722173,86.25396512606928,2.859506877169174,-445861468,-0.014764372591715147,-0.04879382781961783,-0.06418551396031114,0.5283696942890019,0.029394847858879684,88.30000305175781,1
2020-07-17,69.2519760131836,88.30000305175781,88.6500015258789,87.0,87.19999694824219,12238969,92.97000083923339,93.37100036621094,105.17675029754639,90.24583942581734,92.08321537654437,-0.716924634271128,39.32022588260723,20.5882711217196,100.24319758857314,85.69680408989365,2.7909707806484403,-433622499,0.01786747033726588,-0.023230071224279003,-0.050537601594002,0.6396098506949859,0.018686313350541377,87.1500015258789,0
2020-07-20,68.35005950927734,87.1500015258789,88.9000015258789,87.0,88.9000015258789,12349129,92.56250076293945,93.37400039672852,105.02800029754638,89.76955667198067,91.71779212834694,-0.6622273119282944,36.96304793602152,12.322300243706655,100.17327352562944,84.95172800024946,2.7273301195934736,-445971628,-0.013023799389959456,-0.030589543418510168,-0.08551942565471482,0.6565510585317156,0.021801508807945427,88.3499984741211,1
2020-07-21,69.29118347167969,88.3499984741211,88.6500015258789,86.80000305175781,88.0,20118152,91.9425006866455,93.40800033569336,104.8870002746582,89.5511631030792,91.46832593173761,-0.5049237473763384,40.94159489169188,23.696675609809013,98.76366393217575,85.12133744111526,2.664663573488304,-425853476,0.013769327908569773,0.007986274227679502,-0.12307693822212318,1.0702045303503973,0.020939428478462092,90.3499984741211,1
2020-07-22,70.8597412109375,90.3499984741211,92.5999984741211,88.69999694824219,88.75,31321718,91.60750045776368,93.3820002746582,104.75350025177002,89.67406085247026,91.38548686080306,-0.2393495416405811,46.95111856524791,42.654016097656225,98.03939473443076,85.1756061810966,2.7779018896677106,-394531758,0.022637238647896796,0.026121468968164585,-0.0690366240798933,1.6345957940561409,0.04316548524343342,90.5500030517578,1
2020-07-23,71.01660919189453,90.5500030517578,91.5999984741211,90.25,90.9000015258789,11161294,91.3300006866455,93.3320002746582,104.61875026702882,89.80882119082219,91.32359917124415,-0.034161210983804535,47.526155634715295,44.54979353634976,97.43314675745907,85.22685461583194,2.675908788557238,-383370464,0.002213664427387796,0.04380406976089679,-0.057752294594030196,0.6865989353007879,0.01490887276226201,89.4000015258789,0
2020-07-24,70.11470031738281,89.4000015258789,90.5,88.55000305175781,90.3000030517578,11352904,90.95000076293945,93.33300033569336,104.48050025939942,89.74592585775399,91.18111045677266,0.0363457363355959,44.53677290862159,36.979204333496725,96.51650712717229,85.38349439870662,2.6276295893745774,-394723368,-0.012700182077537425,0.012457513432658995,-0.07835049973320718,0.7075687029202121,0.021812046028631394,87.6500015258789,0
2020-07-27,68.74219512939453,87.6500015258789,89.5999984741211,87.25,89.55000305175781,10071266,90.58750076293946,93.26900039672852,104.3350002670288,89.42347596054243,90.919546832262,-0.019632429092241832,40.374936522868296,25.714329310825892,96.0205354481334,85.15446607774551,2.6077987954279,-404794634,-0.019574943737483252,0.005737234552446013,-0.07639620530483293,0.6438612076477849,0.02681116295733606,88.55000305175781,1
2020-07-28,69.44804382324219,88.55000305175781,88.80000305175781,86.9000015258789,87.9000015258789,13888285,90.22500076293946,93.2620004272461,104.1907502746582,89.28909551303711,90.74402507074318,0.017207107937007526,43.30900481996644,38.57149396623884,95.16347059204112,85.2865309338378,2.5572418476029717,-390906349,0.010268129038345508,0.0022637756773171702,-0.07567849445769881,0.9011589524109787,0.021456820557853036,88.1500015258789,0
2020-07-29,69.13433837890625,88.1500015258789,89.6500015258789,87.9000015258789,88.5,10732504,89.95250091552734,93.20400039672852,104.05175029754639,89.11385028424354,90.551875178531,0.0272894170844864,42.31242437781985,32.857186453683035,94.71427180903463,85.19073002202005,2.4995817156313307,-401638853,-0.004517238984679706,-0.024349717602622167,-0.058226464071460704,0.7219375309520301,0.019852523762988687,86.5999984741211,0
2020-07-30,67.91868591308594,86.5999984741211,89.0,86.0999984741211,88.55000305175781,10668042,89.61250076293945,93.07800033569336,103.898500289917,88.72710385191701,90.25914357079695,-0.05338032600639275,38.605303749884065,10.714285714285714,94.31174155901132,84.91325996686757,2.5281831306490146,-412306895,-0.017583698524415436,-0.043622357200572504,-0.0728051706709415,0.7265583936829715,0.03348731613136831,87.0,1
2020-07-31,68.2323989868164,87.0,87.5999984741211,86.30000305175781,86.9000015258789,7906179,89.23750076293945,93.01300033569336,103.74725028991699,88.4613955670067,90.0177255285157,-0.062136454908354066,40.064673899821045,17.037059642650462,93.49283463330553,84.98216689257336,2.4404554372000336,-404400716,0.004618955345575992,-0.026845654193687785,-0.07936507936507942,0.5523178156731533,0.014942476119118175,85.5999984741211,0
2020-08-03,67.1343994140625,85.5999984741211,87.19999694824219,85.0,87.19999694824219,14158505,88.7575008392334,92.90600036621093,103.59175029754638,88.02118062963969,89.69048648744943,-0.1400898809672857,36.77022736700825,7.894718349801786,92.32433123463147,85.19067044383533,2.423279830845902,-418559221,-0.016091971561826512,-0.023388511307128046,-0.10084032333887971,0.9811224274290066,0.025700899386199155,85.5999984741211,0
2020-08-04,67.1343994140625,85.5999984741211,87.0,85.3499984741211,86.5,19621505,88.41000061035156,92.75800033569335,103.431000289917,87.6486910672522,89.38748737535104,-0.16766426500510456,36.77022736700825,7.894718349801786,91.77995655427448,85.04004466642864,2.368045666205402,-398937716,0.0,-0.03331456212274131,-0.07509459047505351,1.3557597489588096,0.019275719103870555,85.9000015258789,1
2020-08-05,67.36970520019531,85.9000015258789,86.5999984741211,85.4000015258789,85.9000015258789,9478990,88.15500068664551,92.5820004272461,103.26350028991699,87.37966190704093,89.12915509020496,-0.1426889120562378,38.03648886107944,11.842127718097831,91.47387141819804,84.83612995509297,2.284613614922315,-389458726,0.0035047086110464587,-0.025524673409556886,-0.056043939276056,0.6952557032738532,0.013969696471782565,86.1500015258789,1
2020-08-06,67.5657730102539,86.1500015258789,87.44999694824219,85.5999984741211,86.5,12208873,87.90250091552734,92.39100051879883,103.10725028991699,87.19048338686216,88.90847704840303,-0.08895151234646148,39.1304475162797,15.131602062747767,91.01850513173191,84.78649669932277,2.2535696762936563,-377249853,0.0029103608330516284,-0.00519626970174436,-0.05537275867705638,0.8945071516916743,0.021474154861916818,85.80000305175781,0
2020-08-07,67.29127502441406,85.80000305175781,86.69999694824219,85.3499984741211,86.19999694824219,10339288,87.6725009918213,92.15000061035157,102.94275032043457,86.97656333530765,88.67821971531819,-0.058091384652908085,38.11587837713313,10.526358057595917,90.69483122021715,84.65017076342544,2.1890288761384733,-387589141,-0.004062663585861381,-0.013793068370599904,-0.050884938014124304,0.7627641275258144,0.015734247390489293,88.19999694824219,1
2020-08-10,69.17354583740234,88.19999694824219,88.69999694824219,86.1500015258789,86.80000305175781,12215464,87.58750076293946,91.95600051879883,102.77850028991699,87.16478389114373,88.64279580664589,0.1324424638843793,48.060596167017216,42.10523145680306,90.44562576454423,84.72937576133468,2.239812091877466,-375373677,0.027971955840567997,0.030373814491446938,-0.018909950487012495,0.9191212869117391,0.02891151372555804,88.25,1
2020-08-11,69.2127685546875,88.25,89.5999984741211,87.80000305175781,89.0,11180265,87.61750068664551,91.78600051879883,102.6152502822876,87.33174021558315,88.61369982096842,0.26279581920102135,48.24719896414367,49.242435626968756,90.49017858746494,84.74482278582609,2.208396615483596,-364193412,0.0005669280440809832,0.030957962302768705,0.0068453903442766695,0.8510297042175168,0.02039654869533463,88.69999694824219,1
2020-08-12,69.56568908691406,88.69999694824219,89.1500015258789,87.05000305175781,88.0,14803880,87.65000038146972,91.66600051879882,102.45350025177002,87.54224125137685,88.62009220076648,0.3735235801573291,49.98855793502801,67.2726717862216,90.55602883510025,84.7439719278392,2.2006538911005604,-349389532,0.0050991155608179906,0.03259598803988073,0.007382099647427642,1.113208424279805,0.023675293645686088,87.25,0
2020-08-13,70.53580474853516,87.25,87.5,86.5,87.4000015258789,13723113,87.67500038146973,91.50800048828125,102.2887502670288,87.49728105885733,88.5186038895986,0.34404135904455035,44.762103834391766,48.38708089616644,90.55814125506858,84.79185950787088,2.200606966610677,-363112645,-0.016347204037541085,0.01276840922388911,0.0057636887608070175,1.018268032941141,0.011461318051575931,88.4000015258789,1
2020-08-14,71.46549224853516,88.4000015258789,89.8499984741211,86.69999694824219,87.3499984741211,25402282,87.68000030517578,91.31700057983399,102.1382502746582,87.6361611307068,88.50981852932306,0.39336543293564796,49.29047567181271,70.10314630037172,90.56780240441553,84.79219820593603,2.2684208637012646,-337710363,0.01318053324789581,0.030303011441068062,0.0011324855114951404,1.7971089364540576,0.035633500808897045,95.3000030517578,1
2020-08-17,77.04370880126953,95.3000030517578,96.5,89.4000015258789,89.4000015258789,115111358,88.08750038146972,91.25200057983399,102.0207502746582,88.81521373394541,89.01279516061452,0.8555531239062437,66.85029578774505,89.56524392832868,92.47291761886314,83.70208314407631,2.6849621215883954,-222599005,0.07805431455630618,0.08049893819930687,0.09351694071352101,5.972614704246714,0.07450155557985719,95.0500030517578,0
2020-08-18,76.84159088134766,95.0500030517578,97.8000030517578,94.0500030517578,96.1999969482422,52023697,88.42250061035156,91.19300064086914,101.8965002822876,89.77441209053194,89.45999574514364,1.0940407167709139,65.95908455713177,78.51563012227292,93.75771301190112,83.08728820880201,2.761036255760653,-274622702,-0.0026232947743372037,0.07705385894343109,0.0758348012829817,2.492932903286166,0.03945291824933455,94.6500015258789,0
2020-08-19,76.5182113647461,94.6500015258789,96.5,94.25,96.0,21840924,88.63750076293945,91.12300064086914,101.76500030517577,90.52450277289302,89.8444406177907,1.1677492211879508,64.47794884484371,75.39061894640479,94.57828312175452,82.69671840412438,2.7245336660634636,-296463626,-0.004208327333362405,0.06708009901182566,0.04759272965554562,1.0709258869292597,0.023771790425009258,101.0999984741211,1
2020-08-20,81.73260498046875,101.0999984741211,101.9000015258789,94.25,94.5999984741211,112338263,89.16500053405761,91.18400054931641,101.65850028991699,92.15150211154348,90.67818564418553,1.568802826754862,74.44354675424887,95.26625455901427,97.19688125030233,81.1331198178129,3.076352798907424,-184125363,0.06814576697580566,0.15873923752574326,0.116510160870265,4.413508430692644,0.07566767202115342,105.9499969482422,1
2020-08-21,85.65351104736328,105.9499969482422,107.8499984741211,101.5999984741211,102.6999969482422,107862545,89.99250030517578,91.36500045776367,101.5807502746582,94.27434747103558,91.8094309259675,2.0483223235719947,79.17466761731689,91.55554877387159,100.86026273296133,79.12473787739023,3.3387561704140367,-76262818,0.04797229028012873,0.1985293565546553,0.1851229881419243,3.562316951313603,0.058990091364072406,105.4000015258789,0
2020-08-24,85.20886993408203,105.4000015258789,108.0,103.75,107.0999984741211,49154455,90.88000030517578,91.6090005493164,101.5050002670288,95.98598655639609,92.81613985929428,2.2026019804845762,77.424246260698,88.52097881251598,103.58190543211556,78.178095178236,3.4038450153844626,-125417273,-0.005191084834405224,0.10598109287190427,0.2025099793610301,1.5249767536968342,0.04032258006141011,103.8000030517578,0
2020-08-25,83.91536712646484,103.8000030517578,107.4000015258789,103.1999969482422,106.0,50940674,91.64250030517579,91.8290005493164,101.42100028991699,97.18814294029788,93.62975935503232,2.0729110949186658,72.40898035975597,81.45696836513028,105.47406874870124,77.81093186165033,3.460713555545337,-176357947,-0.01518025095785469,0.09205680924844728,0.17221907932726221,1.494495130534868,0.04046247065659966,102.8000030517578,0
2020-08-26,83.10692596435547,102.8000030517578,104.5999984741211,101.5999984741211,104.5999984741211,30828711,92.37500038146973,92.05500061035156,101.33175029754639,98.05150603436864,94.30903666590088,1.805597502496698,69.38387407745688,77.0419576250319,106.92232055132112,77.82768021161834,3.4278054444349557,-207186658,-0.00963391108477496,0.08610672366075489,0.16619400195447498,0.8785523777602947,0.02918287851109847,102.5999984741211,0
2020-08-27,82.94525146484375,102.5999984741211,103.9000015258789,102.0,103.1999969482422,19363725,93.17500038146973,92.25300064086915,101.2470002746582,98.75127410202288,94.9231819850283,1.5129762008188115,68.76508758456136,75.28603248062186,108.1183772393668,78.23162352357267,3.3186765931095232,-226550383,-0.0019455697636118208,0.014836795476153908,0.1847575090290714,0.5450711196175391,0.01851853366604236,101.5500030517578,0
2020-08-28,82.09638977050781,101.5500030517578,104.25,101.25,103.1500015258789,21358972,93.90250053405762,92.42400070190429,101.1677502822876,99.18184778659749,95.41405761960085,1.1621394006566894,65.46428998175989,70.00001419422232,108.98857006963605,78.81643099847919,3.295913979315986,-247909355,-0.010233873664512116,-0.041528966712796156,0.16724141438802076,0.5900631274860049,0.02954209660112926,96.4000015258789,0
2020-08-31,77.93296813964844,96.4000015258789,102.6999969482422,95.5,102.5999984741211,40298594,94.4425006866455,92.44600067138671,101.05850028991699,98.75387143879463,95.48709050154737,0.5289041367258545,52.22331496588539,46.04651872501817,109.06728401915704,79.81771735413396,3.5747770485250014,-288207949,-0.05071394752449243,-0.08538899307122139,0.12616826219947774,1.07449224290721,0.07468876384103934,99.8000030517578,1
2020-09-01,80.6816635131836,99.8000030517578,101.1500015258789,96.5,97.5,44304572,95.15250091552734,92.42700073242187,100.96600028991699,98.91481476386589,95.80656550526666,0.2962979664622578,58.230018828679505,61.86047931050139,109.36413289308696,80.94086893796772,3.65872154505893,-243903377,0.03526972481391666,-0.03853564433909973,0.16588790690142008,1.1436704479638826,0.046593200237352146,98.9499969482422,0
2020-09-02,79.99446105957031,98.9499969482422,100.5,98.3000030517578,99.8000030517578,20904846,95.80500068664551,92.46500061035157,100.86800025939941,98.9202274076161,96.03941227882041,0.055091069326973496,56.32351545794273,57.51172884920815,109.44427874279518,82.16572263049585,3.5545269310005922,-264808223,-0.008517094965165173,-0.03745142012862779,0.15192078219500083,0.5317915624601595,0.02223342108229629,97.6999969482422,0
2020-09-03,78.9839096069336,97.6999969482422,99.6999969482422,96.9000015258789,99.0,19004282,96.38250045776367,92.49700057983398,100.76975025177002,98.7324996446355,96.16241855062944,-0.20451437237012726,53.5470100429489,44.62363496379531,109.29645734006012,83.46854357546722,3.500631823240785,-283812505,-0.012632643138471678,-0.04775830018277072,0.13406842968997212,0.47930098756253325,0.028659114737195214,94.6999969482422,0
2020-09-04,76.5586166381836,94.6999969482422,97.4499969482422,94.0,96.0500030517578,27339411,96.82750015258789,92.45100051879882,100.65600025177002,98.11211461442115,96.05409102452668,-0.5732575011853784,47.49558154865509,4.999978201730012,108.83360263368155,84.82139767149422,3.5148721893123147,-311151916,-0.030706244562006324,-0.0674545140094609,0.103729528903578,0.675047157683264,0.03643080316177602,92.4000015258789,0
2020-09-07,74.69923400878906,92.4000015258789,96.0,92.0500030517578,94.8000030517578,28474893,97.03750038146973,92.40100051879882,100.53125026702881,97.23332798541465,95.78341772833056,-0.9450966671966037,43.44213678560777,2.1943482199830777,108.57023132048433,85.50476944245513,3.5459525292358784,-339626809,-0.024287175253240423,-0.041493775276820744,0.04761910116733192,0.6892482158346527,0.042748884015287675,90.6500015258789,0
2020-09-08,73.28448486328125,90.6500015258789,93.25,90.3000030517578,93.25,31186005,97.15750045776367,92.29800048828125,100.39925025939941,96.22050853010145,95.40316467629711,-1.2621304563810742,40.602764040903494,1.9773928500923643,108.36741921632883,85.94758169919852,3.503384273450616,-370812814,-0.018939393626631773,-0.09168337921927283,0.027195484712508877,0.7370267600817645,0.03254271261539948,90.4000015258789,0
2020-09-09,73.08238220214844,90.4000015258789,91.25,88.5,90.0999984741211,28307198,97.24250068664551,92.2340005493164,100.27475025177002,95.3250459140672,95.03255999848835,-1.429590715685255,40.19855288736477,9.743597568609776,108.21793979668399,86.26706157660703,3.449571111061286,-399120012,-0.0027578598542949972,-0.08640723280502516,0.01916577943772313,0.6584841696692966,0.030420353468829917,90.5500030517578,1
2020-09-10,73.20364379882812,90.5500030517578,91.5,89.25,91.0,27263673,97.40750083923339,92.17700057983399,100.13850025177003,94.59042393525037,94.70051874317498,-1.4657371513509736,40.58077869007544,10.512836162860504,107.86404206378845,86.95095961467834,3.363887460271194,-371856339,0.001659308886581723,-0.073183153734101,0.037822384547367305,0.6243762632125616,0.024848149355819617,90.0999984741211,0
2020-09-11,72.83982849121094,90.0999984741211,90.9000015258789,89.44999694824219,90.1999969482422,18190992,97.49250068664551,92.08900054931641,99.99850025177003,93.89958924892278,94.3597394639858,-1.4526340467915095,39.759750819368016,8.465599708710547,107.67892615742706,87.30607521586397,3.2271815400830173,-390047331,-0.004969680424853018,-0.04857443107031156,0.019230734376678882,0.4200678540006435,0.016093280823453012,90.8499984741211,1
2020-09-14,73.44615936279297,90.8499984741211,91.9499969482422,89.75,90.4000015258789,22533738,97.27000045776367,92.00200057983399,99.86950023651123,93.43042143741482,94.09975864992175,-1.3294568353883338,41.87062427072711,14.59626519777904,107.82596542631381,86.71403548921353,3.153811212094388,-367513593,0.008324084491692973,-0.01677492452555529,-0.04669469501716483,0.5826283237061549,0.024215707046697173,91.0999984741211,1
2020-09-15,73.64826965332031,91.0999984741211,92.75,90.5500030517578,90.9000015258789,26866105,97.07250022888184,91.97300048828124,99.74625022888183,93.07189482767733,93.87755419245504,-1.17262319012729,42.592738161945704,16.50792681981647,107.93069889416331,86.21430156360036,3.0856816218192322,-340647488,0.0027517887088486237,0.004964114072449455,-0.04155712204959949,0.7179970188193991,0.024149253403853328,89.6500015258789,0
2020-09-16,72.47604370117188,89.6500015258789,91.5999984741211,89.30000305175781,91.5999984741211,20778500,96.82250022888184,91.94600051879883,99.61675022125245,92.54544970432372,93.56440214307902,-1.1087330112839089,39.52581669275088,7.301596989707341,108.11388967663035,85.53111078113332,3.0295611790009502,-361425988,-0.0159165419597026,-0.008296460036953612,-0.052826200944464996,0.5560951617306905,0.0256552747709586,88.6500015258789,0
2020-09-17,71.66761779785156,88.6500015258789,89.44999694824219,88.30000305175781,89.05000305175781,21804215,96.20000038146972,91.89500061035156,99.47825023651123,91.94614998456298,93.20037246773086,-1.0752024445571855,37.519314733880485,2.430545989373942,107.84663080331818,84.55336995962126,2.9095924143666747,-383230203,-0.01115448949224318,-0.020982898529477323,-0.12314537226653921,0.6639872186096034,0.01297229415330203,90.5500030517578,1
2020-09-18,73.20364379882812,90.5500030517578,91.0999984741211,88.69999694824219,89.05000305175781,44757908,95.43000068664551,91.89800064086914,99.35450023651123,91.73135814874679,93.00404880728841,-0.874936495944741,43.39860011493991,17.509729705659595,106.41382558591188,84.44617578737915,2.876764166786354,-338472295,0.021432616956292394,0.004994501501195403,-0.14535152751356362,1.5078596249607703,0.026504709497437353,88.30000305175781,0
2020-09-21,71.38465881347656,88.30000305175781,91.3499984741211,87.3499984741211,91.1500015258789,17714694,94.57500076293945,91.86600067138671,99.22325023651123,91.20345736459464,92.6556009735454,-0.8435115570831071,38.748647212248464,7.224368573396218,104.96766643866637,84.18233508721254,2.956995297730186,-356186989,-0.02484814935581947,-0.028068194443499728,-0.16223907235829138,0.6301675566038443,0.04530011168465493,87.69999694824219,0
2020-09-22,70.89958953857422,87.69999694824219,89.55000305175781,85.30000305175781,88.30000305175781,25113194,93.77000045776367,91.86700057983398,99.08775020599366,90.66446345438656,92.28851919389332,-0.8123389501112818,37.59193493022401,16.6666313453807,103.66183547088333,83.87816544464401,3.0493527764637443,-381300183,-0.006795085875183071,-0.03732164196297705,-0.15510602726560296,0.9363707769055263,0.04846066303181536,85.0999984741211,0
2020-09-23,68.79766845703125,85.0999984741211,88.1500015258789,84.19999694824219,87.6500015258789,24107408,92.88500022888184,91.80800048828125,98.94275020599365,89.8083919189611,91.7560361776139,-0.9087419754058481,32.99545812592267,6.792464346255889,102.5514936890804,83.21850676868327,3.1136850479760994,-405407591,-0.029646505867674477,-0.05075296123050688,-0.17217902774501959,0.9102752609074741,0.046416035822114794,82.6500015258789,0
2020-09-24,66.8170166015625,82.6500015258789,85.6500015258789,82.1500015258789,84.0999984741211,17724521,91.88750038146972,91.72600051879883,98.79275020599366,88.70710108925616,91.0815150923002,-1.0684093758376794,29.353257753782728,3.610108700981135,101.45493857268931,82.32006219025013,3.1412789731206634,-423132112,-0.0287896238798081,-0.0676818939280951,-0.1944444175920158,0.6713404956953497,0.042347246647105014,84.80000305175781,1
2020-09-25,68.55514526367188,84.80000305175781,85.1500015258789,82.3499984741211,83.3499984741211,15999517,91.05000038146973,91.65600051879883,98.65325023651123,88.10600908348718,90.61621790411186,-0.9633633547346601,36.026928585591115,23.87389090239254,100.00008309906946,82.09991766387,3.1169021215947454,-407132595,0.02601332711658455,-0.06350082613153885,-0.1649433726896382,0.6122175144547867,0.033018902723963656,87.5,1
2020-09-28,70.73790740966797,87.5,88.25,85.0999984741211,85.5999984741211,22735756,90.60500030517578,91.66300048828126,98.54075023651123,88.01277691679685,90.38538694825172,-0.6606116524518764,43.274021458505906,50.47169098356585,99.32898325294235,81.8810173574092,3.14069460921242,-384396839,0.03183958550796562,-0.009060056898173463,-0.09232366581954532,0.9002273454798968,0.03600001743861607,85.1500015258789,0
2020-09-29,68.83808898925781,85.1500015258789,88.9000015258789,84.6500015258789,88.5,21328822,89.87250022888183,91.5990005493164,98.40150024414062,87.5723499335787,89.99758062066856,-0.5705858464694866,39.12012342637174,28.3018908665338,97.80997087514791,81.93502958261575,3.21993070855439,-405725661,-0.026857125418526806,-0.029076345622545574,-0.14679359797495373,0.8847643090209143,0.04991191924651151,85.0999984741211,0
2020-09-30,68.79766845703125,85.0999984741211,85.8499984741211,83.4000015258789,85.5999984741211,18475452,89.18000030517578,91.49400054931641,98.25475025177002,87.19198817058523,89.63479675796134,-0.4705309974045937,39.03426396021864,27.830163895252717,96.19144672833579,82.16855388201577,3.164935439960661,-424201113,-0.0005872348897447699,0.0,-0.1399696705535588,0.7702818418780606,0.028789623879808077,84.9000015258789,0
2020-10-01,68.63597869873047,84.9000015258789,85.80000305175781,84.5,85.80000305175781,18244405,88.54000053405761,91.38100051879883,98.10100025177002,86.83937484063041,89.2840711852145,-0.37793500369006017,38.668703579523246,25.943399960989318,94.59537760467033,82.48462346344489,3.0317259836604578,-442445518,-0.00235014044451487,0.027223229987424657,-0.1310132632772164,0.7618558040461508,0.015312167590027079,84.44999694824219,0
2020-10-05,68.27218627929688,84.44999694824219,85.44999694824219,83.80000305175781,85.0,15677842,88.02750053405762,91.28200042724609,97.94850025177001,86.47177824180145,88.92599161210543,-0.3099616235279692,37.81066717737918,21.698073145750968,93.62870408054168,82.42629698757356,2.933030834576452,-458123360,-0.005300407179610556,-0.004127430317449332,-0.10823653991881432,0.6710186475170847,0.01953811670941356,84.1500015258789,0
2020-10-06,68.02965545654297,84.1500015258789,84.6500015258789,83.6500015258789,84.44999694824219,13094249,87.61500053405761,91.2120004272461,97.79150024414062,86.11458182396721,88.57221456868125,-0.25070479835041004,37.21777074493067,21.164027998675955,93.08090420098549,82.14909686712974,2.7949572035352768,-471217609,-0.003552343791642043,-0.03828569684709826,-0.08928571281126418,0.5795143826436805,0.011883541079823593,82.80000305175781,0
2020-10-07,66.93828582763672,82.80000305175781,84.25,82.25,84.19999694824219,19056844,87.22250061035156,91.09700042724609,97.63475025177001,85.60464662824269,88.14464334520544,-0.26645501647929937,34.58926369117758,7.065236320573996,92.88416750999676,81.56083371070636,2.7381745461399,-490274453,-0.016042762324917192,-0.027598337428178188,-0.08659678259222159,0.8666632969134471,0.02415458848171553,82.5999984741211,0
2020-10-08,66.77659606933594,82.5999984741211,83.3499984741211,82.3499984741211,83.0999984741211,11961568,86.83250045776367,90.98600036621093,97.47750022888184,85.14239306607014,87.7339289103103,-0.25439531500536594,34.203851766569,4.89127279904334,92.63769420067351,81.02730671485384,2.6140192214156213,-502236021,-0.0024155141336371644,-0.02937720381699238,-0.0862832181426999,0.5649852332054512,0.012106537753911751,82.9000015258789,1
2020-10-09,67.01911926269531,82.9000015258789,83.1500015258789,81.6500015258789,82.8499984741211,18016087,86.45000038146972,90.9120004272461,97.31850025177002,84.79740975219457,87.37586021516722,-0.19304794699029149,35.3671933862169,12.886601992452404,92.23307859483019,80.66692216810925,2.534446419885934,-484219934,0.0036319982723946875,-0.023557125607239993,-0.08448372466101628,0.8699603053796058,0.01809408893112921,82.75,0
2020-10-12,66.8978500366211,82.75,84.55000305175781,82.4000015258789,83.6500015258789,11714109,86.08250045776367,90.82700042724609,97.15925025939941,84.48242363647232,87.03320390293261,-0.13230220038234464,35.03365415652465,13.92402862857314,91.82508456210661,80.33991635342073,2.5069860703140034,-495934043,-0.0018094272993720573,-0.020130219179096964,-0.08157601108319879,0.5746366071694389,0.025981891551406722,82.6500015258789,0
2020-10-13,66.8170166015625,82.6500015258789,83.4000015258789,82.4000015258789,82.80000305175781,11503196,85.67250061035156,90.76800048828125,96.9965002822876,84.20051254253488,86.70852224537308,-0.071625309408196,34.79804964236418,13.793103448275861,91.16025743916825,80.18474378153488,2.3993442081487175,-507437239,-0.0012084407748772508,-0.01782531161973544,-0.0902586360590637,0.5799817801195495,0.012099213327744291,79.0999984741211,0
2020-10-14,63.947078704833984,79.0999984741211,83.05000305175781,78.0999984741211,82.80000305175781,47114322,85.07250061035157,90.63800048828125,96.81000026702881,83.41581807047122,86.144927891947,-0.23418034243663177,27.681000186612067,9.259256642869556,90.67816607184055,79.46683514886259,2.581534234540718,-554551561,-0.04295224423736099,-0.044686043976639334,-0.13172338310640974,2.2600991638714416,0.06257907298514294,79.0,0
2020-10-15,63.86623764038086,79.0,80.5,78.5,79.0999984741211,20107413,84.54000053405761,90.50000045776368,96.6207502746582,82.73646144424488,85.615673974025,-0.30742644059277024,27.51031728792873,8.333345107086998,90.32563876569046,78.75436230242477,2.5399960749306665,-574658974,-0.0012642032370431266,-0.043583517440971664,-0.11879533011278998,0.9661184133760355,0.02531645569620253,80.30000305175781,1
2020-10-16,64.91719055175781,80.30000305175781,80.5,78.44999694824219,79.0,16578267,84.12250061035157,90.38300048828125,96.4395002746582,82.36162169155456,85.22192057237558,-0.23081023330693684,33.27081165122188,20.37040699982622,89.8664956574926,78.37850556321052,2.504996573275463,-558080707,0.016455734832377278,-0.031363069074364924,-0.09419061850420318,0.8066781265537507,0.025529302289521355,81.6500015258789,1
2020-10-19,66.00857543945312,81.6500015258789,83.1500015258789,80.5,80.94999694824219,21839955,83.67750053405761,90.30000045776367,96.25250026702881,82.252141666066,84.95733397633879,-0.06056293020696746,38.71705190489627,32.87038933919572,88.6936217095937,78.66137935852153,2.529639566193008,-536240752,0.01681193552696314,-0.013293032919892367,-0.09828825208091607,1.1254587036310735,0.0324556212658366,80.6500015258789,0
2020-10-20,65.20014953613281,80.6500015258789,81.94999694824219,80.30000305175781,81.6500015258789,14238188,83.29500045776368,90.14900054931641,96.04800025939942,82.00565856757567,84.63827231334177,0.009612507439774376,36.35036332516832,32.903265183971776,87.99987989913917,78.59012101638818,2.4668077326423914,-550478940,-0.012247397199166676,-0.024198426655488547,-0.08663648087752374,0.7403554962005608,0.02045869640752488,82.30000305175781,1
2020-10-21,66.53406524658203,82.30000305175781,83.80000305175781,80.6500015258789,81.44999694824219,38563701,83.02500076293946,90.03000061035156,95.8525002670288,82.0509423343729,84.46506718285407,0.1824811237797732,42.586581102767205,54.545481568087354,87.28663147997997,78.76337004589894,2.5156072893021424,-511915239,0.020458791006339405,0.040455178753052046,-0.06157347872738561,1.9374770835313768,0.038274622224471797,84.6500015258789,1
2020-10-22,68.43387603759766,84.6500015258789,85.9000015258789,81.4000015258789,82.30000305175781,34256481,83.00250091552735,89.9490007019043,95.6790002822876,82.45079759460461,84.47876602307814,0.4549100350299282,50.08732155259878,83.97436524440462,87.22464181695615,78.78036001409855,2.6573496257805607,-477658758,0.02855405087461782,0.07151900665669508,-0.00528786082621413,1.6782903108253533,0.053160069921844896,86.25,1
2020-10-23,69.72737121582031,86.25,86.5999984741211,84.5,86.0,46258872,83.1825008392334,89.9290007019043,95.5157502746582,83.03529027235776,84.60996853988716,0.7265601567792395,54.45057370194453,95.88237089269302,87.63011512086472,78.73488655760208,2.617538829233456,-431399886,0.018901340168693936,0.07409709492049554,0.04355714951794498,2.118249728253208,0.024347808395606883,85.94999694824219,0
2020-10-26,69.4848403930664,85.94999694824219,88.0,84.30000305175781,87.0999984741211,34724632,83.24000053405761,89.88000061035156,95.34275024414063,83.48370668403228,84.70922990346901,0.8605721638975385,53.5060922001475,79.29290165866094,87.79813526218082,78.68186580593441,2.694857266305508,-466124518,-0.003478296252264479,0.05266375189228145,0.013561248291258599,1.524714910362246,0.04304824990826085,89.44999694824219,1
2020-10-27,72.31436157226562,89.44999694824219,90.05000305175781,87.05000305175781,88.80000305175781,95412168,83.33750038146972,89.76300048828125,95.19025024414063,84.40159749391073,85.06039783271147,1.1418360356268138,61.82548421069391,94.97903034582532,88.31965446596094,78.35534629697851,2.7952250403919447,-370712350,0.04072135106773356,0.10911339436911915,0.02228567940848225,3.612957459918616,0.033538290691456016,88.0999984741211,0
2020-10-28,71.22296142578125,88.0999984741211,90.6500015258789,87.5,89.44999694824219,44763206,83.48500022888183,89.62400039672852,95.03400024414063,84.97058226009693,85.28555343577885,1.188532158996512,57.548116657559156,79.68125552447059,88.8342132587088,78.13578719905486,2.8205662179267277,-415475556,-0.015092213752698425,0.07047381782860573,0.03464470810779274,1.6230285836868117,0.035754842002684056,86.5,0
2020-10-29,69.92948913574219,86.5,88.5,86.0,87.0,41912944,83.55500030517578,89.46100036621094,94.86500022888184,85.20587729700509,85.37551244053597,1.0670945529180387,52.87871817883132,66.93226679895,89.02225563607897,78.0877449742726,2.7976686309319616,-457388500,-0.018161163471428265,0.021854677386574206,0.01645125206793807,1.457744054258883,0.028901734104046242,87.5999984741211,1
2020-10-30,70.81875610351562,87.5999984741211,88.75,86.30000305175781,86.9000015258789,40735912,83.69000015258788,89.19100036621094,94.69425022125245,85.574203631946,85.54028918376449,1.016515315704353,55.549066448318,75.69719274824706,89.41088971616975,77.96911058900602,2.7728349393112635,-416652588,0.012716745365561888,0.015652156221693803,0.031802083624453026,1.3634768128679393,0.027968002179428905,89.19999694824219,1
2020-11-02,72.11224365234375,89.19999694824219,89.5999984741211,87.94999694824219,88.30000305175781,31922062,83.9275001525879,88.85600036621094,94.52275020599365,86.13201798829925,85.81137864779987,1.0425921664177733,59.17323163463843,88.44618147376765,90.12906820514065,77.72593210003514,2.717632443646173,-384730526,0.018264823082088988,0.037812683134323954,0.05624630161811828,1.0401891525654543,0.01849777558665513,85.94999694824219,0
2020-11-03,69.4848403930664,85.94999694824219,92.0,83.05000305175781,91.4499969482422,118128168,84.01749992370605,88.4670002746582,94.33325019836425,86.1040147513674,85.82164667005486,0.8034567257847445,50.21698213835087,55.35054103937667,90.28130417996286,77.75369566744925,3.1628013368316026,-502858694,-0.036434978825008235,-0.03912800580669873,0.021390319545148362,3.2867790115802746,0.10413027650986123,85.0999984741211,0
2020-11-04,68.79766845703125,85.0999984741211,87.0999984741211,84.5,86.1500015258789,47519427,84.13249969482422,88.09300018310547,94.15150020599366,85.94955070871413,85.76819124813385,0.5619584840419887,48.16373819364959,49.077490982677055,90.38711757819337,77.87788181145507,3.1226011323522807,-550378121,-0.009889453220492284,-0.03405221398364988,0.02777772146850732,1.2718129694900193,0.030552274039249875,86.80000305175781,1
2020-11-05,70.17200469970703,86.80000305175781,87.0,85.5999984741211,85.8499984741211,41267817,84.34249992370606,87.77300018310547,93.97950023651123,86.08038953072084,85.844621752106,0.49309344166123964,52.35925187806465,55.55557004633717,90.65892670757671,78.0260731398354,3.035272589032754,-509110304,0.01997655238682161,0.00346824337292273,0.05084751398576115,1.0628133689065937,0.01612904927024141,87.30000305175781,1
2020-11-06,70.57622528076172,87.30000305175781,88.75,86.9000015258789,87.19999694824219,46143960,84.5625,87.4670002746582,93.82475025177001,86.26802238011113,85.95242777430242,0.4583362150840874,53.550058485342284,59.82907543451695,90.96850123373869,78.15649876626131,2.9577529004048566,-462966344,0.005760368461068532,-0.003424605337771891,0.053076012604238,1.1468543495701777,0.02119127616781731,89.44999694824219,1
2020-11-09,72.31436157226562,89.44999694824219,89.8499984741211,87.69999694824219,88.6500015258789,42703600,84.8974998474121,87.2250001525879,93.68625022888183,86.75755692905437,86.21150697237204,0.5510332527661709,58.3687986847783,77.53300973941077,91.58393733305515,78.21106236176907,2.92862736625903,-420262744,0.024627649728828693,0.002802690678846753,0.0809667304923527,1.0219909471656305,0.024035792054000252,91.5,1
2020-11-10,73.97164154052734,91.5,91.75,89.55000305175781,89.80000305175781,43483223,85.33999977111816,87.12700012207031,93.58300022125245,87.4871635553537,86.60324719664077,0.711119723837416,62.37661802207429,95.28301818891103,92.52565029361219,78.15434924862413,2.8837256295089433,-376779521,0.02291786608940849,0.06457246362789215,0.10707801948860252,1.0022936509226035,0.024043682494450137,92.9000015258789,1
2020-11-11,75.10346221923828,92.9000015258789,93.5,91.6999969482422,92.0,51801855,86.02999992370606,86.98900009155274,93.48000022888183,88.31990785851143,87.069673443251,0.8619502243079205,64.86430871115255,94.2583861307058,93.33563984490567,78.72436000250644,2.8206023702583045,-324977666,0.015300563124359678,0.0916569117698609,0.17446274738264012,1.1876231162703608,0.01937570529809277,90.8000030517578,0
2020-11-12,73.4057388305664,90.8000030517578,92.5999984741211,90.4000015258789,92.4000015258789,33374610,86.62000007629395,86.82600021362305,93.36025024414063,88.70146096516471,87.34599415499224,0.7737460953759767,58.60471350125306,74.16270108388527,93.44981560241716,79.79018455017074,2.79770220095414,-358352276,-0.022604934764571705,0.04608294768854826,0.1493671272374404,0.7536927582799882,0.02422904046587031,91.4499969482422,1
2020-11-13,73.93122863769531,91.4499969482422,92.3499984741211,89.19999694824219,90.0,24025139,87.17749977111816,86.70100021362305,93.25175022125244,89.12431265486894,87.64999436189964,0.7140780625382435,59.89479221403771,80.38274018728174,93.66444496593321,80.69055457630311,2.8228664384487665,-334327137,0.007158522848439652,0.04753715637356826,0.13885421510255225,0.5380312795803519,0.03444506977580007,90.9000015258789,0
2020-11-14,73.48658752441406,90.9000015258789,92.4000015258789,90.3000030517578,90.5500030517578,12521960,87.63999977111817,86.62500030517577,93.14600021362304,89.39749555810124,87.89073563330551,0.5972157554917386,58.24082345251229,75.11962456067086,93.79512685779548,81.48487268444086,2.7712330124253626,-346849097,-0.00601416556278922,0.016210225009574142,0.11328842409229134,0.283379863326261,0.023102293056873557,88.69999694824219,0
2020-11-17,71.7080307006836,88.69999694824219,92.4000015258789,88.25,91.75,55324429,88.04249954223633,86.55100021362304,93.02350021362305,89.29018807966139,87.95068091589341,0.34397039557118747,52.049238792150625,54.06694302848357,93.3046539393973,82.78034514507536,2.869716477672044,-402173526,-0.024202470194792935,-0.030601126248719246,0.09981395251158443,1.1964054277226204,0.046786941022111825,88.30000305175781,0
2020-11-18,71.38465881347656,88.30000305175781,89.55000305175781,88.0999984741211,88.69999694824219,37574681,88.34249954223633,86.50400024414063,92.89675022125245,89.13785192152238,87.97655662966115,0.13260681893155812,50.98789554825242,50.23924912134172,92.89752723945311,83.78747184501954,2.7683084848123776,-439748207,-0.004509514207962972,-0.04951559094258662,0.07290400701718869,0.813432304029186,0.016421342327551065,89.80000305175781,1
2020-11-19,72.5973129272461,89.80000305175781,91.9000015258789,88.0,88.4000015258789,55196018,88.59999961853028,86.49200027465821,92.78150024414063,89.23972132617399,88.11162673500165,0.07952489459413092,54.71695794048852,64.59332029886792,92.86391884163234,84.33608039542821,2.8491437020314154,-384552189,0.01698754188174556,-0.011013215488880124,0.06083876471407357,1.168423552612224,0.04342985961404781,91.8000030517578,1
2020-11-20,74.21417999267578,91.8000030517578,92.0999984741211,89.9000015258789,90.25,47670803,88.87749977111817,86.5170002746582,92.68925025939942,89.63361082241765,88.3848397955021,0.16016106426986987,59.176867444308016,83.73208186890274,93.21529720247767,84.53970233975866,2.809918824912263,-336881386,0.022271714165168266,0.0038272948627180448,0.06434786146965554,1.0076193147387997,0.023965107571966054,93.6500015258789,1
2020-11-23,75.70977783203125,93.6500015258789,94.4000015258789,92.0,92.9000015258789,54262598,89.2625,86.58800033569337,92.5975002670288,90.25151708448863,88.77485177553002,0.31044427705033817,62.824211240986095,92.42424359188756,93.85214986625367,84.67285013374634,2.7949245141414663,-282618788,0.020152488154908443,0.030253024794692385,0.08958702560831444,1.123746363660669,0.02562735170074395,94.1500015258789,1
2020-11-24,76.1139907836914,94.1500015258789,94.8000030517578,93.75,94.25,35713773,89.49750022888183,86.65400039672852,92.51225028991699,90.8512839216256,89.17301101629661,0.4096414987365744,63.76645764070878,92.93476953849664,94.55857607068444,84.43642438707923,2.677430014979854,-246905015,0.005339028209858876,0.061443120238401816,0.05254337325865133,0.7883433226971758,0.011152448589915159,93.9499969482422,0
2020-11-25,75.95230102539062,93.9499969482422,94.9000015258789,92.8499984741211,94.4499969482422,32464332,89.7900001525879,86.71100036621094,92.4220002746582,91.32800900264354,89.52686182607036,0.42601261598461937,63.07774968293067,88.12494277954119,95.16090389695688,84.4190964082189,2.6326138033211364,-279369347,-0.0021243183685103473,0.06398633863209047,0.06640179994826578,0.7264767479675248,0.02182015027512109,94.0999984741211,1
2020-11-26,76.07357025146484,94.0999984741211,94.8000030517578,93.4000015258789,93.9499969482422,30825401,90.17000007629395,86.80000030517579,92.3145002746582,91.7544689213324,89.86561268888894,0.4109773374839174,63.39704998013621,88.88885356764037,95.6307146969941,84.70928545559379,2.5445700692181186,-248543946,0.0015966102261986137,0.04788413447920381,0.08786125403608191,0.6984662067434346,0.014877806042302046,94.6999969482422,1
2020-11-27,76.5586166381836,94.6999969482422,97.0500030517578,91.8000030517578,95.75,216981706,90.525,86.92100021362305,92.22050025939942,92.20762707931853,90.22371522661882,0.4048263661921312,64.71161507058497,74.03309048543193,96.190553553744,84.85944644625602,2.7378150642739674,-31562240,0.006376179424552486,0.031590346406081826,0.08105021230358345,4.098225824599078,0.05543822776329508,93.75,0
2020-12-01,75.79061889648438,93.75,96.1999969482422,93.4499969482422,94.6999969482422,35330973,90.75250015258788,86.98500015258789,92.10500026702881,92.44491522096183,90.48492150612854,0.3047265826605714,60.977462150591585,63.535890177221184,96.55081630257467,84.9541840026011,2.738685416825827,-66893213,-0.010031647084016493,0.001067789348550674,0.0510090045675442,0.6651697571289702,0.029333333333333333,94.8000030517578,1
2020-12-02,76.63948059082031,94.8000030517578,95.1999969482422,93.8000030517578,94.6500015258789,27650080,91.19500045776367,87.1150001525879,91.99500026702881,92.80723642569967,90.80455717617515,0.2779296938814413,63.485468476696084,75.13812993065258,96.80756605943662,85.58243485609071,2.646636240498425,-39243133,0.011200032552083128,0.006903892887354157,0.10296691585509832,0.5690274706065878,0.014767867630975193,98.5500030517578,1
2020-12-03,79.67110443115234,98.5500030517578,99.1500015258789,95.3000030517578,95.8499984741211,43841111,91.86750068664551,87.3320002746582,91.9120002746582,93.69073898355477,91.37829390769978,0.47015641616952264,70.72266076516293,94.61884850214123,97.61913255917601,86.11586881411502,2.7683049714714736,4597978,0.03955696075191706,0.048962280499591504,0.15804941032668585,0.9056601892557278,0.03906644703094646,98.5500030517578,0
2020-12-04,79.67110443115234,98.5500030517578,99.8000030517578,97.5,99.1999969482422,34813873,92.4550006866455,87.60100036621094,91.84125030517578,94.43831807097061,91.90953162207445,0.5491982313685577,70.72266076516293,89.40678240067241,98.41284470215452,86.4971566711365,2.7348548343490684,39411851,0.0,0.04729016631026317,0.13536865883511084,0.7240038197818898,0.02333843714393243,99.75,1
2020-12-07,80.64122009277344,99.75,101.1500015258789,98.6999969482422,99.0,27049393,93.07750053405762,87.94300033569336,91.788500289917,95.2554999062059,92.49030705747634,0.6284837049615652,72.72865283264302,89.35360179902843,99.34443630413323,86.81056476398201,2.725222237189928,66461244,0.012176528778106377,0.053326327502606574,0.1426116439063687,0.5739257101825399,0.024561449399866712,98.1999969482422,0
2020-12-08,79.38813781738281,98.1999969482422,100.8499984741211,97.8000030517578,100.5500030517578,30386160,93.51500053405762,88.21100021362305,91.7315002822876,95.70849945113457,92.91324704938492,0.5268346063853282,66.40011297407123,77.56650771613096,99.92788571905034,87.1021153490649,2.748420321845169,36075084,-0.01553887771185758,0.04746663411458352,0.09782001451674693,0.6532606137806706,0.031059017486231102,98.3000030517578,1
2020-12-09,79.46900177001953,98.3000030517578,99.9000015258789,97.9000015258789,99.25,24061383,93.85500068664551,88.4270002746582,91.6627502822876,96.10719231276892,93.31226601252365,0.4212068039047545,66.60204097264125,78.3270103162165,100.52057645842163,87.18942491486939,2.694961727427657,60136467,0.001018392124475298,0.03691983003512256,0.0743169732432547,0.5283163493451919,0.020345879327663317,97.1500015258789,0
2020-12-10,78.539306640625,97.1500015258789,99.3499984741211,96.5,98.4000015258789,25985382,94.0675006866455,88.6670002746582,91.59175029754638,96.26762449940122,93.59654271721664,0.23788982867526043,61.98857847778226,64.44444444444444,100.86737397928748,87.26762739400353,2.7060357807629023,34151085,-0.011698896136080328,-0.014206001852111738,0.045748115502625586,0.5872045711390393,0.02933606206235528,102.4000015258789,1
2020-12-11,82.78356170654297,102.4000015258789,102.9000015258789,97.6500015258789,97.9000015258789,63463638,94.64750061035156,89.01300033569336,91.55525032043457,97.21106711885933,94.24865077711755,0.4233795105859679,71.64497450390691,95.49549487627664,102.17368709743486,87.12131412326825,2.923461796422695,97614723,0.054040143258273554,0.03906644703094653,0.1277532828661787,1.3869668364654069,0.051269530486024464,104.5999984741211,1
2020-12-14,84.5621109008789,104.5999984741211,105.3499984741211,103.0,103.4499969482422,45802433,95.30500068664551,89.4070002746582,91.52775032043456,98.3478257888996,95.01541727319189,0.6346973476415152,74.56134418752498,94.46494277952169,103.83025109052669,86.77975028276434,2.9253571644098018,143417156,0.02148434487753592,0.048621538587680035,0.14379444466598912,0.9777233230469389,0.02246652493692438,105.8499984741211,1
2020-12-15,85.5726547241211,105.8499984741211,106.4000015258789,102.8499984741211,105.0999984741211,52215593,96.05250053405761,89.83500030517578,91.51150032043456,99.50200620201059,95.8179788436311,0.7890529522506387,76.06751082018069,96.23285541616522,105.47605944285921,86.62894162525602,2.969974727791803,195632749,0.011950286981211145,0.07790225828531283,0.16446641031118103,1.0693192158177252,0.033538054822227895,104.9000015258789,0
2020-12-16,84.80464935302734,104.9000015258789,107.25,104.5500030517578,106.9499969482422,25184934,96.86250076293945,90.25000030517577,91.49075031280518,100.33246702106726,96.49072126453834,0.7574170803200526,72.55171669318175,84.78965088476305,106.40309057639801,87.32191094948088,2.950690600681117,170447815,-0.008974935870919687,0.06714138625861499,0.18263816386701426,0.532184232183006,0.02573876938958967,104.4499969482422,0
2020-12-17,84.44084930419922,104.4499969482422,105.6500015258789,104.0,105.6500015258789,16840984,97.67000045776368,90.68300018310546,91.4802502822876,100.96593316370955,97.08029724110898,0.6410457971133603,70.88050885854084,81.87699932150235,106.90392579976765,88.4360751157597,2.8577842381952445,153606831,-0.004289843385042125,0.07514148541128662,0.1828991318043096,0.36383808989561317,0.01579704714301262,103.75,0
2020-12-18,83.87494659423828,103.75,104.8000030517578,102.8499984741211,104.5500030517578,33596568,98.36750030517578,91.10600021362305,91.4795002746582,101.39425113852347,97.57434929732314,0.4602493725704986,68.24702656436712,74.63768676808965,107.21765624311013,89.51734436724144,2.7929428338696347,120010263,-0.0067017421607878935,0.013183578652388173,0.15534517231811074,0.7431708907192959,0.01879522484469113,97.5,0
2020-12-21,78.82225036621094,97.5,103.9499969482422,94.75,103.6999969482422,34210970,98.65250015258789,91.39800018310547,91.42250026702881,100.79513557875063,97.56884194196587,-0.10668706547606055,50.283316267358266,27.509277232406802,106.99063350453306,90.31436680064272,3.250589556324818,85799293,-0.06024096385542166,-0.06787761546552695,0.0620914679602842,0.7681977959152919,0.09435894305889438,98.9000015258789,1
2020-12-22,79.95404815673828,98.9000015258789,99.8000030517578,96.5,97.3499984741211,29181188,98.9150001525879,91.72100021362304,91.37725028991699,100.50357649369344,97.66744635558906,-0.39748045132515264,53.25164384637731,33.20001220703125,106.93099015250253,90.89901015267326,3.2541190917128877,114980481,0.014358990009014416,-0.06565892346178326,0.05605979620351875,0.6742419642793964,0.03336706775372794,98.5500030517578,0
2020-12-23,79.67110443115234,98.5500030517578,99.4000015258789,97.8000030517578,99.0500030517578,17602151,99.13500022888184,92.03900024414062,91.33075031280518,100.20302673339565,97.73282092567563,-0.6107238253676099,52.40920273276266,30.400024414062386,106.85174162267425,91.41825883508942,3.1359676190277606,97378330,-0.0035389127272108523,-0.06053382632749116,0.04673395065925168,0.4153957518040076,0.01623539750963579,99.9499969482422,1
2020-12-24,80.80290222167969,99.9499969482422,101.5,99.0,99.3000030517578,23052394,99.43500022888183,92.45600021362304,91.304750289917,100.16409907414126,97.89705618660648,-0.6511093964422763,55.445490150058816,41.59997558593761,106.77966426919942,92.09033618856425,3.1226839996859352,120430724,0.01420592443563029,-0.043082816002664615,0.06386375939219513,0.5501263688617665,0.025012507016829548,100.4499969482422,1
2020-12-28,81.20712280273438,100.4499969482422,101.5500030517578,100.0,100.8499984741211,15454893,99.75250015258788,92.88500015258789,91.29250026702881,100.20808336246448,98.0861629096906,-0.6369854649625468,56.51260661740485,45.59997558593761,106.68463257936128,92.82036772581449,3.0139212928166255,135885617,0.005002501403365889,-0.0318072583301956,0.06748138764175904,0.3757088589505969,0.015430593318548848,98.5999984741211,0
2020-12-29,79.7115249633789,98.5999984741211,101.0500030517578,97.9499969482422,100.5,23647197,99.94750022888184,93.25100006103516,91.27025024414063,99.96068568733472,98.12422480335212,-0.737956027003063,51.58920735817607,30.79998779296875,106.50969911043775,93.38530134732592,3.020070207866552,112238420,-0.018417108315835318,0.011282035632011134,0.04118269959407095,0.751454573004694,0.03144022466013765,99.0999984741211,1
2020-12-30,80.11573028564453,99.0999984741211,99.6500015258789,98.1999969482422,99.0,30281285,100.21500015258789,93.6,91.29400024414062,99.82827226991724,98.1965043345202,-0.7541191804708984,52.78641643063095,34.79998779296875,106.15116721154345,94.27883309363233,2.907922662850134,142519705,0.005070993993283146,0.002022213803402728,0.05706665039062497,0.9700540399362437,0.014631731583884512,99.3499984741211,1
2020-12-31,80.31784057617188,99.3499984741211,100.25,98.0,98.0999984741211,50363279,100.44249992370605,93.97399993896484,91.30050022125243,99.75469168594859,98.28194834486101,-0.7305150198242849,53.40686308078459,36.79998779296875,105.85694926124208,95.02805058617002,2.8609281869322674,192882984,0.002522704377894369,0.008117660046577102,0.04799573075835384,1.556740944983688,0.02264720719231903,99.0500030517578,0
2021-01-01,80.07533264160156,99.0500030517578,100.1999969482422,98.8000030517578,99.9499969482422,13493039,100.46749992370606,94.30899993896485,91.34175022125244,99.64627804991923,98.33884128611261,-0.7166572776841944,52.515036417471954,34.400024414062386,105.8512961916154,95.08370365579671,2.7565757376145625,179389945,-0.003019581549781658,-0.00900444146036794,0.005073566560291232,0.4375978334037043,0.014134213562344341,99.0500030517578,0
2021-01-04,80.07533264160156,99.0500030517578,100.0,98.5,99.75,22325584,100.49249992370605,94.59699996948243,91.39650024414063,99.55454343481748,98.39151993541965,-0.6888564336743934,52.515036417471954,34.400024414062386,105.8450005430395,95.1399993043726,2.6668203277849507,201715529,0.0,-0.0139372218916618,0.005073566560291232,0.7390149403362917,0.015143866267386048,97.5999984741211,0
2021-01-05,78.90309143066406,97.5999984741211,98.4000015258789,97.0,98.4000015258789,23510160,100.3849998474121,94.82399993896485,91.48175022125244,99.25384421009495,98.3328887160642,-0.7447395512331736,48.02003373157818,22.79998779296875,105.87736632409424,94.89263337072997,2.622761950925868,178205369,-0.014639116940551866,-0.010141987986566403,-0.021553900008811078,0.7828119310547829,0.014344278153345673,97.8499984741211,1
2021-01-06,79.10519409179688,97.8499984741211,99.0,97.25,98.0,21952878,100.36749992370605,95.06199996948243,91.57925022125244,99.03786794302205,98.29711906851287,-0.739956936603795,48.8332193621041,28.440348992255117,105.88975158254088,94.84524826487122,2.5604218115740203,200158247,0.002561475449882167,-0.01261352188947229,-0.003564139358431806,0.7413683453135782,0.017884517396930075,97.0,0
2021-01-07,78.41802978515625,97.0,98.5,96.8499984741211,98.0999984741211,24999580,100.30249977111816,95.21300003051758,91.65800022125244,98.72434979794173,98.20103617454896,-0.7659137501761666,46.18751611401064,22.388052903192534,105.94975271288439,94.65524682935194,2.495391791167226,175158667,-0.008686749998732979,-0.023653734375579494,-0.013224852608329063,0.8429228517240245,0.01701032500906089,100.1500015258789,1
2021-01-08,80.9645767211914,100.1500015258789,100.5,97.3499984741211,97.5999984741211,43240591,100.45249977111817,95.45400009155273,91.77675022125244,98.94368083300898,98.34540397835119,-0.5527604151289089,55.75444820491942,58.69568822966466,105.91312866292176,94.99187087931458,2.567149520369567,218399258,0.03247424253483411,0.011105486524279229,0.030880081861870634,1.4167503628190259,0.031452835525568525,99.0,0
2021-01-11,80.03489685058594,99.0,101.25,98.6999969482422,100.75,22036573,100.28249969482422,95.70400009155273,91.88400020599366,98.95234532023836,98.39389257254739,-0.4740676176765821,52.111950263537594,49.50492057880645,105.70156477012095,94.8634346195275,2.565924772611584,196362685,-0.0114827908972297,-0.0005048263525208041,-0.033203139406395854,0.774582503382111,0.025757606583412102,100.1500015258789,1
2021-01-12,80.9645767211914,100.1500015258789,101.0,98.3000030517578,99.0,24262426,100.05999984741212,95.95500015258789,91.98625022888183,99.13660012110614,98.52397471723862,-0.335915969200028,55.25972147928311,70.21276250367286,105.10416415609754,95.01583553872669,2.5755013565851996,220625111,0.01161617702907991,0.02612708085680926,-0.04254299247760651,0.8863759440784268,0.02695952977638766,102.5500030517578,1
2021-01-13,82.90484619140625,102.5500030517578,104.3499984741211,100.1500015258789,100.25,49236964,99.89500007629394,96.2220002746582,92.10075023651123,99.6617390335141,98.82219903831411,-0.08720110229405498,61.01852269419667,76.00006103515607,104.35256670475971,95.43743344782817,2.69153675598927,269862075,0.023964068789941395,0.04803275064822543,-0.031176149928524577,1.808607820972225,0.04095560042180024,102.1999969482422,0
2021-01-14,82.62188720703125,102.1999969482422,103.8499984741211,101.6999969482422,103.6999969482422,29301114,99.7599998474121,96.5470002746582,92.19675022125244,100.05224025116458,99.07240629090138,0.04247429021532223,59.809451137567386,71.33331298828143,103.74115473185051,95.7788449629737,2.652855668124243,240560961,-0.0034130286991698178,0.053608215961259864,-0.025738842119755412,1.0682339714879652,0.02103719755459221,100.4499969482422,0
2021-01-15,81.20712280273438,100.4499969482422,103.5999984741211,99.9000015258789,102.5,24067229,99.55999984741212,96.85400024414062,92.29025020599366,100.11343358917652,99.174450043297,0.0012991006653222392,54.043380757237806,47.999979654948106,102.93425515081755,96.18574454400668,2.7276514738469535,216493732,-0.01712328818254527,0.002995460986446208,-0.038295836446813,0.8660141583565569,0.036834216631670434,97.5500030517578,0
2021-01-18,78.86266326904297,97.5500030517578,100.9000015258789,96.8000030517578,100.4499969482422,23613664,99.25,97.06900024414062,92.35700023651123,99.71905966034288,99.05412063651633,-0.21819633711012232,46.1101455010401,9.933780857382764,102.13062430715087,96.36937569284913,2.8256762595808214,192880068,-0.028870024734581667,-0.014646433820628246,-0.059759006730045305,0.8652337664227541,0.042029711387561335,99.6500015258789,1
2021-01-19,80.56037139892578,99.6500015258789,100.8499984741211,97.5500030517578,98.0,22934496,99.35750007629395,97.31600021362304,92.45025024414062,99.70843533196381,99.0982599616543,-0.218367992501732,51.64556702130984,37.7483470477258,102.12720612161296,96.58779403097493,2.8595561997795693,215814564,0.021527405519473852,-0.004992511157084656,0.02205129770132208,0.8580753601463239,0.0331158592256147,98.3000030517578,0
2021-01-20,79.46900177001953,98.3000030517578,99.6999969482422,98.0,99.5999984741211,25599184,99.32750015258789,97.49300033569335,92.54400024414062,99.49175344270135,99.03912982018049,-0.3007357922323016,48.21677732502275,19.86756171476553,102.12919082117381,96.52580948400197,2.776730538955472,190215380,-0.013547400436020207,-0.04144319720648859,-0.006066718552720229,0.9642336976139169,0.017293966383165868,96.0999984741211,0
2021-01-21,77.69043731689453,96.0999984741211,99.1500015258789,95.5999984741211,98.6999969482422,22667011,99.20499992370605,97.58500030517578,92.61675022125245,98.9699449859967,98.82141638713905,-0.4838646527164082,43.1850591576194,5.714285714285714,102.3278029028705,96.08219694454161,2.831964289869925,167548369,-0.02238051382845163,-0.05968687530597838,-0.024860522595316237,0.8457216032128495,0.036940719127209955,94.0500030517578,0
2021-01-22,76.03317260742188,94.0500030517578,96.5,92.9000015258789,96.3000030517578,26029669,98.91000022888184,97.60800033569336,92.66100025177002,98.21303084226764,98.467978362296,-0.7098726172819302,39.09138581680539,10.043684125657704,102.7319884030575,95.08801205470618,2.8868238744592944,141518700,-0.02133189859430995,-0.06371323136806128,-0.05902945549402705,0.9658202945564504,0.03827749449556036,93.1999969482422,0
2021-01-25,75.34598541259766,93.1999969482422,95.3000030517578,92.6999969482422,95.0500030517578,18599824,98.54750022888183,97.65600021362305,92.69150024414063,97.44179485857143,98.07775751681052,-0.8727102043941378,37.50389971835734,4.291844931430422,103.0339774791745,94.06102297858916,2.866336890820459,122918876,-0.009037810483087605,-0.044592577831161995,-0.07217521374077918,0.686135608161968,0.027897062109985767,91.3000030517578,0
2021-01-27,73.80996704101562,91.3000030517578,93.0999984741211,90.8000030517578,93.0,22812859,98.18250045776367,97.65300033569336,92.70475025177002,96.49690381136932,97.57570163051031,-1.0524362922368249,34.16414714719555,3.6900381469855397,103.66887181222573,92.6961291033016,2.8330266769393124,100106017,-0.02038620127358537,-0.08379325987218,-0.07403646587559809,0.8428488423352678,0.025191624813631523,91.5999984741211,1
2021-01-28,74.052490234375,91.5999984741211,92.6500015258789,90.3499984741211,90.8000030517578,32227832,97.80750045776367,97.6670002746582,92.71325023651123,95.74353375948499,97.13305695225925,-1.0905293326960799,35.14616778124767,8.928571428571429,103.97477510626034,91.640225809267,2.79495356085492,132333849,0.00328582050751125,-0.06815874231569408,-0.07568113133683396,1.1864302215878724,0.025109204040080976,88.94999694824219,0
2021-01-29,71.91014099121094,88.94999694824219,92.5999984741211,88.1500015258789,92.0,36962884,97.28750038146973,97.6720002746582,92.68250022888184,94.69837425006301,96.5269043593691,-1.2236289993823228,30.7787450065846,4.938244278188499,104.5103038490127,90.06469691392675,2.913170945668296,95370965,-0.028930148144353796,-0.0744016819917468,-0.10468043971422825,1.3951586461586067,0.05002807308505622,92.0,1
2021-02-01,74.3758544921875,92.0,92.4000015258789,88.4000015258789,89.3499984741211,29033297,96.93500022888183,97.74600021362305,92.66500022888184,94.28323975005333,96.19157811052693,-1.0427498004398748,40.01744843079297,23.765427156693665,104.4610957255326,89.40890473223106,2.990801592406275,124404262,0.03428896184822272,-0.021796948274734662,-0.07117620226698906,1.064633714387057,0.043478260869565216,94.1500015258789,1
2021-02-02,76.1139907836914,94.1500015258789,95.3499984741211,92.9000015258789,92.9000015258789,29279584,96.69000015258788,97.83300018310547,92.64125022888183,94.2627415617188,96.04035021536782,-0.7296160748922345,45.53575959504577,37.037044014079534,104.24371509572426,89.13628520945151,3.0164585125287617,153683846,0.023369581803031503,0.01019318249725143,-0.049469978545265025,1.060148074991313,0.026022271997189077,96.9499969482422,1
2021-02-03,78.37759399414062,96.9499969482422,98.0999984741211,94.3000030517578,95.0999984741211,31420256,96.65750007629394,97.93600006103516,92.63950019836426,94.67616546733778,96.10773145484,-0.306858726996347,51.76006888793084,56.05093715224298,104.20086038188964,89.11413977069824,3.083139829365435,185104102,0.02973972784900769,0.06188383031358091,-0.006659851803698991,1.1215953782508097,0.03919541559544312,99.0500030517578,1
2021-02-04,80.07533264160156,99.0500030517578,100.1999969482422,97.0,97.3000030517578,39264443,96.71750030517578,98.04400009155273,92.64675022125245,95.34906355724856,96.32567749905614,0.11847465495863418,55.836594610521196,70.55018562394623,104.31672975308231,89.11827085726924,3.0950584129821896,224368545,0.021660713456615133,0.08133192905829012,0.012263715854365254,1.3595968887798995,0.03230688389348225,99.5,1
2021-02-05,80.43911743164062,99.5,102.0,98.1500015258789,100.4000015258789,54911202,96.84250030517578,98.15100006103516,92.66825023651123,95.9876691638257,96.56081249912606,0.417556209172689,56.681352185341666,81.94945649509432,104.53784226617752,89.14715834417403,3.1489827030635396,279279747,0.004543129069941143,0.11860599678150185,0.025773195876288568,1.8077729182456692,0.03869345200121702,100.3000030517578,1
2021-02-08,81.08586883544922,100.3000030517578,100.9499969482422,96.0999984741211,96.1999969482422,53737961,96.85000038146973,98.27800018310546,92.70275024414063,96.65110514658448,96.83778957709877,0.6432120911670053,58.21170290799206,87.7256524510189,104.55850315929308,89.14149760364637,3.2704838295676515,333017708,0.008040231675957799,0.0902174244756282,0.0014977685830601661,1.7390968888997511,0.04835491851000606,99.9499969482422,0
2021-02-09,80.80290222167969,99.9499969482422,101.1999969482422,99.5,100.4000015258789,28074809,96.89750022888184,98.3950001525879,92.74075023651123,97.15862696222413,97.06832345644273,0.736160021970162,57.25863093500614,85.19853229162258,104.6698541969251,89.12514626083858,3.158306195187262,304942899,-0.0034895921522054563,0.06160377406652562,0.009595928770123274,0.8997806904654078,0.017008474238598754,99.8499984741211,0
2021-02-10,80.72205352783203,99.8499984741211,100.5,98.6500015258789,100.0,19070866,96.88250007629395,98.49800018310548,92.78825023651123,97.57268411790058,97.27437345775225,0.7553337410696694,56.971634493221124,84.47652156860369,104.63080843531542,89.13419171727249,3.0648556436825354,285872033,-0.0010004850142505406,0.02991234262159992,-0.0029955371661206653,0.6163372553419454,0.01852777668895581,97.3000030517578,0
2021-02-11,81.09712982177734,97.3000030517578,97.9000015258789,96.25,97.9000015258789,18452535,96.62000007629395,98.56900024414062,92.82375026702881,97.53073318464784,97.27627194619711,0.5691874554976547,50.07848851168895,66.0650002451321,103.92557337193665,89.31442678065125,3.103080131571004,267419498,-0.025538262006325363,-0.017667843978617093,-0.05119453772566229,0.6275724395051797,0.016957877431938044,95.9499969482422,0
2021-02-12,79.97193908691406,95.9499969482422,97.9000015258789,94.8000030517578,97.8000030517578,21660998,96.30750007629395,98.59200012207032,92.82825023651122,97.28754299443159,97.17802935375602,0.33939188617799776,46.846867887918336,56.317662683773506,103.15171544389725,89.46328470869065,3.1028600131817257,245758500,-0.013874676887702386,-0.03567842263073162,-0.061154600651947444,0.7463897004359096,0.03230847913203503,95.1999969482422,0
2021-02-15,79.3468246459961,95.1999969482422,96.6999969482422,95.0,96.4499969482422,12574055,96.04500007629395,98.525,92.84700023651124,96.9663820642486,97.03150843482906,0.13180149993757348,45.10542918205798,50.902499632301804,102.63141910085089,89.458581051737,3.0026555085431883,233184445,-0.007816571379408832,-0.05084751693261502,-0.052264809950219426,0.4420266754268232,0.017857111373296014,98.0,1
2021-02-16,81.68055725097656,98.0,99.1500015258789,95.5,95.8499984741211,32865663,96.06749992370605,98.51399993896484,92.87400024414063,97.12540020821037,97.10324855076765,0.17526362236860119,52.24294516688555,71.11913039215092,102.67736291348267,89.45763693392944,3.0703232991927254,266050108,0.02941179770499458,-0.019509724940281692,0.004612987536283697,1.1368672563701108,0.037244913529376596,99.3499984741211,1
2021-02-17,82.80574798583984,99.3499984741211,100.1500015258789,97.0,97.8499984741211,28774857,96.05249977111816,98.50599990844727,92.89725025177002,97.46764609527355,97.26967447101606,0.2808668713466978,55.263190125464696,80.86641286762256,102.63106226805388,89.47393727418245,3.076014601098881,294824965,0.013775494633888608,-0.005007511343423698,-0.003010567457742641,0.9854069174358063,0.03170610542786697,103.4000015258789,1
2021-02-18,86.18133544921875,103.4000015258789,104.25,99.5500030517578,99.6999969482422,50705280,96.30749969482422,98.61,92.96200027465821,98.38031616152054,97.72377277137628,0.5915509097867772,62.853061485358886,94.63723308548629,103.57415552055822,89.04084386909021,3.2062993814403113,345530245,0.040765003663414845,0.06269268533194472,0.05188197676286754,1.66485389140867,0.0454545152696723,104.1999969482422,1
2021-02-19,86.84809875488281,104.1999969482422,106.75,101.4000015258789,103.6500015258789,61069583,96.71249961853027,98.72799987792969,93.04800025939942,99.27565166717002,98.20349308077374,0.8057328848310376,64.14699453402378,81.58842359064144,104.74978015143378,88.67521908562676,3.359420745203224,406599828,0.007736899521834761,0.08598228517349771,0.08428718629274878,1.8862362677598892,0.05134355691755464,102.0500030517578,0
2021-02-22,85.05614471435547,102.0500030517578,106.3000030517578,101.4000015258789,104.3000030517578,30636415,97.11249961853028,98.82599990844727,93.12500026702881,99.7024749571066,98.48841974529108,0.7581036082002184,58.27229929525093,62.24901124248237,105.37312243711472,88.85187679994584,3.4694622295372004,375963413,-0.020633339342153167,0.07195384793173654,0.08506113493263179,0.9395724953679583,0.04801569210530749,103.4000015258789,1
2021-02-23,86.18133544921875,103.4000015258789,104.1500015258789,100.5500030517578,102.1500015258789,31233104,97.62249984741212,98.84599990844727,93.18375026702881,100.2713251984562,98.85224061792721,0.7705063815309494,60.70573001943922,71.96653280640489,106.11028454278818,89.13471515203605,3.4787862470074797,407196517,0.01322879405928501,0.05510205638651944,0.10944211278570304,0.9396686154268238,0.034816232311370925,103.1999969482422,0
2021-02-24,86.01464080810547,103.1999969482422,104.6999969482422,102.0999984741211,104.5,16153025,98.21749954223633,98.8179998779297,93.23450023651122,100.72189008303866,99.17429664239499,0.7192121933165021,60.14610977544313,70.29285390503811,106.51528792971877,89.91971115475388,3.4160156918013103,391043492,-0.0019342802193929032,0.038751872503792306,0.13033946877020708,0.49089234808096255,0.025193784408977092,108.0,1
2021-02-25,90.01531982421875,108.0,110.1999969482422,103.0,103.5999984741211,68361756,99.03749961853028,98.86099990844727,93.32775024414063,101.8415993010327,99.82805244666203,0.9481324856348072,67.8145862266272,85.7142998690121,107.7864933084856,90.28850592857495,3.686300067261374,459405248,0.04651165885368336,0.04448741205259865,0.1790393209505592,1.9693910646992259,0.06666663840965002,107.3000030517578,0
2021-02-26,89.43187713623047,107.3000030517578,110.9499969482422,104.8000030517578,107.0999984741211,67331805,99.95499992370605,98.90899993896484,93.4100002670288,102.68135372422118,100.38153026926172,0.9875272689788794,65.8254189042336,77.39941005625427,108.10852148920725,91.80147835820486,3.862278197920162,392073443,-0.006481453224464806,0.029750539292773936,0.20629574742080115,1.858424978282224,0.05731587811342242,108.4499969482422,1
2021-03-01,90.39037322998048,108.4499969482422,109.8000030517578,107.1500015258789,109.5,27205189,100.77749977111816,98.98899993896484,93.50775024414062,103.56883729714748,100.97919446770472,1.0218773147697442,67.51143900396461,84.52011798874913,108.87382486681832,92.68117467541799,3.775687007060071,419278632,0.01071755697835064,0.06271429402347439,0.17880431465480662,0.7527895501460794,0.02443523836283376,112.5500030517578,1
2021-03-02,93.80763244628906,112.5500030517578,113.6999969482422,107.9000015258789,108.4499969482422,53649872,101.6974998474121,99.165,93.61525024414063,104.95055510554907,101.83629139985679,1.2371985528154066,72.6854490166823,93.91537424412442,110.70297038448817,92.69202931033604,3.920280465296016,472928504,0.0378054976384401,0.08849130938928318,0.19543283300766912,1.436113449399969,0.05153261008527988,112.6999969482422,1
2021-03-03,93.93264770507812,112.6999969482422,114.6999969482422,112.0,114.4499969482422,31702057,102.48499984741211,99.46899993896484,93.71425022125244,106.14277692750186,102.64101032936682,1.2997611562065283,72.85576217715399,89.94974566121185,112.40069983931257,92.56929985551166,3.833117356935029,504630561,0.0013326867384928498,0.09205426628805546,0.1624548787599065,0.848288797103188,0.023957382620712786,110.8000030517578,0
2021-03-04,92.34905242919922,110.8000030517578,113.0,110.5,111.5,28057179,103.0724998474121,99.70699996948242,93.81700023651123,106.85927325431047,103.24538016065503,1.1295101213815424,67.14455100469004,80.20307360081904,113.48443993510948,92.66055975971473,3.7378946885825273,476573382,-0.016858863779357303,0.025925954182942634,0.11862695242785737,0.7621870116031183,0.02256317627385064,108.6999969482422,0
2021-03-05,90.5987548828125,108.6999969482422,112.3499984741211,108.4000015258789,111.0,24778407,103.53249969482422,99.90999984741211,93.90575023651122,107.14246151491535,103.64942584862446,0.8069221552136012,61.41414060762988,68.7499950329455,114.08443272357972,92.98056666606873,3.753044849986789,451794975,-0.01895312315591391,0.013047473035104229,0.09246228088685626,0.7018430211703853,0.036338519403298505,110.5500030517578,1
2021-03-08,92.14067840576172,110.5500030517578,113.3000030517578,109.5,110.6500015258789,28163362,104.04499969482421,100.12199996948242,93.99350025177002,107.66669867442958,104.16057971552323,0.6560043582632509,64.3043390803077,76.55370275701351,114.91017016779742,93.17982922185101,3.813542082381704,479958337,0.017019375855148233,0.019363818926779963,0.10219341663141024,0.8277002347747431,0.03437361326872778,109.5,0
2021-03-09,91.26551818847656,109.5,111.8499984741211,107.4499969482422,111.4000015258789,20611697,104.5224998474121,100.30300003051758,94.0675002670288,107.94874503220964,104.55609232918817,0.434030481902691,61.4891965276038,65.67657397242334,115.4649630066315,93.5800366881927,3.855432042631503,459346640,-0.00949799206487767,-0.027099093461198875,0.0955478073371343,0.6124793415744345,0.04018266233679353,109.6500015258789,1
2021-03-10,91.39054870605467,109.6500015258789,110.5999984741211,108.9499969482422,110.3499984741211,13207045,105.0125,100.52400009155274,94.13725028991699,108.21047680046645,104.93341893635045,0.2547485143977797,61.746838871394715,64.3109710201502,115.95182814521,94.07317185479,3.697901291434888,472553685,0.0013698769486658602,-0.02706295922762103,0.09814725289452819,0.3958982633599801,0.015047893323462189,109.0999984741211,0
2021-03-12,90.9321517944336,109.0999984741211,112.0999984741211,108.5999984741211,111.0,21763020,105.60249977111816,100.72400009155274,94.193500289917,108.347326288721,105.2420544576668,0.06636998506878955,60.157635330306846,60.42402198129258,116.07730326659077,95.12769627564555,3.6837654849038244,450790665,-0.0050159876343276455,-0.015343001180628035,0.12127435819386778,0.6491537119275654,0.03208066039368655,110.5,1
2021-03-15,92.09900665283205,110.5,111.0,107.6999969482422,109.9499969482422,20350674,106.32999992370605,100.9470001220703,94.2565002822876,108.678506859687,105.63153190524704,0.006458486763631477,62.78336488735586,70.31802996547087,116.01335791202588,96.64664193538623,3.656353882536251,471141339,0.012832278143532605,0.016559366166448708,0.15164151656624258,0.6082144380110256,0.02986428101138279,109.5500030517578,0
2021-03-16,91.30720520019533,109.5500030517578,111.4499969482422,109.3000030517578,110.5500030517578,15360040,107.04750022888183,101.15700012207031,94.32050029754639,108.81258319692866,105.9217890272108,-0.11977783836678313,59.89866641455604,59.127027617805865,115.35451449156453,98.74048596619913,3.5487567406754046,455781299,-0.008597257450155715,-0.009045680437763659,0.1507353630622208,0.45715763309216195,0.019625685409325102,106.5500030517578,0
2021-03-17,88.80677795410156,106.5500030517578,109.9000015258789,106.1500015258789,109.6999969482422,18850429,107.47500038146973,101.3070001220703,94.37975032806396,108.46449394382546,105.96832339939947,-0.41152117092691176,51.8039370808555,30.341914339483207,114.68287864407164,100.26712211886782,3.5631312591985895,436930870,-0.02738475505639759,-0.026940611399472125,0.08724492909956938,0.5729920237252328,0.03519474324349289,103.8000030517578,0
2021-03-18,86.51470947265625,103.8000030517578,108.25,103.1999969482422,107.4000015258789,20023557,107.69750061035157,101.43100021362305,94.42300033569336,107.74687996043043,105.80770707735194,-0.7748150658195256,45.70635209992901,5.217444378396492,114.1203873069136,101.27461391378954,3.669336387238533,416907313,-0.0258094783785614,-0.05335155852907514,0.04479118918955849,0.6168558455229649,0.04865128037847663,108.5,1
2021-03-19,90.43206024169922,108.5,109.5500030517578,102.0,102.3499984741211,72249183,107.95250053405762,101.64400024414063,94.47575035095215,107.86274458190267,106.00713618273328,-0.6867036397829009,55.37421583547881,51.181114660816206,114.07038211597646,101.83461895213878,3.9465268632756234,489156496,0.04527935269807881,-0.00549952779571683,0.049323001923212484,2.1542567583365564,0.06958528158302119,109.8499984741211,1
2021-03-22,91.55724334716795,109.8499984741211,110.5500030517578,106.8499984741211,108.8000030517578,31980425,108.23500061035156,101.90100021362305,94.53225032806397,108.16847594993628,106.291792648762,-0.5325029902224139,57.703926234810936,61.8110264601883,114.15218684471624,102.31781437598688,3.928918128587129,521136921,0.012442382249963968,-0.005882366750035395,0.05422266498419703,0.9967900219016761,0.03368233617689459,108.6500015258789,0
2021-03-23,90.55707550048828,108.6500015258789,110.1999969482422,108.0999984741211,110.0,14060206,108.56500053405762,102.07100021362305,94.58550033569335,108.24255680777361,106.46647478780768,-0.5064834171446155,54.9574599197124,52.36222932163246,113.75740838837591,103.37259267973933,3.7982810104109848,507076715,-0.010923959625952051,-0.008215440445525801,0.06467416243754265,0.4498603495237002,0.019328103494052118,106.0,0
2021-03-24,88.34837341308594,106.0,109.4000015258789,105.5999984741211,108.0,15196366,108.69500045776367,102.21100021362305,94.62475032806397,107.89754806811612,106.43192109982192,-0.6535507750530716,49.36921074164132,35.39822052860217,113.47766728726138,103.91233362826596,3.7984040133643298,491880349,-0.024390257603887022,-0.0051619243172675855,0.0251450525701431,0.4990143308728879,0.035849085393941625,103.0,0
2021-03-25,85.84793090820312,103.0,106.5,102.6500015258789,106.0,22543755,108.68500061035157,102.26800018310547,94.64950031280517,107.1440791345598,106.17770472205734,-0.9222426646758508,43.92404333260367,8.849555132150542,113.51419260726365,103.85580861343948,3.802089331989813,469336594,-0.028301886792452824,-0.007707158268183245,-0.001937954982135337,0.7325989321851561,0.03737862596234071,104.1999969482422,1
2021-03-26,86.84809875488281,104.1999969482422,105.75,103.6999969482422,105.75,17402475,108.49500045776367,102.30100006103515,94.68600028991699,106.69114341358787,106.03120784992288,-0.9829452108106593,46.46745418360681,19.468994284032306,113.70133328555104,103.28866762997629,3.726940093990541,486739069,0.011650455808176696,-0.03963136453232996,-0.035185213442201824,0.6165769246417891,0.019673734278284744,107.6999969482422,1
2021-03-30,89.7652816772461,107.6999969482422,108.6999969482422,104.5999984741211,105.8499984741211,36129962,108.51500015258789,102.41100006103515,94.758500289917,106.84635164968853,106.15482185720579,-0.7610807855943256,53.14300152223832,56.43562187506387,113.70586750963743,103.32413279553835,3.7821586587055025,522869031,0.03358925242328459,-0.01957215799493528,0.003727808808089872,1.354996625631065,0.03806869628874233,106.5500030517578,0
2021-03-31,88.80677795410156,106.5500030517578,109.0,106.0999984741211,107.6999969482422,23063667,108.42000045776368,102.53300018310547,94.82725028991699,106.8007595576992,106.18409453828372,-0.6687564469292699,50.897181792334614,45.04954197187383,113.68121721706515,103.1587836984622,3.7191474349321743,499805364,-0.010677752359055881,-0.019328103494052118,-0.01751953849654031,0.8717360155643864,0.027217282429078858,107.9000015258789,1
2021-04-01,89.93196105957031,107.9000015258789,108.75,106.9499969482422,107.5,13753303,108.18750038146973,102.7400001525879,94.9092502975464,106.9698737066499,106.31119875958706,-0.5013972154255195,53.387493420116215,58.41586551717105,113.09737534311597,103.2776254198235,3.6106366858828904,513558667,0.012670093246879954,0.017924542696970747,-0.04131498356104457,0.5622235136540257,0.016682141114947834,106.3000030517578,0
2021-04-05,88.59840393066406,106.3000030517578,107.8000030517578,103.75,107.4000015258789,15666099,107.86750068664551,102.87300018310548,94.97725032806396,106.86681668282034,106.310369447896,-0.4828999420512159,50.141725055239505,45.50269249089698,112.37718771582588,103.35781365746514,3.649162745882606,497892568,-0.014828530597725376,0.0320388645801728,-0.056787879944873665,0.6621191786660868,0.038099745394982155,106.0500030517578,0
2021-04-06,88.39002990722656,106.0500030517578,108.0999984741211,105.8000030517578,107.75,17393454,107.6300006866455,103.02800018310546,95.04250034332276,106.74115304727226,106.29108304818205,-0.4714217423082776,49.63396088770599,42.85718899106249,111.994905909837,103.265095463454,3.5527936513455125,480499114,-0.002351834363337413,0.017754377713029346,-0.04287003492031627,0.7520727304227158,0.021687839285028408,105.4499969482422,0
2021-04-07,87.88995361328125,105.4499969482422,107.3499984741211,105.25,106.9000015258789,15692013,107.46750068664551,103.21500015258789,95.09325031280518,106.54251364742149,106.22878037411242,-0.48620677447154126,48.36799726381554,40.35082709745835,111.90239386093604,103.03260751235497,3.449022567258054,464807101,-0.005657766018382526,-0.02089136549447901,-0.029898804887248498,0.692100192702022,0.01991463759976998,105.0,0
2021-04-08,87.51488494873047,105.0,106.4499969482422,104.6999969482422,106.0,11394998,107.19000053405762,103.43400009155273,95.11450031280518,106.30520385551048,106.13775960565964,-0.5059966383438117,47.391697594918,35.08770677436459,111.51175942253789,102.86824164557734,3.327663812453907,453412103,-0.004267396503226717,-0.014547189182198994,-0.050203554034814246,0.5218775886644302,0.016666666666666666,102.8000030517578,0
2021-04-09,85.68123626708984,102.8000030517578,105.9499969482422,102.4000015258789,105.9499969482422,19751417,106.85500068664551,103.62600021362304,95.14325031280518,105.7659421933947,105.89051837944469,-0.6384136593957198,42.83906869580151,9.356757499558148,111.4393104898201,102.27069088347092,3.3435446417331494,433660686,-0.020952351888020915,-0.04726597221500428,-0.061187186741937905,0.9063773661383098,0.03453302837526125,99.0500030517578,0
2021-04-12,82.55570983886719,99.0500030517578,101.5,98.0500030517578,101.5,20221362,106.32500076293945,103.78100021362305,95.15800033569336,104.73272078698902,105.38381354035677,-0.9319441813707809,36.417212725419155,8.0,111.8489023164455,100.8010992094334,3.4440057387522103,413439324,-0.03647859813887311,-0.06820319653678608,-0.09667121136901546,0.9132449432439222,0.034830861604713256,100.5999984741211,1
2021-04-13,83.84760284423828,100.5999984741211,101.1500015258789,99.25,99.5999984741211,19192856,105.90000076293946,103.96100021362305,95.17600032806396,104.0969173542401,105.02945686878377,-0.9707127540373561,40.39453216040143,20.987627188036168,111.79966144426757,100.00034008161134,3.3480052198499886,432632180,0.01564861559422015,-0.051390895057087604,-0.07791017524181021,0.8718551769410605,0.01888669537472879,101.3499984741211,1
2021-04-15,84.47270965576172,101.3499984741211,103.0,99.3000030517578,101.1999969482422,13865351,105.4425006866455,104.20900024414063,95.20825031280518,103.67431444960641,104.75690439510504,-0.896610547993855,42.27610933858848,29.074853445025084,111.26291961014509,99.62208176314591,3.373147486163718,446497531,0.0074552685027418075,-0.03888097290447057,-0.08280544367311227,0.6392642365094421,0.0365071238672684,102.4499969482422,1
2021-04-16,85.38951110839844,102.4499969482422,102.9000015258789,100.5,101.9000015258789,14654851,105.08750038146972,104.41800018310546,95.2415002822876,103.485957910935,104.58602236200409,-0.7312680428514535,45.01753001664712,40.18260386082329,110.72575154360533,99.44924921933412,3.3036370604290886,461152382,0.010853463154239629,-0.024285743350074274,-0.06481064268123427,0.6767644380173053,0.023426077085110977,99.0500030517578,0
2021-04-19,82.55570983886719,99.0500030517578,100.4000015258789,98.6500015258789,100.0,11652043,104.71250038146972,104.51600021362304,95.26875030517579,102.80350331721543,104.17594685754139,-0.8029177056866611,38.87238648720517,9.132422636524383,110.88419934986241,98.54080141307703,3.3390912291386745,449500339,-0.03318686186200748,-0.03647859813887311,-0.07038948648698584,0.5471889780955524,0.017667843978617054,99.0500030517578,0
2021-04-20,82.55570983886719,99.0500030517578,100.9000015258789,98.1500015258789,99.1999969482422,16528675,104.47500038146973,104.55800033569336,95.29700031280518,102.22604173791426,103.79624731637223,-0.8005437950549386,38.87238648720517,9.132422636524383,111.11657309302774,97.83342766991171,3.297013284200198,466029014,0.0,0.0,-0.04576107765268089,0.7826216860437762,0.027763754823541088,98.9499969482422,0
2021-04-22,82.47235107421875,98.9499969482422,99.75,97.0500030517578,98.0500030517578,18614270,103.99750022888183,104.55600021362305,95.31925029754639,101.72203484719549,103.43726580762186,-0.7564553416186668,38.692212673974474,15.899534574892801,110.78450772126224,97.21049273650142,3.254369260203198,447414744,-0.0010096527050417192,-0.016401605873814673,-0.08801846130652347,1.0095668604456607,0.02728647833768494,102.5500030517578,1
2021-04-23,85.47286987304688,102.5500030517578,103.0,98.0,98.0,29484794,103.63250045776367,104.61700027465821,95.35600032806397,101.84941457097432,103.37154264052081,-0.4506819605910366,48.03037580489552,47.00855926997755,109.88544167317689,97.37955924235045,3.379057170188684,476899538,0.036382073921625846,0.01184020321364998,-0.0664542150547508,1.6100387526776363,0.04875670259586887,102.4000015258789,0
2021-04-26,85.34783935546875,102.4000015258789,103.9499969482422,100.8499984741211,103.9499969482422,24369413,103.32000045776367,104.65900024414063,95.40525032043458,101.93412025634426,103.29957663202882,-0.2352082133832789,47.70432841814757,48.416295841115264,109.14901376818983,97.4909871473375,3.359124406183857,452530125,-0.001462715957240679,-0.00048799828064960415,-0.05752415933939348,1.2942794307297976,0.030273422147729802,102.0500030517578,0
2021-04-27,85.05614471435547,102.0500030517578,103.5500030517578,101.6999969482422,102.0500030517578,17763436,103.12250061035157,104.70100036621093,95.46050033569335,101.95194837871557,103.20701562608282,-0.09985526805277645,46.904250839019824,45.24888752334555,108.84154516230157,97.40345605840156,3.251330241707553,434766689,-0.003417953797907436,0.030287732534772127,-0.037264122153228274,0.9370428134708053,0.018128427713787615,103.5999984741211,1
2021-04-28,86.3480224609375,103.5999984741211,103.9499969482422,102.1500015258789,102.8499984741211,15160578,103.15250053405762,104.77600036621094,95.52250034332275,102.2054945472395,103.23612546667825,0.09966484790057972,50.83670982310625,63.59221682897042,108.8749536939859,97.43004737412934,3.154806217048756,449927267,0.015188587712017698,0.04593634812899228,0.005825227904088237,0.8156219718212975,0.01737447344473589,103.0500030517578,0
2021-04-29,85.88961791992188,103.0500030517578,105.0,102.6500015258789,104.5999984741211,11588556,103.09500083923339,104.89100036621093,95.58575035095215,102.33541893255,103.22233862112859,0.19470086300859402,49.43752679813297,63.829828679399455,108.79727202773218,97.39272965073461,3.09731994969678,438338711,-0.005308836201389333,0.04143513117701447,-0.01103641007835754,0.6333563550711104,0.02280444836998972,102.4499969482422,0
2021-04-30,85.38951110839844,102.4499969482422,105.6500015258789,102.0500030517578,102.25,15321193,102.8325008392334,105.02100036621094,95.64850032806396,102.35304631957956,103.16512812684071,0.21563099546082354,47.88901584585052,60.67413033415069,108.13177247581375,97.53322920265306,3.133225558584232,423017518,-0.005822475359018031,-0.0009751935693763647,-0.04874651948711761,0.8878445577319417,0.03513907839294353,104.25,1
2021-05-03,86.88978576660156,104.25,104.5999984741211,101.0500030517578,101.4000015258789,12186212,102.71750068664551,105.20200042724609,95.73150032043458,102.64488534733655,103.245489006334,0.3416873149796257,52.67779465215325,83.72090960141732,107.78378887150176,97.65121250178926,3.162994834568451,435203730,0.017569576431194722,0.018066391079628596,-0.021586137830897578,0.7291568768567904,0.03405271388358077,103.75,0
2021-05-04,86.4730453491211,103.75,106.0500030517578,103.5,104.3000030517578,12992684,102.51000061035157,105.3170004272461,95.81000030517578,102.81490298620785,103.28286019105,0.37946701530793436,51.26841865570407,74.44441053602446,107.01961243644598,98.00038878425715,3.119209707224833,422211046,-0.004796163069544335,0.016658470332234998,-0.03846155205923296,0.7791848768129453,0.024578342667545043,103.9000015258789,1
2021-05-05,86.59807586669922,103.9000015258789,105.6500015258789,102.8000030517578,104.75,14956169,102.3900005340576,105.40800048828125,95.89575031280518,102.98184122308032,103.32857436400029,0.40055286338409524,51.686039609076026,76.11109415690119,106.60812755403565,98.17187351407956,3.0999803334317098,437167215,0.001445797839796592,0.002895782395525348,-0.022577624242497207,0.8988505693589985,0.027430206277824203,103.0500030517578,0
2021-05-06,85.88961791992188,103.0500030517578,105.0999984741211,102.6500015258789,105.0,13547274,102.2400005340576,105.40100051879882,95.96950031280518,102.99232765826147,103.30793945198234,0.3453393684665593,49.1173374818711,66.66666666666667,106.12723509546866,98.35276597264654,3.0535529487753155,423619941,-0.008180928408450416,0.0,-0.028288542325980437,0.8236973550148767,0.023774836251209564,105.0500030517578,1
2021-05-07,87.55656433105469,105.0500030517578,105.5,103.3499984741211,104.0,13229291,102.22000083923339,105.41800064086914,96.05900032043456,103.30889310341475,103.43698120011385,0.42629045239065544,54.808416101526824,88.88888888888889,106.04457924976926,98.39542242869753,3.010441805880093,436849232,0.01940805376779542,0.025378293616046932,-0.0037932091802783674,0.8104310504255017,0.02046645848091606,107.6999969482422,1
2021-05-10,89.7652816772461,107.6999969482422,108.0,105.5999984741211,106.0,23980945,102.3550006866455,105.53100051879883,96.15575031280518,103.98444754108051,103.75276014441965,0.6288527566004938,61.02819367148668,97.26024533910068,106.71560759249124,97.99439378079975,3.006124316048815,460830177,0.025226023983823787,0.03309349590639998,0.02571425664992577,1.4145489354921206,0.022284137361974897,112.6999969482422,1
2021-05-11,93.93264770507812,112.6999969482422,113.4000015258789,106.6999969482422,108.0,45613487,102.85000038146973,105.71700042724609,96.26750030517579,105.32530129602847,104.41551842618428,1.0455585838270616,69.54513696354677,95.71862603690955,109.12686089491942,96.57313986802004,3.2699729061622356,506443664,0.04642525665439767,0.08626503082643078,0.09630343971390687,2.499893511910334,0.05944990913099759,113.3000030517578,1
2021-05-12,94.43273162841795,113.3000030517578,116.75,111.75,114.1999969482422,62158914,103.56250038146973,105.91900054931641,96.38125030517578,106.5521784892176,105.07362839844897,1.291460643801192,70.38163447961612,81.6000162760416,111.0672234360498,96.05777732688966,3.39354627000779,568602578,0.005323922979262763,0.09047162067209014,0.14386672954016744,3.0555356852691347,0.044130625466231414,111.4000015258789,0
2021-05-14,92.84913635253906,111.4000015258789,113.9499969482422,110.1500015258789,113.9499969482422,16227312,104.10250053405761,105.98700057983399,96.49125030517578,107.29799741793472,105.54224863011045,1.2549274726854756,64.35375116586523,66.35221408366903,112.207096069572,95.99790499854322,3.4225783523188977,552375266,-0.016769651144765918,0.0810286096733761,0.10735589677504875,0.8035402270738145,0.03411126903333599,111.5500030517578,1
2021-05-17,92.97415924072266,111.5500030517578,112.25,109.9499969482422,111.1999969482422,12832920,104.61250076293945,106.07200057983398,96.61075031280518,107.95215213083058,105.9872674761584,1.1712506716267133,64.61143952254707,66.87899389162364,113.2277124894544,95.99728903642449,3.3423944022788192,565208186,0.001346512781187359,0.061875295679881814,0.1006413885663866,0.6370860296665056,0.020618583494709776,112.0999984741211,1
2021-05-18,93.4325714111328,112.0999984741211,114.1999969482422,111.75,112.5999984741211,14892142,105.09500083923339,106.14500061035156,96.728500289917,108.59028233749066,106.44006236489638,1.0852687916390473,65.59356882872581,70.38215012901942,114.23654817234171,95.95345350612507,3.292937223293504,580100328,0.004930483256984752,0.040854240023733945,0.09419230662109324,0.7388802094390858,0.02185545924702039,111.9499969482422,0
2021-05-19,93.30753326416016,111.9499969482422,113.1500015258789,110.9499969482422,113.1500015258789,12610425,105.74000053405761,106.13300048828125,96.8475002670288,109.10716150837553,106.84820566736643,0.955203728043087,65.06321879157062,69.42672621159193,114.90480189027666,96.57519917783857,3.2148706057465897,567489903,-0.0013381046201665914,-0.006654836027586097,0.1302371882789708,0.6241877881651302,0.01965167161776549,111.75,0
2021-05-20,93.1408462524414,111.75,112.75,110.9000015258789,112.0,10303689,106.37500038146973,106.1140005493164,96.9732502746582,109.51375204554853,107.2113015438578,0.7989587109797744,64.31653562346133,68.15286005160779,115.3557292008691,97.39427156207036,3.1173797392019114,557186214,-0.0017864846243333954,-0.013680520829727816,0.12821803692026057,0.5179897477967327,0.016554796189003077,112.8499984741211,1
2021-05-21,94.0576629638672,112.8499984741211,113.1500015258789,111.25,112.3000030517578,12171685,107.07000045776367,106.15500045776368,97.1025002670288,110.02702072686738,107.62898279795138,0.7156369105640343,66.58775885185557,75.15922112127826,115.79240692425418,98.34759399127316,3.0304241525359825,569357899,0.009843386793029874,0.01301613041634786,0.1404750071205112,0.6219704234014569,0.016836522388740813,112.9000015258789,1
2021-05-24,94.09934997558594,112.9000015258789,113.9499969482422,112.0500030517578,112.3499984741211,11341268,107.58750038146972,106.2390005493164,97.23900028228759,110.46901777286915,108.01942862964972,0.6137504998939713,66.69154428893283,72.69504332793143,116.40344372653027,98.77155703640918,2.949679134246584,580699167,0.00044309306543133253,0.012102182314551069,0.1009263594940839,0.6077074956515527,0.016828997969932598,113.3000030517578,1
2021-05-25,94.43273162841795,113.3000030517578,114.8499984741211,113.0500030517578,113.9000015258789,15289982,108.13250045776367,106.29400054931641,97.37750030517579,110.90455396962125,108.41058229054661,0.5265064285993417,67.55963744308045,75.53193388939532,116.94597112526657,99.31902979026077,2.878273263817698,595989149,0.003542971837668274,0.010704768902505712,0.10644532581500199,0.8397209638551543,0.015886984765049125,111.0999984741211,0
2021-05-26,92.59908294677734,111.0999984741211,114.0,110.9000015258789,114.0,17466748,108.58500022888184,106.32600051879882,97.50350028991699,110.9346223549289,108.60979830414472,0.28588704024711653,58.52519558913663,59.929062855937,117.02420013124753,100.14580032651615,2.894110778839369,578522401,-0.01941751560793603,-0.007592661878446427,0.08868197110952858,0.9600504160433307,0.02790277692796897,110.3000030517578,0
2021-05-27,91.93231201171876,110.3000030517578,111.6500015258789,109.3000030517578,111.5999984741211,34169451,108.92000045776368,106.33900054931641,97.62425029754638,110.8369886159795,108.73499865581977,0.05044235969812538,55.61288274638979,51.865699897230826,117.0679690890353,100.77203182649205,2.855245614216636,544352950,-0.007200678968052765,-0.012975364190086824,0.06467185981002066,1.7848631442031155,0.02130551594833938,108.9499969482422,0
2021-05-28,90.80712890625,108.9499969482422,111.0,108.3499984741211,110.3000030517578,13383166,109.21500015258789,106.33600051879883,97.7400002670288,110.54668220555837,108.75092445525847,-0.20463188012936273,51.00072244701099,30.044825252676745,116.90591034482038,101.5240899603554,2.8405853221925126,530969784,-0.012239402231767005,-0.03455916330183417,0.05725369938631708,0.6958168581793069,0.024323098670097406,110.5,1
2021-05-31,92.09900665283205,110.5,111.3499984741211,107.8000030517578,108.9499969482422,14754293,109.61750030517578,106.33600051879883,97.8515002822876,110.53950032778016,108.88048560672081,-0.27309992749592915,55.55798673012621,37.810964157798516,116.66585226462423,102.56914834572733,2.8912574722047113,545724077,0.014226737908897169,-0.02125776344944319,0.07857494672083454,0.7682365798434683,0.03212665540600267,110.1999969482422,0
2021-06-01,91.84896087646484,110.1999969482422,111.4499969482422,109.5,110.9499969482422,10271211,109.9150001525879,106.34900039672851,97.9612502670288,110.48726903862047,108.97822718757425,-0.3384582380072474,54.50141229826404,26.815583405933644,116.52038350785533,103.30961679732046,2.8240245776359605,535452866,-0.0027149597444144913,-0.02736104165945563,0.05707431125412188,0.5374881013013486,0.017695072615637727,111.1500015258789,1
2021-06-02,92.64076232910156,111.1500015258789,111.3499984741211,110.0500030517578,110.0999984741211,6492771,110.28500022888184,106.44100036621094,98.07350028991699,110.58922788281407,109.139099360782,-0.31789725361711496,57.27247314335586,47.51773970653336,116.26723136336153,104.30276909440215,2.7151653522593415,541945637,0.008620731433258477,0.0004500724792491084,0.07132531591208591,0.3456422413331084,0.01169586508787064,111.8000030517578,1
2021-06-03,93.18252563476562,111.8000030517578,112.1999969482422,110.4499969482422,111.5999984741211,12140851,110.68000030517578,106.60100036621094,98.19625030517578,110.7755009857285,109.3362033378913,-0.2629825022495964,59.10759197860885,56.73762549279957,115.92103017805799,105.43897043229357,2.646224969955103,554086488,0.005847966864197973,0.013599274329087141,0.07603466227005962,0.6511972654850151,0.015652951272191268,111.75,0
2021-06-04,93.1408462524414,111.75,113.0,111.0500030517578,111.5,8930671,111.1150001525879,106.66600036621094,98.31300029754638,110.92542391100103,109.51500309064009,-0.23348746378067986,58.89802445432368,56.02836188676682,115.02615125058972,107.20384905458607,2.59649439697561,545155817,-0.00044725447578608524,0.025699891052663126,0.08442500427557054,0.48501826782076984,0.017449637120735585,116.4000015258789,1
2021-06-07,97.01651000976562,116.4000015258789,116.75,112.0,112.1500015258789,28407410,111.68250007629395,106.79700042724609,98.41850028991699,111.76766662098225,110.02500297473185,0.07900428968702888,69.66815215922077,96.08940119035644,115.18082656110026,108.18417359148764,2.7681733686202095,573563227,0.041610751909430865,0.05339367896723002,0.10804377100806928,1.4817159828156494,0.040807559602513796,116.1999969482422,0
2021-06-08,96.8498077392578,116.1999969482422,118.5,116.0,117.5,43191813,112.10750007629395,106.94800033569337,98.52425025939941,112.44956359440685,110.48240993573262,0.24279544168868572,68.83269448883131,78.50463824538153,115.63245079352691,108.58254935906098,2.7490181280044803,530371414,-0.001718252362670647,0.05444646248781693,0.07892293631247616,2.1453764103224393,0.02151463051340311,118.0999984741211,1
2021-06-09,98.43341827392578,118.0999984741211,121.0,115.8000030517578,116.5,49807823,112.37750015258788,107.19000030517579,98.64150024414063,113.31886126820905,111.04667575339103,0.4382618382659764,72.23858340753151,78.03028639135337,116.76446656402354,107.99053374115223,2.9240880437357464,580179237,0.01635113232167451,0.06252808684509126,0.047914832937917984,2.4484940802143482,0.044030457370256966,118.5,1
2021-06-10,98.7667999267578,118.5,119.9000015258789,117.3000030517578,119.3499984741211,22144392,112.6375,107.50000030517577,98.72850025177001,114.11595953463842,111.59877384573242,0.5466096098831628,72.90975947793922,81.06060168193511,117.766035187455,107.508964812545,2.9009387887632725,602323629,0.00338697316720582,0.05992841471695165,0.04589582354968469,1.2073380373230793,0.02194091539342707,118.8000030517578,1
2021-06-11,99.016845703125,118.8000030517578,119.5500030517578,117.5500030517578,118.9000015258789,13871562,113.00750007629395,107.7920004272461,98.7927502822876,114.83658161419524,112.13219823136393,0.5870458430467806,73.42862823901277,83.33335259948551,118.75582863519072,107.25917151739718,2.8365860181373246,616195191,0.0025316713228507037,0.06308727563094219,0.06642730183589651,0.7611819559072144,0.01683501640255562,118.1999969482422,0
2021-06-14,98.51675415039062,118.1999969482422,118.9000015258789,116.25,118.8000030517578,14179055,113.33999977111816,108.00200042724609,98.85675025939942,115.35403012712554,112.58166480298453,0.5240222274851813,70.51946332562693,78.78785076438471,119.46932292057988,107.21067662165643,2.8232585544045805,602016136,-0.0050505562971592255,0.015463877996282571,0.05961446628915734,0.7751921265147133,0.022419641237717607,117.8000030517578,0
2021-06-15,98.18336486816406,117.8000030517578,118.9499969482422,117.5999984741211,118.1999969482422,8148417,113.625,108.2270004272461,98.92675025939941,115.73033365399205,112.96820837696774,0.41102574429478844,68.56910771629899,75.75759327225956,120.02144486867735,107.22855513132265,2.7180256915271896,593867719,-0.00338404320483654,0.013769416054531192,0.05084749915453912,0.45385386385559323,0.011460088617552574,119.8000030517578,1
2021-06-16,99.850341796875,119.8000030517578,120.5999984741211,116.8499984741211,117.8000030517578,21585917,114.01750030517579,108.46500045776367,99.01175025939942,116.3564366382637,113.474267241767,0.42485589101374766,72.64320451541273,90.90911192671146,120.89959929407011,107.13540131628146,2.7917381421323904,615453636,0.016977928252864816,0.01439461981033996,0.07012064598040935,1.1729813578740569,0.03130216948642204,117.4000015258789,0
2021-06-17,97.84996795654295,117.4000015258789,120.5999984741211,116.9499969482422,118.1999969482422,14466025,114.30000038146973,108.68700042724609,99.08575027465821,116.51698508251219,113.76506237392343,0.2356873624846445,62.22062518768758,72.72727798167791,121.25010920762008,107.34989155531937,2.853042669542855,600987611,-0.02003340120819541,-0.009282687545325685,0.05055929777072854,0.7772950582251749,0.031090302201353115,113.5500030517578,0
2021-06-18,94.64109802246094,113.5500030517578,118.1500015258789,112.9000015258789,117.4000015258789,43927941,114.33500061035156,108.8370004272461,99.1457502746582,116.06052630854998,113.749132053763,-0.163872873053716,49.86169278745469,35.21741784137216,121.26256228267884,107.40743893802427,3.024253907432651,557059670,-0.0327938536974588,-0.04419191805670852,0.006202964883488482,2.1748079112863135,0.04623513746280545,118.0,1
2021-06-21,98.35005950927734,118.0,118.4499969482422,113.0500030517578,113.25,34597018,114.59000053405762,109.08800048828125,99.2537502670288,116.35890687646537,114.06401116089168,-0.14429712981360288,59.80080844695957,72.60273209042684,121.66146505778075,107.5185360103345,3.1939496209363476,591656688,0.039189756306865275,-0.0016920216024183254,0.045172705094712384,1.6196100486899316,0.04576266013969833,118.3000030517578,1
2021-06-22,98.60010528564452,118.3000030517578,118.9000015258789,116.9499969482422,118.5,16712010,114.84000053405762,109.35400054931641,99.34625026702881,116.6575370572796,114.37778833799288,-0.12755530088046063,60.37115670089369,74.40761926801207,122.06326956862051,107.61673149949473,3.105096403557802,608368698,0.0025423987437100948,0.004244482063216148,0.04413062546623148,0.7797534924561565,0.01648355475344791,117.25,0
2021-06-23,97.72496032714844,117.25,118.8499984741211,116.9499969482422,118.8499984741211,12590251,115.14750061035156,109.64300048828125,99.4377502822876,116.74868520231351,114.59054475740082,-0.19933086020358903,57.30653736594862,62.31154622954445,122.22997805553233,108.06502316517079,3.0190181980093085,595778447,-0.008875765212773556,-0.02128550072453761,0.05535555004810777,0.5941992191047013,0.016204703845448972,118.0,1
2021-06-24,98.35005950927734,118.0,118.5,115.6999969482422,117.1999969482422,14046692,115.53250045776367,110.0220004272461,99.53925029754639,116.94119517118835,114.84309699759336,-0.20749850521703017,58.91099427617528,66.66666666666667,122.3513193634789,108.71368155204846,3.0033742589913435,609825139,0.006396588486140775,0.005110719474640257,0.06980958055485287,0.6959849742235023,0.023728839421676258,116.0500030517578,0
2021-06-25,96.72478485107422,116.0500030517578,119.0999984741211,115.6999969482422,119.0999984741211,12768348,115.88750076293945,110.33100051879883,99.64600032806396,116.80408869127596,114.93249744605,-0.34720434686883994,53.30220404505116,38.88891505279807,122.0014096352261,109.77359189065281,3.0317047780547397,597056791,-0.016525397866459346,0.022016732125145433,0.065167565877845,0.6336107166376843,0.02929772887952882,116.1500015258789,1
2021-06-28,96.80813598632812,116.1500015258789,117.8499984741211,116.0,116.9000015258789,10709748,116.1700008392334,110.62700057983399,99.76475032806397,116.7034598965995,115.02268293344473,-0.43041490315203346,53.54645475458,40.12346434858616,121.76190614620837,110.57809553225842,2.947297184916622,607766539,0.0008616843730413493,-0.01567795317051779,0.051131235528316,0.5368430279615631,0.015927666378109374,117.5999984741211,1
2021-06-29,98.01668548583984,117.5999984741211,118.5500030517578,115.4000015258789,116.25,33488455,116.54000091552734,110.93000061035156,99.89950031280517,116.84138890852589,115.21359519571705,-0.38671852279837227,57.05412907785077,61.03894559744128,121.43924515232669,111.640756678728,2.9617760664139268,641254994,0.012483830643076788,-0.005917198305822935,0.0671506509147588,1.5863517902834288,0.026785727608424053,116.4000015258789,0
2021-06-30,97.01651000976562,116.4000015258789,118.4499969482422,116.1500015258789,117.8499984741211,16739618,116.80250091552735,111.27700057983398,100.02950031280517,116.77348315734943,115.3014771460994,-0.4340049794857441,53.45663759346035,45.454563469651845,121.03575857051952,112.56924326053517,2.91450602041031,624515376,-0.010204055814730828,-0.007249453937066885,0.047233467637673776,0.7741686904020595,0.019759410586020855,117.3499984741211,1
2021-07-01,97.80829620361328,117.3499984741211,117.8000030517578,115.6999969482422,116.8000030517578,12479506,117.0800006866455,111.64300048828125,100.163500289917,116.86217782146815,115.4532194666936,-0.3976421087689759,55.83105191231403,57.79219106389472,120.63912974044457,113.52087163284644,2.856327454917831,636994882,0.008161485702652405,-0.0055084875074483675,0.04964217594693565,0.5766967329798042,0.017895237586890177,117.5,1
2021-07-02,97.93333435058594,117.5,119.0500030517578,117.0,117.5500030517578,17215972,117.36750068664551,112.0140005493164,100.30050029754639,116.96030431047305,115.6048328395311,-0.3609031940812646,56.21091124920525,59.74026360063968,119.95405689951077,114.78094447378025,2.798732854692114,654210854,0.0012782405439228928,0.012494587764857679,0.05145413870246096,0.7806316820994369,0.01744683448304509,118.5999984741211,1
2021-07-05,98.85015106201172,118.5999984741211,119.0999984741211,117.25,117.9000015258789,16409169,117.47750053405761,112.33500045776367,100.43925029754638,117.21256495103428,115.82669696061184,-0.26440533968061963,58.99584401920798,74.02596373162751,120.07720675026718,114.87779431784804,2.7309661132227556,670620023,0.009361689141456075,0.021093387137806507,0.018900317176998138,0.7648540714572833,0.015598638262417596,117.6500015258789,0
2021-07-06,98.058349609375,117.6500015258789,118.9499969482422,117.0500030517578,118.0999984741211,14979094,117.55000076293945,112.64000045776368,100.57200031280517,117.27986288562576,115.96175655803903,-0.2657336020130616,55.701059084703324,61.688336137384645,120.08317969738695,115.01682182849194,2.6716109548843017,655640929,-0.00801009241538464,0.00042519602386570376,0.01247852509223879,0.7473348274730702,0.01614954417205401,117.4499969482422,0
2021-07-07,97.8916473388672,117.4499969482422,118.1999969482422,116.8499984741211,117.0500030517578,14545289,117.5175006866455,112.94800033569337,100.711000289917,117.30603735679752,116.07199658694296,-0.2798393277961888,55.00458184407999,73.38705906384845,120.03826865498809,114.99673271830292,2.5772100634012167,641095640,-0.001699996387953373,0.009020579111675087,-0.0055038233215669585,0.7956843986038804,0.011494240180491657,117.4499969482422,0
2021-07-08,97.8916473388672,117.4499969482422,118.6999969482422,117.1999969482422,117.3499984741211,12037089,117.46500053405762,113.22500030517578,100.85500026702881,117.32818498625055,116.17407068777993,-0.28781263934410495,55.00458184407999,72.72722687062206,119.94514094478566,114.98486012332958,2.500266487443987,653132729,0.0,0.0008521386912772044,-0.00886078524690126,0.6771974469918152,0.01277139241358192,117.8000030517578,1
2021-07-09,98.18336486816406,117.8000030517578,118.4000015258789,116.25,117.0,9585144,117.41500053405761,113.52000030517578,100.9912502670288,117.40077238094398,116.29451012214867,-0.26853174321552853,56.11819163753494,64.86495960541525,119.82479211215025,115.00520895596497,2.4752475616179095,662717873,0.0029800435300977313,0.002553217461768398,-0.008417508201277846,0.5458343049958624,0.01825128582496097,117.8499984741211,1
2021-07-12,98.22503662109376,117.8499984741211,118.75,117.1500015258789,118.0,7651672,117.39750061035156,113.82800033569336,101.13900024414062,117.4698840875866,116.40973148155403,-0.251713116782613,56.2846241897013,66.21618835134834,119.78925127211434,115.00574994858877,2.412729769653851,670369545,0.0004244093469278898,-0.00632377748439561,-0.0029610700774752585,0.4439826550961444,0.013576567626960474,119.9000015258789,1
2021-07-13,99.93367004394533,119.9000015258789,122.0,118.0999984741211,118.1500015258789,30663035,117.50250053405762,114.14100036621093,101.3000002670288,117.84374830886235,116.66827000335589,-0.10910993384698209,62.55577879749187,68.18183394503367,120.12861397705755,114.87638709105768,2.536820609384212,701032580,0.017395019756474284,0.01912452163891465,0.01782681171237699,1.670109073826011,0.03252711823391545,120.75,1
2021-07-14,100.6421127319336,120.75,120.9499969482422,119.8000030517578,119.9499969482422,9539611,117.55000038146973,114.48100036621094,101.47825027465821,118.29086395365276,116.97062037347767,0.028524272657317384,64.80992365999353,81.0606016819351,120.36797729159156,114.7320234713479,2.437761558462797,710572191,0.007089228217713073,0.028097089293344535,0.007929857462789736,0.5372133287937894,0.009523758977096508,120.3000030517578,0
2021-07-15,100.26705169677734,120.3000030517578,121.1999969482422,119.1999969482422,120.75,11278872,117.69500045776367,114.80900039672852,101.6665002822876,118.59996227643815,117.21724131260953,0.07280132504867765,62.65932754993683,74.24246452619694,120.75521234315025,114.63478857237709,2.4064928757154544,699293319,-0.0037266828011776054,0.024265697552734222,0.02470188661147188,0.6409095752812413,0.016625103485155536,119.0999984741211,0
2021-07-16,99.26688385009766,119.0999984741211,120.8000030517578,118.3000030517578,120.1500015258789,17198632,117.97250022888184,115.13000030517578,101.83800025939941,118.67689092223553,117.35670480605484,0.008213181920602164,57.20765789760451,56.0605727827067,120.4251468560202,115.51985360174348,2.4131719560214933,682094687,-0.009975100142935234,0.011035614504968372,0.04887710500398246,1.0576118869043167,0.020990764332740258,121.4000015258789,1
2021-07-19,101.18387603759766,121.4000015258789,121.8499984741211,118.5,119.0999984741211,14364285,118.14250030517579,115.4570002746582,102.0075002670288,119.09583101510374,117.65620826678256,0.1021198512488748,63.72259475765661,90.47621930986709,121.01465579444762,115.27034481590395,2.4800881358857505,696458972,0.01931152880961262,0.030123064045158854,0.028813572253211017,0.9419126319794134,0.027594715255476934,118.4499969482422,0
2021-07-20,98.72512817382812,118.4499969482422,122.0,118.1999969482422,122.0,11360716,118.15,115.6720002746582,102.17400024414063,118.99647192789428,117.71500742837216,-0.04483071804015526,52.65058802584408,43.65077250609755,121.02454371804079,115.27545628195922,2.574367772733754,685098256,-0.02429987265698552,-0.012093449200863748,0.001267911180177883,0.758262678462577,0.03208107344585449,119.1999969482422,1
2021-07-22,99.3502426147461,119.1999969482422,119.6999969482422,118.5500030517578,118.75,9520328,118.24749984741212,115.8020002746582,102.34450023651124,119.02778346948627,117.82500665206624,-0.09881472011379255,54.800826553581096,51.30429475203829,121.1256025947458,115.36939710007843,2.479770074681343,694618584,0.0063317857266615984,-0.012836464196751995,0.016631104036180844,0.6420046579137539,0.009647600049719313,118.5,0
2021-07-23,98.7667999267578,118.5,120.0999984741211,118.3000030517578,119.4000015258789,10442400,118.2724998474121,115.90600021362305,102.51250022888183,118.94658601264223,117.87500615932058,-0.18400934736973729,52.408642839494604,39.130434782608695,121.15025512796105,115.39474456686317,2.4312147423729114,684176184,-0.005872457769828143,-0.01496261850453462,0.004237288135593209,0.7128478075699209,0.015189834787875911,119.3499984741211,1
2021-07-26,99.47525787353516,119.3499984741211,120.0,118.0500030517578,118.1999969482422,5370055,118.43749961853027,116.06500015258788,102.68700023651122,119.00864946825436,117.9842648493058,-0.18496366539426345,54.97864039052774,53.913016941236414,121.16089419398646,115.71410504307407,2.3968420427921466,689546239,0.0071729829039755,0.0020990764332740053,0.028435978764184133,0.37608233303402294,0.0163384748485357,118.8499984741211,0
2021-07-27,99.05852508544922,118.8499984741211,119.5999984741211,118.1999969482422,119.3000030517578,5280342,118.57249946594239,116.21100006103515,102.86050022125244,118.9842416230031,118.0483932659588,-0.2187999418388129,53.16008380762234,45.21736476732337,121.08874264473393,116.05625628715084,2.325639148726914,684265897,-0.004189359081629318,-0.021004967213400172,0.02324577626148905,0.37696630343699183,0.011779567049668363,116.8000030517578,0
2021-07-28,97.34989166259766,116.8000030517578,119.5500030517578,115.8000030517578,119.5500030517578,11010096,118.53249969482422,116.3050001525879,103.03050022125244,118.64820491973458,117.95591991675873,-0.36989063672581546,46.38549978814513,16.12904019708455,121.13332204167872,115.93167734796972,2.4273792095321345,673255801,-0.017248594435696818,-0.01392987707045179,-0.00680268225121905,0.854585824923786,0.03210616354468977,116.75,0
2021-07-29,97.30821228027344,116.75,118.25,115.25,117.6999969482422,11897018,118.54999961853028,116.40100021362305,103.20125022888183,118.35617339362157,117.86659251551735,-0.45807580927795655,46.230740711093084,22.22222222222222,121.09735181932183,116.00264741773873,2.4682806945655535,661358783,-0.00042810830865847027,-0.0205536661993877,0.0030068597038916955,0.941114331236423,0.02569593147751606,118.1999969482422,1
2021-07-30,98.51675415039062,118.1999969482422,119.9499969482422,116.25,116.9499969482422,14546264,118.59249954223633,116.53000015258789,103.37775020599365,118.33214624817859,117.89128914016365,-0.4054396634937909,51.304374323166044,43.70365849247706,121.08614708857132,116.09885199590133,2.5562604269710283,675905047,0.01241967407487965,-0.0025316713228505927,0.007243276396876608,1.1413530483834402,0.031302851470143174,117.75,0
2021-08-02,98.14169311523438,117.75,118.75,117.0,118.5999984741211,11742555,118.60499954223633,116.62800018310547,103.55275020599365,118.24258528692035,117.8808232779293,-0.38762781001414337,49.73588326640497,37.03703703703704,121.07904544543192,116.13095363904074,2.4986703964730976,664162492,-0.0038070808786843102,-0.013405936276304375,0.0021276595744681437,0.9415825969184248,0.014861995753715499,117.6500015258789,0
2021-08-03,98.058349609375,117.6500015258789,118.5,116.5,118.5,21122697,118.55749969482422,116.72300018310547,103.72775020599366,118.15141855445242,117.86372537037,-0.36935730793822363,49.37463973514924,35.55557816116898,121.06633955205207,116.04865983759636,2.463051082439305,643039795,-0.0008492439415803688,-0.01009673507487241,-0.00801009241538464,1.6623197021660843,0.01699957479014626,117.8499984741211,1
2021-08-04,98.22503662109376,117.8499984741211,118.8499984741211,116.5500030517578,118.0500030517578,9432176,118.56749954223633,116.81400009155273,103.92150020599365,118.10504623440144,117.86270856324046,-0.33177025668772475,50.15441882818118,38.518495912905095,121.06335179178026,116.0716472926924,2.4514042495767328,652471971,0.0016999315397221437,0.0089896866004191,0.0016999315397221437,0.7588592794295737,0.019516295733074243,116.5,0
2021-08-05,97.099853515625,116.5,117.8000030517578,115.9499969482422,117.0500030517578,11045322,118.51999969482422,116.92200012207032,104.10900020599365,117.85811604449353,117.76176718818562,-0.3822072572326354,45.10414938556943,18.51851851851852,121.13254672242958,115.90745266721886,2.412018340741173,641426649,-0.011455226912179706,-0.0021413276231263545,-0.008088522545137589,0.9013340575131228,0.015879880716872075,117.6500015258789,1
2021-08-06,98.058349609375,117.6500015258789,118.6999969482422,116.4499969482422,116.5,8434733,118.52999992370606,117.06900009155274,104.29575019836426,117.82609842624512,117.75348825023697,-0.3247567500259145,49.746338994517814,35.55557816116898,121.127575743657,115.93242410375511,2.4004456021168035,649861382,0.009871257732866123,-0.004653091679893473,0.0017028912970074028,0.6985692455577323,0.01912452163891454,116.6999969482422,0
2021-08-09,97.26654815673828,116.6999969482422,119.0999984741211,116.5500030517578,118.5,7816050,118.47499961853028,117.22400009155274,104.47100017547608,117.6528520450139,117.67545185749663,-0.3359733908134348,46.265733712994034,21.48143627025484,121.17657380732217,115.77342542973838,2.41112773213441,642045332,-0.008074836934258256,-0.008917223369492966,-0.009337912351600641,0.6521068257447842,0.021850861088661792,114.3499984741211,0
2021-08-10,95.3078842163086,114.3499984741211,117.1999969482422,113.6500015258789,116.9000015258789,9774255,118.29999961853028,117.30100006103515,104.63950016021728,117.14472072641502,117.42912197724658,-0.4782198633298199,38.997103617396704,10.852670999060814,121.54052499255832,115.05947424450224,2.492475424293616,632271077,-0.02013709113602946,-0.028049324343033866,-0.02969877000693022,0.8083259636366511,0.03104499754905293,116.9499969482422,1
2021-08-11,97.47490692138672,116.9499969482422,117.3000030517578,114.5500030517578,114.6999969482422,8056886,118.15249938964844,117.43600006103516,104.81275012969971,117.11476322208074,117.39363123435737,-0.3781492998199103,48.615738312007664,51.16274393374156,121.3566341637945,114.94836461550238,2.5251560781038367,640327963,0.022737197278664745,-0.0076368395208467055,-0.02460387439611489,0.7350057000694689,0.02351432297357861,119.1500015258789,1
2021-08-12,99.30856323242188,119.1500015258789,119.4000015258789,116.5,116.9499969482422,8640167,118.07249946594239,117.59600006103516,104.98525012969971,117.42787680728046,117.52373273743304,-0.15610977415668725,55.071143612289255,86.61419404138137,121.08754174059156,115.05745719129321,2.551930752944913,648968130,0.018811497520691223,0.022746794213552857,-0.013250504961665355,0.7914638100847112,0.024339080895849064,118.25,0
2021-08-13,98.55842590332033,118.25,119.4499969482422,117.1999969482422,119.4499969482422,9744939,117.96999931335449,117.725,105.1452501296997,117.55435729846808,117.577530312438,-0.06674148637922403,52.18294960833599,73.0159018495844,120.80943616522383,115.13056246148516,2.530364270591705,639223191,-0.0075535166962077405,0.0050998594673976605,-0.017040756440178995,0.8989799608593944,0.019027484143763214,118.8499984741211,1
2021-08-16,99.05852508544922,118.8499984741211,119.4000015258789,118.0999984741211,118.25,8768804,117.95749931335449,117.86699996948242,105.3097501373291,117.75368671010699,117.67178721330342,0.030664819515417753,53.918050350172194,82.53969407316697,120.77907276086157,115.13592586584741,2.4424813263892844,647991995,0.005073982867831672,0.018423321183396846,-0.0020990764332740053,0.8416566969055558,0.01093818315900846,117.4000015258789,0
2021-08-17,97.84996795654295,117.4000015258789,119.5,116.1999969482422,119.3499984741211,8758578,117.75749931335449,117.88699996948242,105.44950016021728,117.69927360484112,117.65165494016085,-0.002892810086306437,49.26554550506108,59.52385277437671,120.10127259156167,115.4137260351473,2.5037328782013213,639233417,-0.012200226898260502,0.02667252376438012,-0.03294892874566657,0.8639168237344408,0.028109054590006684,116.5500030517578,0
2021-08-18,97.14152526855467,116.5500030517578,118.9000015258789,116.0999984741211,117.4000015258789,9357721,117.66249961853028,117.89400009155274,105.59175018310548,117.52246275052062,117.57005109657544,-0.07847985665712104,46.72049819126177,46.03180369916879,120.04007659121913,115.28492264584142,2.524895033455356,629875696,-0.0072401913379339655,-0.0034202129706888407,-0.01604047231267236,0.9322231915653341,0.02402404957908393,114.1500015258789,0
2021-08-20,95.14120483398438,114.1500015258789,117.0,113.4499969482422,116.3000030517578,11684504,117.40999984741211,117.81500015258788,105.73000019073487,117.0036225621142,117.31671409133867,-0.2751864318614104,40.37780977416753,11.570317760969091,120.12893285243507,114.69106684238915,2.5981170347626734,618191192,-0.020592033144890554,-0.04196391049910331,-0.042365734493735374,1.1516049417174954,0.031099456892718293,113.4000015258789,0
2021-08-23,94.51608276367188,113.4000015258789,115.75,112.1999969482422,115.5,6271685,117.15499992370606,117.71300018310546,105.85900020599365,116.44921932577031,117.02658723463794,-0.4315702492036593,38.61363725173357,16.43841199967376,120.33476313543338,113.97523671197874,2.666108893119468,611919507,-0.006570302146075457,-0.04101478625049548,-0.04303796180692909,0.6310975651325877,0.03130514112865912,113.9499969482422,1
2021-08-24,94.9744873046875,113.9499969482422,116.3000030517578,113.6500015258789,114.1999969482422,11791078,116.8849998474121,117.61600006103515,105.98275020599365,116.06472357538138,116.79869165786789,-0.4705363382580344,40.661119473278106,23.97259271800729,120.18804374738396,113.58195594744025,2.682815509745141,623710585,0.004850047750993847,-0.041228452577101504,-0.04524509086650541,1.1493630318224068,0.023255827967091237,114.0,1
2021-08-25,95.0161590576172,114.0,115.25,113.8000030517578,114.6999969482422,9491958,116.64249992370605,117.53200012207031,106.12300022125244,115.74707379455347,116.59138116469249,-0.4647005007284337,40.854269049962376,24.657565743405655,120.04356961668084,113.24143023073127,2.5947570410663596,633202543,0.0004388157358223843,-0.028960830338059518,-0.04080772853503367,0.9066404283587415,0.012719271475808787,112.75,0
2021-08-26,93.9743194580078,112.75,114.5,111.9499969482422,114.0999984741211,11668986,116.43999977111817,117.43100006103515,106.26125022888183,115.28598551846832,116.3068344117523,-0.5129936190987168,37.5626551982004,10.596062627703718,120.23849940826707,112.64150013396926,2.5915603275443195,621533557,-0.010964912280701733,-0.03260405793443255,-0.03467468275632757,1.1110866297450426,0.02261643504884965,113.4000015258789,1
2021-08-27,94.51608276367188,113.4000015258789,114.0999984741211,112.0999984741211,112.6999969482422,8095717,116.2724998474121,117.30300003051758,106.39425022125243,114.99583413499303,116.09151345724317,-0.4702592384518949,40.25815386934792,19.20535088127035,120.29064275595636,112.25435693886786,2.549306018434011,629629274,0.0057649802738706235,-0.006570302146075457,-0.028693777080266325,0.7850579704751738,0.017636684066036648,114.9499969482422,1
2021-08-30,95.80796813964844,114.9499969482422,115.5,113.25,113.25,9915170,116.10999984741211,117.25399993896484,106.53250019073486,114.98878226010828,116.00695667879866,-0.314203467913711,46.22043813947776,39.73508327657613,120.0655783389106,112.15442135591363,2.5279270171172956,639544444,0.013668389784012192,0.013668389784012192,-0.0274957705914588,0.9835796060194852,0.01957372822735344,115.9499969482422,1
2021-08-31,96.64142608642578,115.9499969482422,116.3499984741211,114.6999969482422,115.25,11386659,116.01999969482422,117.30199981689454,106.66500019073486,115.13666144289812,116.00273743949819,-0.12968403665872508,49.707739383976374,52.98011103543483,119.90347766926838,112.13652172038006,2.4652180534574097,650931103,0.008699434767712733,0.017551558170803894,-0.015286650121085321,1.1315479822835441,0.014230285203158912,115.4000015258789,0
2021-09-01,96.18302154541016,115.4000015258789,116.6999969482422,114.75,116.0,7508413,115.90749969482422,117.24999984741211,106.78450019836426,115.17717530181824,115.95809033478565,-0.035618458420851984,47.86920328049783,45.695406398987764,119.72538844779278,112.08961094185567,2.4284165459420377,643422690,-0.004743384535049189,0.012280715139288745,-0.019124521638914538,0.8002836182155572,0.01689772029859902,116.5,1
2021-09-02,97.099853515625,116.5,116.6999969482422,115.0,115.0999984741211,5700524,115.83999977111816,117.21399978637696,106.90250019073487,115.3806867938462,115.9982317914682,0.10220126153964548,51.71575261968666,60.26491672342387,119.56472802859618,112.11527151364014,2.3763865746777637,649123214,0.009532049043122548,0.03325942350332589,-0.011455226912179706,0.6199181545097383,0.01459224848276568,117.0,1
2021-09-03,97.51658630371094,117.0,117.9000015258789,116.5,117.0,9364904,115.86499977111816,117.20899978637695,107.03350017547608,115.62981190248524,116.07243684395205,0.2216970541558777,53.39895076956464,66.88743060285323,119.61374631334152,112.1162532288948,2.3066447854778453,658488118,0.0042918454935623185,0.031746017863143905,0.0042918454935623185,1.0278016839998079,0.01196582500751202,116.4499969482422,0
2021-09-06,97.05818176269533,116.4499969482422,117.6500015258789,115.9000015258789,117.6500015258789,7005043,115.80499954223633,117.17799972534179,107.15850017547608,115.75599421721708,116.10040425908466,0.2559295630040843,51.28123330409337,59.60262491486419,119.47513559073876,112.1348634937339,2.2668844436579993,651483075,-0.00470088078425468,0.013049152151568988,-0.01019978378302655,0.7748853897064137,0.01502790936763881,115.8499984741211,0
2021-09-07,96.55809783935548,115.8499984741211,116.9000015258789,115.25,116.6999969482422,7723357,115.76249961853027,117.17399963378907,107.28325016021728,115.77045641058693,116.08185568242068,0.23115226643032827,48.9983360954698,56.11509290840003,119.40981020989476,112.11518902716578,2.22282137810235,643759718,-0.0051524129656077555,-0.0008624275700994666,-0.007283620362887322,0.8547822329589723,0.014242568386804842,114.0500030517578,0
2021-09-08,97.71473693847656,114.0500030517578,114.5999984741211,112.4000015258789,113.8499984741211,10508654,115.74749984741212,117.13199966430665,107.41000019073486,115.50577127845936,115.93134808014935,0.09357978925927457,42.837273081067565,35.294193073540505,119.42030144551067,112.07469824931356,2.310476775969481,633251064,-0.015537293449040313,-0.011698426830768827,-0.002623484270803833,1.1583374102167323,0.01928975790771169,114.5500030517578,1
2021-09-09,98.14311981201172,114.5500030517578,114.75,113.5,113.9499969482422,5757417,115.62750015258788,117.07099975585938,107.54125019073486,115.35873001281297,115.82902622619442,0.03908830205425151,44.90948624337752,43.697547952951304,119.29212451691,111.96287578826578,2.2347284348288037,639008481,0.0043840419694956,-0.016738171229546794,-0.020521538769655123,0.6427687296827868,0.010912265095577564,115.0,1
2021-09-13,98.5286865234375,115.0,115.5,114.1500015258789,114.6500015258789,6322443,115.42000007629395,117.0429997253418,107.66725017547607,115.30354078007251,115.76761687610595,0.03624673552180735,46.77941633367913,51.26051605441345,118.71460091831828,112.12539923426961,2.1715334376353956,645330924,0.00392838879313584,-0.017094017094017144,-0.03483005852062493,0.7151010814812351,0.01173911716627038,115.9000015258789,1
2021-09-14,99.29977416992188,115.9000015258789,116.1500015258789,114.8000030517578,115.25,7369292,115.3025001525879,117.01399978637696,107.78775016784668,115.39530397173503,115.7774231464595,0.09456292546462358,50.405209050725134,66.38658048235679,118.34280772661215,112.26219257856364,2.1128523688129466,652700216,0.007826100225033938,-0.004723017919938233,-0.019873137201869673,0.8448556819483891,0.011647959071162492,124.1999969482422,1
2021-09-15,106.41095733642578,124.1999969482422,124.8499984741211,116.0,116.0,48721413,115.57000007629395,117.14799972534179,107.94050014495849,116.74987212196692,116.4013175021471,0.6601893760071289,70.41971800949962,94.96122907757093,120.28946893257617,110.85053122001173,2.601219838772178,701421629,0.07161341943994737,0.07207594807164686,0.04501471218180986,4.544833397228429,0.0712560281125381,124.0,0
2021-09-16,106.23960876464844,124.0,125.6999969482422,123.0,124.5,17684303,115.9,117.25599975585938,108.0897501373291,117.86527641089509,116.96418287235842,0.9701826357791821,69.68990941273043,87.50002103693572,121.84819175619566,109.95180824380435,2.608275346591465,683737326,-0.001610281426379978,0.08724240843489262,0.0562180441936897,1.5836979448651776,0.02177416893743711,123.75,0
2021-09-17,106.0254135131836,123.75,124.6999969482422,121.5500030517578,124.1500015258789,15763396,116.2599998474121,117.3779997253418,108.2387501525879,118.77061850152663,117.46683599292447,1.0982972846757324,68.73101938597588,85.33836376391997,123.12313213627758,109.39686755854663,2.6469695287266752,667973930,-0.0020161290322581182,0.08031424446217872,0.061776033974403344,1.372311729924414,0.0254544961332073,122.6999969482422,0
2021-09-20,105.12579345703124,122.6999969482422,123.9499969482422,121.8000030517578,122.5,7431359,116.68749961853027,117.4829997253418,108.3817501449585,119.37513826255979,117.85447754517024,1.0521403947704995,64.7041610787492,77.44360125902264,124.02070182122513,109.3542974158354,2.6114712692807984,660542571,-0.008484873145517602,0.066956495202106,0.07490140436331871,0.6591538612671265,0.017522363080345653,124.0999984741211,1
2021-09-21,106.32527923583984,124.0999984741211,125.4000015258789,122.0999984741211,122.3000030517578,8629222,117.22249946594238,117.61599975585938,108.52875015258789,120.10203983356922,118.31710872509252,1.053128628686121,67.44308192178606,87.96993214425632,125.06204373290551,109.38295519897925,2.6606521108862995,669171793,0.01140995566992098,0.07075061984715547,0.0943562328418519,0.7574831644063806,0.026591483419284415,124.4000015258789,1
2021-09-22,106.5823211669922,124.4000015258789,127.0,124.0,124.5999984741211,11698183,117.74499969482422,117.7479997253418,108.68200016021729,120.76326470930917,118.76769337700263,1.01101508201277,68.01584200203187,82.19178941196697,126.0231565534103,109.46684283623813,2.6848912458229925,680869976,0.0024174299391339638,0.001610342854678537,0.09170693161477894,1.0272989897759663,0.02411575533120802,126.1999969482422,1
2021-09-23,108.12449645996094,126.1999969482422,127.0,124.6500015258789,124.8000030517578,11053966,118.35499954223633,117.91499969482422,108.83900012969971,121.5996850537604,119.31823438227963,1.0375155369495994,71.28049357994176,94.52052647008267,127.21682062416971,109.49317846030294,2.6788274764157145,691923942,0.014469416401002633,0.017741910872920874,0.10701751708984397,0.9641133938120833,0.018621224492460862,124.25,0
2021-09-24,106.4538116455078,124.25,126.6999969482422,123.9499969482422,126.5,8598140,118.92999954223633,118.00199966430664,108.96750011444092,122.00742581472034,119.68355035396263,0.863952260981228,63.69545843037554,81.16438159309091,127.75475874540508,110.10524033906758,2.6839112281003064,683325802,-0.01545164021709089,0.004040404040404066,0.1019955654101996,0.7600983170014972,0.022132796780684104,126.8499984741211,1
2021-09-27,108.681396484375,126.8499984741211,127.8000030517578,124.5,125.3000030517578,8490460,119.60249938964844,118.12399963378907,109.10900009155273,122.75243699308969,120.21439836286326,0.8624923443599579,68.50738958196197,93.83113971748463,128.68525512889752,110.51974365039936,2.745774929790127,691816262,0.020925541039203965,0.03382234416541552,0.1186066734326523,0.749271778617205,0.026015002691789847,131.9499969482422,1
2021-09-28,113.0509262084961,131.9499969482422,133.64999389648438,127.3499984741211,127.5,35900138,120.45249938964844,118.35699951171875,109.27000007629394,124.1674462169593,121.08370196178022,1.1265583754500943,75.39617570162665,92.0000114889747,130.73692621943817,110.16807255985869,3.0353621078310664,727716400,0.04020495495048482,0.0632554276441677,0.14789039105111468,2.842255062466311,0.047745324502239096,140.64999389648438,1
2021-09-29,120.5048370361328,140.64999389648438,144.25,130.60000610351562,131.39999389648438,75859390,121.68749923706055,118.78799942016602,109.48225006103516,126.70322278304009,122.53305691990646,1.770383986723714,82.44907621939653,88.29266307799797,134.99921542801906,108.37578304610204,3.793550092734874,803575790,0.06593404433085959,0.13062694671450625,0.21302283396581512,4.78472269279925,0.09704937425401171,141.85000610351562,1
2021-09-30,121.532958984375,141.85000610351562,143.1999969482422,139.10000610351562,141.75,34614825,123.00999946594239,119.19699951171874,109.70000007629395,129.03349714003633,123.96394204461825,2.13581857520653,83.16589032112813,92.02659794634938,138.61783633276679,107.40216259911799,3.815438717877138,838190615,0.008531903726312517,0.12400958426086084,0.22920280960052852,2.0113413204528046,0.02890370580410534,139.89999389648438,0
2021-10-01,119.86225128173828,139.89999389648438,144.35000610351562,137.6999969482422,140.9499969482422,22452069,124.1799991607666,119.6259994506836,109.91375003814697,130.70526587179756,125.14439032994167,2.101711217315473,77.61826835198289,84.94073858727897,141.11243366621446,107.24756465531874,4.017908034834017,815738546,-0.013747001220487887,0.12595568528357637,0.20085831670802046,1.2440612286135175,0.047534020338799665,145.5500030517578,1
2021-10-04,124.70303344726562,145.5500030517578,149.35000610351562,140.5,143.4499969482422,58612212,125.6074993133545,120.15299957275391,110.12950004577637,132.98907159179146,126.65591719822436,2.2991920552213436,81.47424238525183,88.60569008604399,144.57012695852018,106.64487166818883,4.405915475705248,874350758,0.04038605719635724,0.14741824834512496,0.24401712010049414,2.8577711432575668,0.0608038881343654,145.39999389648438,0
2021-10-05,124.57451629638672,145.39999389648438,147.85000610351562,144.1999969482422,145.5500030517578,24390676,127.0549991607666,120.69099945068359,110.33350002288819,134.89844425405192,128.0443673240214,2.2560916733478082,81.0748682225041,85.79132455605436,147.3719089264619,106.73808939507127,4.351922167102976,849960082,-0.001030636565635068,0.10193252943778397,0.24860453161805918,1.140868319625538,0.025103227706268088,143.3000030517578,0
2021-10-06,122.77528381347656,143.3000030517578,147.3000030517578,142.8000030517578,146.4499969482422,14421296,128.42749938964843,121.16999954223633,110.52075004577637,136.1909917613913,129.17441441496484,1.9348736717950006,75.49573931541799,78.23740148339564,149.23402281669894,107.62097596259792,4.362499155167049,835538786,-0.014442853733691474,0.018841160826667203,0.23694436719193024,0.664149122950389,0.03140265111072375,142.8000030517578,0
2021-10-07,122.34690856933594,142.8000030517578,145.64999389648438,142.25,144.1999969482422,10035682,129.86499938964843,121.64899963378906,110.71025005340576,137.20776272914,130.1837172769495,1.5538734220472383,74.1867272679371,76.22503692848089,150.4712383534831,109.25876042581375,4.293748779546858,825503104,-0.0034891834567470914,0.006697193566202131,0.25208241324599334,0.4626807711196502,0.023809480558988842,141.10000610351562,0
2021-10-08,120.89039611816406,141.10000610351562,143.89999389648438,140.3000030517578,143.5500030517578,10686586,131.19249954223633,122.13499969482422,110.89350009918213,137.80656940212086,130.99233126410255,1.0752528863000332,69.75800856834198,69.724779118591,151.08981871393337,111.29518037053931,4.244194641345408,814816518,-0.011904740279494397,0.008577643026340454,0.23177653727133984,0.48715442158734656,0.025513753997186153,144.8000030517578,1
2021-10-11,124.06046295166016,144.8000030517578,146.75,141.4499969482422,142.0,17449923,132.68249969482423,122.69599975585938,111.09875011444092,138.88248227129577,132.01512176689184,0.902700202148524,73.47015053111686,82.08660861520531,151.95985248167742,113.40514690797104,4.344608873855334,832266441,0.026222514445022327,-0.005152868322052195,0.25913046131963324,0.7757891265676446,0.03660223024901015,144.5500030517578,0
2021-10-12,123.84626770019533,144.5500030517578,146.25,143.8000030517578,146.0,16030831,134.11499977111816,123.22299987792968,111.3340001296997,139.754408545213,132.94363149169672,0.6768934010087033,72.81974137136015,81.1023570014688,152.42470164803856,115.80529789419776,4.209279450597252,816235610,-0.0017265193006290591,-0.005845879507613283,0.24719586840973196,0.699236181865,0.016949131072414695,146.35000610351562,1
2021-10-13,125.38843536376952,146.35000610351562,147.25,144.6999969482422,145.5,19100941,135.22250022888184,123.795,111.5712501525879,140.76911586187495,133.9366962777574,0.5588287452879781,74.56562279135919,88.18898063516188,153.6783007685807,116.76669968918299,4.10147355757189,835336551,0.012452459451787856,0.021284040382443026,0.17834146295916575,0.890686909089534,0.01742400372675185,149.39999389648438,1
2021-10-14,128.0015869140625,149.39999389648438,150.60000610351562,146.85000610351562,147.5,29263867,136.49249992370605,124.4299998474121,111.82550010681152,142.09694325181488,135.08212573099644,0.5929813455910864,77.23405615309714,95.40225315552853,155.17876064444056,117.80623920297155,4.112082589173898,864600418,0.02084036669469924,0.04621842229467177,0.20483866045551924,1.328716714942216,0.02510040263186546,149.5500030517578,1
2021-10-18,128.13011169433594,149.5500030517578,151.6999969482422,148.6999969482422,151.25,25346029,137.78250007629396,125.06399993896484,112.0735001373291,143.2435678364215,136.15382034734913,0.5343290510760212,77.35986714101801,91.17045572397319,156.3336551582624,119.23134499432553,4.03264811851862,889946447,0.0010040773855544138,0.05988658102568034,0.20848487314551778,1.1263254964754654,0.020060180132271406,149.64999389648438,1
2021-10-19,128.21578979492188,149.64999389648438,152.10000610351562,148.10000610351562,150.9499969482422,20234486,139.12999992370607,125.72699981689453,112.31950012207031,144.22917184566194,137.15353690654433,0.4161732008969974,77.44932522848384,88.60459438590117,157.0060574676125,121.25394237979965,4.030316110053004,910180933,0.0006686114522642672,0.0334944112051776,0.2196413823841441,0.8743073919315758,0.026729035503782732,146.25,0
2021-10-20,125.3027572631836,146.25,150.64999389648438,145.3000030517578,150.64999389648438,16129487,140.2375,126.29899978637695,112.55775012969971,144.54006848479088,137.82734898754106,0.04260620722337016,67.65955776136806,59.37498344316476,156.95892036848153,123.5160796315185,4.124578591101115,894051446,-0.022719639392943858,0.011760615097555327,0.17848510715733745,0.6858224324970504,0.03658113398103632,147.89999389648438,1
2021-10-21,126.71641540527344,147.89999389648438,148.5500030517578,145.89999389648438,147.6999969482422,20818539,141.41249961853026,126.9229997253418,112.80175010681153,145.05698008658987,138.57347083264796,-0.14928322886762668,69.66360343200441,70.83326710599236,156.7637501762033,126.06124906085721,4.01925220282771,914869985,0.011282009548611027,0.010590965003939967,0.18890668876492556,0.8683625870022363,0.01791757447352017,144.89999389648438,0
2021-10-22,124.1461181640625,144.89999389648438,148.10000610351562,144.0,147.85000610351562,11379569,142.34749946594238,127.53399963378907,113.02950008392334,145.0328283650352,139.0421021707099,-0.513653030787415,62.12560733960415,38.98296317848253,156.07019856615082,128.62480036573393,4.0250203385911325,903490416,-0.020283976496305423,-0.030120483158238565,0.1481774754393339,0.474331379276635,0.028295419435591163,143.89999389648438,0
2021-10-25,123.28931427001952,143.89999389648438,146.25,143.14999389648438,144.6999969482422,14079380,143.3299991607666,128.0729995727539,113.25375003814698,144.8585461391043,139.40194600224876,-0.8382232706057202,59.80268811941682,30.508389099020462,154.25837499622168,132.4016233253115,3.958947893228596,889411036,-0.006901311539836197,-0.03778006713458926,0.1581488442372987,0.5802384030117216,0.021542781341225347,143.1999969482422,0
2021-10-26,122.68960571289062,143.1999969482422,145.64999389648438,142.4499969482422,145.3000030517578,16224116,144.14749908447266,128.55399948120117,113.47450000762939,144.60338472512552,139.6832831093594,-1.099777433356108,58.163257611570536,24.576213105744674,152.04949057324342,136.2455075957019,3.9047371114438527,873186920,-0.004864468227467333,-0.04310054935721397,0.12889238211111764,0.6581390429753974,0.02234634788015244,141.3000030517578,0
2021-10-27,121.06175231933594,141.3000030517578,144.5500030517578,140.85000610351562,144.0,15072448,144.61499938964843,129.01499954223632,113.69300003051758,144.09517215999205,139.80304014212965,-1.3821976250078691,53.848221696662655,8.474574079462062,150.397133805748,138.83286497354885,3.8901128140723054,858114472,-0.013268114085024041,-0.03384613297943373,0.07086022220359123,0.6383893657522485,0.026185398926614947,137.35000610351562,0
2021-10-28,117.67749786376952,137.35000610351562,141.85000610351562,136.3000030517578,141.3000030517578,19999659,144.45,129.38499969482422,113.89050006866455,143.05745430514952,139.6213339170471,-1.790567403814288,46.1781191573178,6.6455876515859,150.83247216906213,138.06752783093785,4.008676402478413,838114813,-0.02795468409717805,-0.07133190147629564,-0.023462409784372085,0.9607308015673947,0.04040773793322572,132.64999389648438,0
2021-10-29,113.6506576538086,132.64999389648438,136.89999389648438,128.5500030517578,131.0,29217522,143.98999938964843,129.68999954223634,114.06875003814697,141.45630654997026,139.1049383599684,-2.3002556815318673,39.05051629312582,17.40972532239452,152.13773428340926,135.8422644958876,4.350914020284084,808897291,-0.034219235516371405,-0.08454106636299319,-0.0648573268323831,1.4219664135460477,0.06294754036131066,134.3000030517578,1
2021-11-01,115.06436157226562,134.3000030517578,135.3000030517578,130.89999389648438,133.1999969482422,10043407,143.70999984741212,130.04499954223633,114.23950004577637,140.3553367810145,138.7490172260269,-2.4362434532368997,42.411124645122,24.41613271710727,152.73804292125942,134.68195677356482,4.3544208156404665,818940698,0.012438818177112454,-0.06671293434266856,-0.0400285281561209,0.5040142154452162,0.032762539503277004,136.64999389648438,1
2021-11-02,117.0777587890625,136.64999389648438,140.8000030517578,135.0,135.0,21525811,143.26499938964844,130.49499938964843,114.4277500152588,139.78528402954834,138.59353401643114,-2.280650396085845,46.90161419154034,34.39486112559958,152.75209981921225,133.77789896008463,4.507676471666147,840466509,0.017498069927972315,-0.045740245749622654,-0.061147433656243755,1.191080139091339,0.04244422474070107,136.75,1
2021-11-03,117.16341400146484,136.75,138.9499969482422,135.5500030517578,137.9499969482422,9808728,142.8324996948242,130.96199935913086,114.61075000762939,139.31831725577166,138.45697594113994,-2.088847275657064,47.0906883704589,34.81951543794015,152.67293940639797,132.99205998325044,4.428556287724592,850275237,0.0007318412585615164,-0.03220101170196832,-0.05949101966704773,0.5655591936221489,0.024862843849977147,137.14999389648438,1
2021-11-04,117.50614166259766,137.14999389648438,138.3000030517578,136.9499969482422,138.3000030517578,1026849,142.52499923706054,131.4259992980957,114.78374996185303,138.98472904665053,138.36016245635065,-1.8604975999911213,47.88994088560805,36.51800310100021,152.6675083025188,132.38249017160229,4.222945342298393,851302086,0.0029250010711836527,-0.0014562227749775891,-0.04291702040684642,0.061584977005394066,0.009843282271923092,140.3000030517578,1
2021-11-08,120.20499420166016,140.3000030517578,140.60000610351562,136.5500030517578,138.6999969482422,12765483,142.39999923706054,131.95199935913087,114.9742499923706,139.1870788935901,138.50385435230675,-1.4414717192061186,53.807788651683786,49.893836421914855,152.5873927372747,132.21260573684637,4.210592321545495,864067569,0.022967621549082606,0.057670633300166196,-0.01750700242698089,0.7593898865961486,0.02886673530765166,138.5,0
2021-11-09,118.66278076171876,138.5,141.39999389648438,138.0500030517578,140.75,9556650,142.26999893188477,132.46699935913085,115.1645000076294,139.0813744484224,138.50356884472848,-1.237512525436442,50.29302527578226,45.022629276864286,152.58597626760942,131.95402159616012,4.149120787487,854510919,-0.012829672220989075,0.03127324536711695,-0.01842669022712995,0.5704207335266291,0.024187659528711644,137.39999389648438,0
2021-11-10,117.7203369140625,137.39999389648438,138.25,136.75,138.1999969482422,5479056,141.8999984741211,132.94699920654296,115.36374996185303,138.822700517355,138.42182255226595,-1.1315521312330465,48.22009110019352,44.24995422363281,152.35633591492004,131.44366103332217,3.9777550169522145,849031863,-0.007942282335852924,0.005488474449315772,-0.051105034525643966,0.339152431762148,0.010917031052636606,136.64999389648438,0
2021-11-11,117.0777587890625,136.64999389648438,137.75,134.35000610351562,137.5,11418813,141.50499801635743,133.38099914550781,115.54874992370605,138.48843796029797,138.29057598517102,-1.0676544969561148,46.80361895708471,41.432171766327485,152.12662199718363,130.88337403553123,3.936486365490226,837613050,-0.005458515526318264,-0.0007313060586151554,-0.05465243160489419,0.7170575455168506,0.024881039504911735,136.4499969482422,0
2021-11-12,116.90641784667967,136.4499969482422,138.1999969482422,134.64999389648438,138.1999969482422,9306659,141.00999755859374,133.7909991455078,115.73949989318848,138.17483165075095,138.15423679725038,-0.9959372948660006,46.412095329594585,44.632741573827985,151.60502378150235,130.41497133568512,3.9088804145093397,828306391,-0.0014635708538244252,-0.005103878814391449,-0.0676461137163944,0.6029648701168867,0.02601687893847582,137.14999389648438,1
2021-11-15,117.50614166259766,137.14999389648438,137.64999389648438,136.0,137.3000030517578,3991733,140.39749755859376,134.22599899291993,115.9447498703003,138.01716430394072,138.07984843423068,-0.8633730229252288,48.05012041071536,50.29237104754766,150.38025637609798,130.41473874108954,3.7475313775075563,832298124,0.0051300620292993315,-0.022451953576304473,-0.08199464859742722,0.28167882948577505,0.012030579437938057,134.3000030517578,0
2021-11-16,115.06436157226562,134.3000030517578,137.8000030517578,134.0,137.6999969482422,5762128,139.63499755859374,134.5819990539551,116.14599987030029,137.44529334206644,137.79985988738085,-0.9242043503597399,42.37130660616883,35.9375,149.0164721281994,130.25352298898807,3.7512793542397174,826535996,-0.020780101870639722,-0.030324887712939952,-0.10197258233904627,0.4367887036063827,0.02829488432917854,136.4499969482422,1
2021-11-17,116.90641784667967,136.4499969482422,138.0,134.0,134.0,15264066,138.97499771118163,134.97099899291993,116.36224987030029,137.29217081993963,137.69987004003724,-0.7818696201143517,47.41982159395679,59.39843672021009,147.2356563625131,130.71433905985015,3.769045114651166,841800062,0.016008889409003135,-0.006914097455913315,-0.0882057967698473,1.179283804742798,0.029314767969670738,135.3000030517578,0
2021-11-18,115.92112731933594,135.3000030517578,137.60000610351562,134.75,136.60000610351562,9942974,138.42749786376953,135.34799911499024,116.58224987030029,136.9856834709886,137.5221021149795,-0.7284712352061222,45.14185540376032,52.52922030500976,146.11875540145797,130.7362403260811,3.7033994709986273,831857088,-0.00842795106049421,-0.009879187010789159,-0.07487177400507483,0.7869900851099987,0.02106434618797001,130.14999389648438,0
2021-11-22,111.50873565673828,130.14999389648438,136.89999389648438,129.6999969482422,135.0,15990636,137.53999786376954,135.6339990234375,116.7749998474121,135.93403892106485,136.9760200247206,-0.9872269558967732,36.65070013119822,3.846128765954894,144.73462055566762,130.34537517187147,3.9531564336588816,815866452,-0.0380636292617329,-0.04617078191762447,-0.12001352760314021,1.290318264918408,0.05532076285742089,133.5,1
2021-11-23,114.3789291381836,133.5,133.75,128.14999389648438,130.0500030517578,11510010,136.96999816894532,136.02299896240234,116.9977498626709,135.5595713947472,136.7185370599265,-0.8833692139362486,44.02624486575336,40.377404554834904,143.51930388008094,130.4206924578097,4.0707885529343635,827376462,0.025739579413119884,-0.0266131539111788,-0.07867490943186961,0.9282785366123383,0.041947611262289325,135.35000610351562,1
2021-11-24,115.96397399902344,135.35000610351562,137.3000030517578,133.5500030517578,134.5,7570759,136.54249877929686,136.4389990234375,117.21449989318847,135.52733058071158,136.61716439648865,-0.6513898916272184,47.65095507445957,54.339714770047166,142.2942193120578,130.79077824653592,4.051446731421753,834947221,0.01385772362183979,0.00781833974607693,-0.05941617898274032,0.6270363723773246,0.027705946294025296,135.1999969482422,0
2021-11-25,115.83544921875,135.1999969482422,136.6999969482422,132.3000030517578,135.5,13919886,136.1424987792969,136.84299896240233,117.4197498703003,135.47697156033166,136.51218902995186,-0.47741883637627336,47.383013065742475,53.20757020194576,141.03517646604055,131.24982109255322,4.076342957497654,821027335,-0.0011083054932314873,-0.009160864990522155,-0.05586592297827697,1.1640001069182992,0.03254433428847486,128.85000610351562,0
2021-11-26,110.39495086669922,128.85000610351562,134.0500030517578,128.0,133.1999969482422,13323593,135.51999893188477,137.10199905395507,117.57924991607666,134.45743841312918,135.9446199242899,-0.7435063023334352,37.71524630141637,6.343332020014074,140.78349496849594,130.2565028952736,4.299461099693692,807703742,-0.04696738896493835,-0.04767181672401588,-0.08811037989632442,1.1223439347785378,0.04695384373437558,126.5,0
2021-11-29,108.38152313232422,126.5,129.35000610351562,125.0500030517578,127.8000030517578,16077669,134.97749862670898,137.14799911499023,117.71649990081787,133.2332171188016,135.24501844841657,-1.014500896630152,34.87897495073828,8.868487829825755,141.4682193185548,128.48677793486317,4.2994998105554165,791626073,-0.018238308049653318,-0.028044518383822714,-0.0789953084919296,1.377087926861507,0.03399211898622788,127.25,1
2021-11-30,109.02410888671876,127.25,129.4499969482422,124.6999969482422,127.8000030517578,22883512,134.70749893188477,137.21299911499023,117.85524990081787,132.3127221774475,134.65279485964498,-1.0742177993701252,36.51974032022141,18.819206475580792,141.96678588791903,127.44821197585051,4.331678395515743,814509585,0.005928853754940677,-0.04681647940074907,-0.04070858759856677,2.014673676784179,0.03732809430255392,127.6999969482422,1
2021-12-01,109.40965270996094,127.6999969482422,132.9499969482422,125.8499984741211,130.0,17010938,134.37749862670898,137.29199905395507,117.9922498703003,131.60307214218517,134.13777279213366,-1.0150766136969143,37.53665260954473,22.222222222222246,142.2546461139706,126.50035113944737,4.529415543987554,831520523,0.003536321793651931,-0.05652019808128195,-0.04914375244632008,1.453082090301612,0.05559904967733694,128.6999969482422,1
2021-12-02,110.26642608642578,128.6999969482422,130.3000030517578,126.5999984741211,127.6999969482422,12916313,133.97999877929686,137.41199905395507,118.1359998703003,131.15644518927087,133.73497458147503,-0.8471242847620672,39.84290468411719,29.629629629629555,142.15504533163346,125.80495222696028,4.470171903533923,844436836,0.007830853750179001,-0.048076924162123724,-0.058177806830086665,1.1454366185111189,0.028749064999004682,127.0,0
2021-12-03,108.80992126464844,127.0,130.25,126.4000015258789,128.6999969482422,12827354,133.49249877929688,137.46999908447265,118.2717498779297,130.51699208322918,133.23608757543985,-0.7901523078148611,37.32024410422075,17.29325206022278,142.10006849276007,124.8849290658337,4.425873801433006,831609482,-0.013208989810045257,-0.014357827053802175,-0.07129798903107865,1.1225228689126763,0.03031494861512672,124.3499984741211,0
2021-12-06,106.53946685791016,124.3499984741211,127.5999984741211,124.0,127.0,8158812,132.8524990081787,137.4689990234375,118.4069998550415,129.56822383567408,132.57785875311993,-0.8645533864400337,33.73460837503822,2.4999891008649553,142.152685339838,123.55231267651943,4.366882706625012,823450670,-0.02086615374707801,-0.01699605949311389,-0.09332844325187672,0.6923722278186755,0.02895053090708563,125.3499984741211,1
2021-12-07,107.39624786376952,125.3499984741211,126.4000015258789,124.0,125.0999984741211,8701301,132.10499877929686,137.4519990539551,118.55399986267089,128.91926608774284,132.0424616954163,-0.7824912613341191,36.22468583488078,9.642846243722099,141.2931911473174,122.91680641127633,4.2263911937145755,832151971,0.00804181754942368,-0.014931249712211492,-0.10655740735886898,0.7513659582514896,0.019146402513713585,127.25,1
2021-12-08,109.02410888671876,127.25,127.6500015258789,124.8499984741211,124.8499984741211,12093435,131.54249877929686,137.51199905395507,118.71424987792969,128.66245592039778,131.6874645327929,-0.5474434128446117,40.77819642274964,23.897048098823053,140.46955028013338,122.61544727846034,4.124506326431949,844245406,0.015157571192720543,-0.0035238602897116333,-0.08122743682310474,1.0329663234555293,0.022003953255464146,126.0500030517578,0
2021-12-09,107.99597930908205,126.0500030517578,127.6500015258789,125.6500015258789,127.25,11518172,130.97499923706056,137.49599914550782,118.85449989318847,128.26054009445315,131.26987479345695,-0.4254155995626405,38.88960442609027,15.413553243409646,139.78269346600985,122.16730500811127,3.972755874543953,832727234,-0.009430231420370916,-0.02059047365440192,-0.08260546833268079,0.9590933277757044,0.015866719171587593,126.1500015258789,1
2021-12-10,108.08164978027344,126.1500015258789,126.6999969482422,124.4000015258789,126.0999984741211,8389566,130.44999961853028,137.37999923706056,118.98849990844727,127.93584185313404,130.8906249217845,-0.29669117536744816,39.14254693340292,16.165421297363903,139.0922207993682,121.80777843769238,3.8532729851024774,841116800,0.0007933238532333853,-0.006692901371032289,-0.0768385864587704,0.707504058154681,0.01823222667097206,125.8000030517578,0
2021-12-13,107.78179168701172,125.8000030517578,128.60000610351562,125.5,127.5999984741211,13223189,129.91749992370606,137.082999420166,119.10049991607666,127.60725126830692,130.51354182030104,-0.19855892696887611,38.541248647053855,13.53385442659653,138.32453645636497,121.51046339104715,3.7994682078462736,827893611,-0.0027744627022403545,0.011660672259183658,-0.07805052498846232,1.0970139272982766,0.024642337267990304,126.3499984741211,1
2021-12-14,108.25302124023438,126.3499984741211,127.4499969482422,125.0,125.0,11649242,129.37750015258788,136.77299926757811,119.21124992370605,127.4138277615091,130.2051312020655,-0.06685745242493013,40.098491169569265,18.503929439497686,137.22577918404022,121.52922112113554,3.7030774035888396,839542853,0.004371982583633249,0.007977662641986072,-0.07874586877863599,0.9366843970850656,0.019390557798415867,126.6999969482422,1
2021-12-15,108.55288696289062,126.6999969482422,128.4499969482422,125.9000015258789,126.1500015258789,11916145,128.99749984741212,136.50899932861327,119.33449989318848,127.3040076363911,129.94549162770824,0.0663695974514753,41.120901972239864,26.865633118090987,136.5873272862403,121.40767240858392,3.620714404929871,851458998,0.0027700710593423494,-0.004322224375306827,-0.056589768658356965,0.9350118490673214,0.020126246912262922,127.4000015258789,1
2021-12-16,109.15264129638672,127.4000015258789,128.1999969482422,126.25,127.5500030517578,10758513,128.54500007629395,136.14599929809572,119.45449989318848,127.31877592708153,129.7569368053505,0.21575416839970574,43.20870188910358,37.988856817953206,135.34124271098747,121.74875744160042,3.5013774437378937,862217511,0.0055248981412576725,0.010710023335475771,-0.0663246289832905,0.8593678605970504,0.015306098311514403,125.5500030517578,0
2021-12-17,107.56759643554688,125.5500030517578,127.6999969482422,124.0999984741211,127.4000015258789,13041775,128.05750007629393,135.74899948120117,119.56624992370605,127.04665702318557,129.44531208286216,0.2042079895936757,39.247765755169176,17.318475757270786,134.21430747504513,121.90069267754274,3.50842180305098,849175736,-0.01452118094162913,-0.0047562304150905454,-0.07206208263181069,1.0290147396556473,0.028673822274914752,121.75,0
2021-12-20,104.31187438964844,121.75,125.4499969482422,119.0999984741211,124.5,14185935,127.63750038146972,135.31799942016602,119.63499992370606,126.23178671192625,128.8752889656131,-0.03251136353326922,32.630892297370764,19.133587132377446,134.29196382608274,120.98303693685672,3.718534858378532,834989801,-0.030266849537162077,-0.03219398214236535,-0.06454087046031953,1.1273167320257351,0.052156044961980355,122.1999969482422,1
2021-12-21,104.69740295410156,122.1999969482422,124.6999969482422,120.8499984741211,123.5500030517578,10168470,127.07250022888184,134.9059992980957,119.70949989318848,125.61151136366718,128.3808228902523,-0.12665650914522786,34.04887331211238,27.678546491944648,133.55667260535463,120.58832785240905,3.7279251166458587,845158271,0.003696073496855856,-0.03284528354568117,-0.08464421761616325,0.8123903649763065,0.031505716614311986,122.5500030517578,1
2021-12-22,104.9972915649414,122.5500030517578,123.9000015258789,121.6500015258789,123.0500030517578,7885198,126.43250007629395,134.53499923706056,119.77999992370606,125.14051008491188,127.94891030962307,-0.1325961658170458,35.19146887169099,30.94174085653101,131.9816681282692,120.88333202431868,3.6223590368854404,853043469,0.0028642071379416656,-0.032754490895368416,-0.09456965256409655,0.6291824370921733,0.01835985266397533,124.5500030517578,1
2021-12-23,106.71084594726562,124.5500030517578,125.4000015258789,122.8000030517578,123.0999984741211,9836979,125.90000038146972,134.12999923706056,119.83999992370606,125.04966284904202,127.69713940163305,0.022662005042493494,41.43522397605927,57.36842316603543,129.77220919539818,122.02779156754129,3.5671904252594167,862880448,0.016319869034644663,-0.022370474411196772,-0.07877214598282467,0.7979181697033783,0.020875137779327528,121.25,0
2021-12-24,103.88349151611328,121.25,125.0,120.9000015258789,124.8000030517578,8509575,125.52000007629394,133.66399917602538,119.88274993896485,124.46509933380477,127.21957352003061,-0.06746850287384909,35.378686410978574,22.63157683396443,129.64315349672881,121.39684665585906,3.6052481430352508,854370873,-0.026495407233241508,-0.03424932654111623,-0.0589833585060906,0.7039918367945629,0.03381442040512242,121.8499984741211,1
2021-12-27,104.39755249023438,121.8499984741211,122.1500015258789,120.5999984741211,121.25,5097217,125.2875,133.1739990234375,119.93799991607666,124.06277612462267,126.8218272203336,-0.05763632988715539,37.17671202623925,28.947345173608742,129.67906821288645,120.89593178711353,3.4584449222297198,859468090,0.004948441023679084,0.0008213427032532916,-0.03675890534291626,0.4417541928386252,0.012720583267688816,124.0999984741211,1
2021-12-28,106.32527923583984,124.0999984741211,124.5999984741211,121.9499969482422,122.0,6511374,125.12999992370605,132.66799911499024,120.01499992370606,124.06850263993013,126.62021027616971,0.11976570366735251,43.52285539961464,52.63153667928862,129.45416423569716,120.80583561171494,3.4078417134990255,865979464,0.018465326451997166,0.015548294380757222,-0.02475443242340991,0.607405699070114,0.02135375953635893,123.1500015258789,0
2021-12-29,105.51134490966795,123.1500015258789,124.75,122.1999969482422,124.5999984741211,8960770,124.90250015258789,132.13999908447266,120.07799991607666,123.92719477622994,126.36315777614817,0.18840827199096388,41.611560943169806,42.63157683396443,129.1397721763689,120.66522812880689,3.3465675233746524,857018694,-0.007655092344262093,0.004895948259321603,-0.03563034871651127,0.8685048585206248,0.020706480066278662,126.9000015258789,1
2021-12-30,108.7242431640625,126.9000015258789,127.8499984741211,122.25,123.25,32394253,124.81250038146973,131.68499923706054,120.16499992370605,124.38454966079132,126.40292397983194,0.4847975622948626,50.796922007140786,82.10522934343089,128.79193254359677,120.8330682193427,3.5075268769993984,889412947,0.0304506695374418,0.018867911814860028,-0.013985978749379235,2.8689406981508325,0.0441292230637135,124.4000015258789,0
2021-12-31,106.5823211669922,124.4000015258789,126.8000030517578,124.0,126.8000030517578,9155163,124.68250045776367,131.24799926757814,120.23874992370605,124.3869268708048,126.25455935361319,0.508431518821673,45.641942840217276,56.68453386839741,128.53545783584036,120.82954307968699,3.4641322090622206,880257784,-0.019700551378560638,0.025979394027867198,-0.020472428930087383,0.8242136830863614,0.022508062840942283,126.0,1
2022-01-03,107.9531478881836,126.0,126.5500030517578,124.6999969482422,125.4000015258789,9034081,124.76500053405762,130.80999938964842,120.32324993133545,124.63509196760407,126.23570310519739,0.6203622912293949,49.195443686409526,73.79681980672741,128.65641480162856,120.87358626648667,3.370265731691983,889291865,0.012861723910736922,0.03405828131184019,0.013269011227388994,0.810121212514962,0.014682588123139655,132.89999389648438,1
2022-01-04,113.86486053466795,132.89999389648438,133.3000030517578,126.75,127.0,33986738,125.14250030517579,130.56999938964844,120.43524990081787,125.90661534127796,126.72935427492234,1.1185875961426608,61.0275910462408,97.18303502589427,130.4094025803701,119.87559802998148,3.650961254553828,923278603,0.05476185632130459,0.0709105199884299,0.06023131642815294,2.7373803333247557,0.04928520205094668,132.0,0
2022-01-05,113.09376525878906,132.0,132.85000610351562,130.6999969482422,132.60000610351562,16122852,125.38000030517578,130.33199951171875,120.54749988555908,126.8440591349275,127.11977247677994,1.3324905503476887,59.09436551548437,90.8450518825525,131.38261506847792,119.37738554187365,3.547320946960139,907155751,-0.006771963414726523,0.07186356771795355,0.037328094302554016,1.2778409538010365,0.01628794814601089,130.89999389648438,0
2022-01-06,112.1513214111328,130.89999389648438,132.35000610351562,129.3000030517578,132.35000610351562,8037648,125.62249984741212,130.0859994506836,120.66924983978271,127.46804909824395,127.39978887823952,1.3411712897636474,56.72898234985942,83.09853252404467,132.0878262118121,119.15717348301214,3.511798240159973,899118103,-0.008333379572088018,0.03152082208438545,0.0384767213590238,0.6459452504958286,0.023300253582668254,131.35000610351562,1
2022-01-07,112.53688049316406,131.35000610351562,132.1999969482422,129.4499969482422,131.3000030517578,8820039,125.88250007629395,129.88699951171876,120.80699985504151,128.06527325290114,127.69239756159331,1.3166294088536323,57.478832514015046,84.64569885529086,132.8132474025723,118.9517527500156,3.4573840801485463,907938142,0.003437832146784725,0.05586820331502085,0.041220804714536374,0.7075981051152073,0.020936428414268612,131.85000610351562,1
2022-01-10,112.96526336669922,131.85000610351562,132.3000030517578,130.75,131.9499969482422,7324926,126.18500022888183,129.77699951171874,120.92374988555908,128.64753984530336,128.00036856469868,1.27273999852039,58.342606007409664,88.5827053102369,133.58703357226966,118.782966885494,3.3211425781206367,915263068,0.003806623348048932,0.04642861986917168,0.04809223294906184,0.6018914957965383,0.011755805688328166,132.3000030517578,1
2022-01-11,113.3508071899414,132.3000030517578,134.0,131.0,132.14999389648438,11971883,126.48250045776368,129.7699996948242,121.03599990844727,129.20945726168097,128.31886000818454,1.2129327771297063,59.146952911617674,87.31345705476937,134.35074543948963,118.61425547603771,3.2982038225405916,927234951,0.0034129459796072847,-0.004514604005128042,0.047091449540898944,0.9824311415268011,0.022675736438391113,133.85000610351562,1
2022-01-12,114.6788101196289,133.85000610351562,134.1999969482422,132.35000610351562,133.35000610351562,10439580,126.84000091552734,129.7609997558594,121.16199993133544,129.92338785273245,128.72857453376463,1.21371907408088,61.87744524675834,97.42653761768763,135.33968442296535,118.34031740808933,3.1983316849651477,937674531,0.011715820226787299,0.01401519775390625,0.05643259137720613,0.861909845565012,0.013821372882835989,134.9499969482422,1
2022-01-13,115.62125396728516,134.9499969482422,136.64999389648438,133.5,134.39999389648438,15114699,127.21750068664551,129.72699981689453,121.30674991607665,130.69671232896474,129.18942063854075,1.2209579564296367,63.73013884493394,89.40811568161885,136.42436130312316,118.01064007016784,3.1948789857879496,952789230,0.00821808587648376,0.030939673342999185,0.05926212976402234,1.225851645760911,0.023341933810435745,135.35000610351562,1
2022-01-14,115.96397399902344,135.35000610351562,136.14999389648438,133.3000030517578,134.39999389648438,9344382,127.7075008392334,129.69899993896485,121.46849994659424,131.41260367889564,129.64576030261298,1.1844077138306435,64.40753880773843,91.15654379013867,137.52978677539488,117.88521490307193,3.170244118569279,962133612,0.0029641286722432714,0.03045298678439079,0.07805657358461215,0.7693959832205746,0.02105645154198878,136.60000610351562,1
2022-01-17,117.0349349975586,136.60000610351562,137.35000610351562,134.4499969482422,134.64999389648438,9803141,128.45000114440919,129.68800018310546,121.6304999923706,132.21066559037564,130.16088962119835,1.173872245380226,66.51232979000342,95.04950794211936,138.59835278022345,118.30164950859492,3.150941621191005,971936753,0.009235315431341817,0.036025785211346584,0.12197130269828027,0.8220009571733515,0.0212299343023148,135.0,0
2022-01-18,115.66410064697266,135.0,137.75,134.39999389648438,136.60000610351562,6473378,129.09000129699706,129.58200012207033,121.76700000762939,132.63979396108707,130.51934224185032,0.9956383963517412,61.499116944647554,82.25806451612904,139.19537742330283,118.98462517069129,3.165160512785621,965463375,-0.011713074905012388,0.02040813972760014,0.10474634510162262,0.5513389958693978,0.024814860026041666,134.8000030517578,0
2022-01-19,115.49273681640624,134.8000030517578,135.3000030517578,132.9499969482422,134.10000610351562,21136414,129.70250129699707,129.50800018310548,121.90825000762939,132.97213382119025,130.8364282277694,0.808713816428682,60.88140631918484,78.54547674005681,139.63147456982026,119.77352802417387,3.106935197837764,944326961,-0.0014814588758680358,0.007097474074879706,0.0999591978371992,1.704033551260358,0.017433279304996132,134.89999389648438,1
2022-01-20,115.5784149169922,134.89999389648438,136.35000610351562,134.14999389648438,134.5,8466412,130.2200008392334,129.45800018310547,122.04324996948242,133.2687276789278,131.13743309211867,0.6434422478535706,61.09182225844758,78.16087787709952,140.09959725702717,120.34040442143962,3.0421549842087274,952793373,0.0007417718283595498,-0.00037053021777389006,0.08309908142214617,0.6863604954145045,0.016308467802596278,134.10000610351562,0
2022-01-21,114.89300537109376,134.10000610351562,136.10000610351562,132.5500030517578,134.0500030517578,12437749,130.86250114440918,129.4070004272461,122.1822499847412,133.39661666732593,131.35688294481474,0.4415051068444993,58.385924581862035,66.8182373046875,139.96601167435756,121.75899061446081,3.0784298461765194,940355624,-0.005930228533461812,-0.009235315431341817,0.1059794317815721,0.9925080845097551,0.026472803058766932,132.60000610351562,0
2022-01-24,113.60784912109376,132.60000610351562,135.25,131.0,133.0,14284658,131.4000015258789,129.33000061035156,122.315,133.2740611959705,131.44896614175556,0.1814931508385913,53.592712846467535,39.053304657634186,139.52877887236548,123.27122417939232,3.1621134285924826,926070966,-0.011185681817509452,-0.029282575558369994,0.08822328899476894,1.099580502111961,0.032051280575976684,135.3000030517578,1
2022-01-25,115.92112731933594,135.3000030517578,135.64999389648438,131.0500030517578,131.1999969482422,10007486,131.96000175476075,129.29300079345703,122.46425003051758,133.5857445583993,131.73422813508907,0.16633161594712642,59.96398292688172,71.00594280389831,139.52350713207085,124.39649637745067,3.264818958316346,936078452,0.02036196699820958,0.0022222448278357287,0.09024983654590679,0.7601115331081045,0.03399845337007773,135.0,0
2022-01-27,115.66410064697266,135.0,136.0,133.14999389648438,134.1999969482422,18760325,132.5525016784668,129.30700073242187,122.61425003051758,133.80332231864557,131.97613716211953,0.11360027933033945,58.994811208882986,66.8674820617374,139.0430706838671,126.06193267306651,3.235189468687723,917318127,-0.002217317405699193,0.0014836568524809746,0.09622410334790721,1.373800015903144,0.021111156322337964,140.14999389648438,1
2022-01-28,120.07644653320312,140.14999389648438,144.0,138.0,140.0,34009553,133.21500129699706,129.38100067138672,122.80099998474121,134.7797333306208,132.58160803133174,0.38763233767467464,68.4283270128944,70.94335016214623,139.9623036498798,126.46769894411432,3.6469616494957426,951327680,0.03814810293692128,0.03891771858810156,0.10441286218505974,2.4758428975427234,0.042811275499816545,142.0500030517578,1
2022-01-31,121.70430755615234,142.0500030517578,143.39999389648438,138.5500030517578,142.0,27928927,134.097501373291,129.5160006713867,123.01599998474121,135.89823636464186,133.28297062543737,0.6438182220720936,71.07244123845246,85.00002347506009,140.6152824766223,127.57972026995971,3.732892306297944,979256607,0.01355696923309746,0.05928409087547215,0.1418810394645147,1.9031320948673454,0.03414284224238562,141.14999389648438,0
2022-02-01,120.9332275390625,141.14999389648438,144.14999389648438,140.4499969482422,144.0,17413984,134.85500106811523,129.7360006713867,123.21874996185302,136.7061990618484,133.86571308995937,0.6952307638053026,68.16044409054231,77.18630119819261,140.93939683270483,128.77060530352563,3.73054263786539,961842623,-0.006335861569432777,0.06447954298202752,0.12023804679749506,1.1536841536764622,0.026213227830216318,141.14999389648438,0
2022-02-02,120.9332275390625,141.14999389648438,142.75,140.75,142.0,10783943,135.26750106811522,129.8890005493164,123.41774993896485,137.38985980563854,134.40528944599825,0.6714521212452524,68.16044409054231,77.18630119819261,141.86297096447387,128.67203117175657,3.6069324494464334,972626566,0.0,0.043237181912617606,0.062076752286579495,0.7739246749069484,0.014169324027507549,136.64999389648438,0
2022-02-03,120.49234771728516,136.64999389648438,138.60000610351562,136.3000030517578,137.5,9571728,135.50000076293946,129.9150003051758,123.58874992370606,137.27603428115327,134.57156384973797,0.31308175441621433,55.075226293235154,42.96575299548154,141.94445134925564,129.05555017662329,3.6957223348235857,963054838,-0.03188097906189202,0.012222177010995372,0.03522722648851806,0.7034651032129378,0.016831343977227832,134.1999969482422,0
2022-02-04,118.33204650878906,134.1999969482422,137.4499969482422,133.89999389648438,137.0,7213085,135.66500091552734,129.89500030517578,123.76449989318847,136.8027977683977,134.5440403755531,-0.1061050273235784,49.50312649636434,24.334588847966693,141.79101368954383,129.53898814151086,3.685313814604602,955841753,-0.01792899420177152,-0.0424544930957107,0.025210108522750962,0.5317300197372496,0.026453078483503735,135.14999389648438,1
2022-02-07,119.16970825195312,135.14999389648438,136.35000610351562,134.1999969482422,134.1999969482422,10562489,135.8550003051758,130.02100006103515,123.9449998474121,136.54852024964183,134.588925821548,-0.32421439365949656,51.550030402763575,31.55890359457785,141.66127655037297,130.0487240599786,3.575649196080947,966404242,0.0070789640077904,-0.048574509025243184,0.02893024451003079,0.773670585158748,0.015908318552498028,135.0,0
2022-02-08,119.03746795654295,135.0,135.64999389648438,132.8000030517578,135.4499969482422,8721631,136.0125,130.19100006103517,124.1252498626709,136.31028636508154,134.6193757606926,-0.47431857389150966,51.19716027205531,30.41826506907651,141.5398708590401,130.48512914095988,3.5238164566984906,957682611,-0.0011098328025028747,-0.04357062814324042,0.023890737585641864,0.6355821235394734,0.021111043294270833,135.0500030517578,1
2022-02-09,119.08153533935548,135.0500030517578,135.60000610351562,133.85000610351562,135.3000030517578,5144026,136.15,130.3470001220703,124.28774986267089,136.1163966245702,134.6512740785493,-0.5600853058076392,51.31679925248845,30.798516589734486,141.4325142659816,130.8674857340184,3.397115281220027,962826637,0.00037039297598373544,-0.04321637342188012,0.02078609173519186,0.38443108317356867,0.01295816335027637,136.4499969482422,1
2022-02-10,120.31600952148438,136.4499969482422,136.85000610351562,134.3000030517578,135.14999389648438,6081460,136.27999954223634,130.52200012207032,124.45799983978272,136.16771975128898,134.78451280963768,-0.5136007281417787,54.66761460892863,41.44486294932223,141.45661645827235,131.10338262620033,3.336607264829869,968908097,0.010366485485733934,-0.0014635708538244252,0.01942465988918829,0.46201262959315387,0.018688186946058137,137.14999389648438,1
2022-02-11,120.9332275390625,137.14999389648438,137.6999969482422,134.4499969482422,134.4499969482422,8426925,136.38999938964844,130.69100006103517,124.63349979400635,136.3188388505498,134.95973363088558,-0.4301619601030868,56.28767055257478,46.768036129116105,141.54233473247558,131.2376640468213,3.3304210316277354,977335022,0.0051300620292993315,0.021982094003921038,0.016302311952522297,0.6568865647596608,0.023696683519016246,132.5,0
2022-02-14,116.83306121826172,132.5,136.4499969482422,131.8000030517578,134.6999969482422,7705072,136.24749908447265,130.80100006103515,124.77799980163574,135.73132518123447,134.77753113970888,-0.6683785105933866,44.82716800653823,11.068686729852852,141.65817704386905,130.83682112507626,3.4746760182776515,969629950,-0.033904441147799225,-0.01960779886171571,-0.021056564277772805,0.604479652106657,0.03509429355837264,135.35000610351562,1
2022-02-15,119.34608459472656,135.35000610351562,135.8000030517578,130.64999389648438,132.10000610351562,12674466,136.18499908447265,131.02100021362304,124.93949981689452,135.67266070773925,134.81993669258347,-0.615558829570547,51.36345606413511,34.81490523726852,141.60681220102109,130.76318596792422,3.594342670920208,982304416,0.021509480026532968,0.002592637803819464,-0.009150804861990602,0.9832648219714727,0.03804956721859852,133.1999969482422,0
2022-02-16,117.45028686523438,133.1999969482422,136.6999969482422,132.85000610351562,134.89999389648438,12946623,136.09499893188476,131.17800018310547,125.09324981689453,135.29225089858588,134.6999411559656,-0.7007784816848481,46.8539277987674,18.888911494502313,141.65061414044027,130.53938372332925,3.612603254763519,969357793,-0.015884810183378284,-0.013698675021922124,-0.0133333559389468,0.979776912520515,0.028903835832838357,132.75,0
2022-02-17,117.0534896850586,132.75,134.89999389648438,132.4499969482422,134.5,5811964,135.99249877929688,131.28800018310548,125.23574981689453,134.9011353757265,134.55550107033852,-0.7579631351337057,45.94471327719886,15.555600766782407,141.71309629401193,130.27190126458183,3.5295599471548527,963545829,-0.003378355544685463,-0.027116138006552437,-0.015207737428393764,0.4669134762596043,0.018455720890713276,132.35000610351562,0
2022-02-18,116.70079040527344,132.35000610351562,134.10000610351562,131.89999389648438,132.75,6760078,135.86499938964843,131.41400024414062,125.37874984741211,134.50865394923252,134.39213107279608,-0.789659651268197,45.10681556081795,12.592683015046296,141.7874185526891,129.94258022660776,3.434592251431738,956785751,-0.003013136696680796,-0.03499808973080665,-0.018902801396162294,0.5468297401991729,0.01662268307951979,131.9499969482422,0
2022-02-21,116.3480987548828,131.9499969482422,134.14999389648438,131.14999389648438,132.39999389648438,12212740,135.75749893188475,131.5300001525879,125.51899982452393,134.11501441061864,134.21123224875504,-0.801920292672834,44.237951723747386,10.743821454603234,141.8788739336551,129.63612393011442,3.403549947758042,944573011,-0.003022358419542348,-0.0041509664283608805,-0.016032878877080603,0.9888011093203378,0.022735885330689015,132.10000610351562,1
2022-02-22,116.48033905029295,132.10000610351562,132.5,127.9000015258789,131.0500030517578,13578566,135.73249893188478,131.65600021362306,125.66424983978271,133.8050131326028,134.05484512688545,-0.7644275590552764,44.668394420682255,39.25236243744077,141.90908621597399,129.55591164779557,3.4890105567839744,958151577,0.001136863650950115,-0.024011820121488614,-0.0037707388912914253,1.1025363527187502,0.03482209130646416,130.1999969482422,0
2022-02-23,114.80500030517578,130.1999969482422,133.4499969482422,129.85000610351562,132.0,9263264,135.47749862670898,131.73300018310547,125.78999980926514,133.25039525808577,133.7693008173563,-0.826800899234523,40.4131727901667,23.469352007193432,142.10882088987418,128.84617636354378,3.4969377202084453,948888313,-0.014383111790203573,-0.02252252303853819,-0.037694057564541694,0.7544270044853736,0.027649699916334487,124.4000015258789,0
2022-02-24,109.6908187866211,124.4000015258789,129.0,123.6500015258789,127.0,18045779,134.94749870300294,131.6870002746582,125.87349983215331,131.88879622236163,133.07527864761724,-1.1955022121756735,30.775306952410318,5.3380800310171646,143.15404625343578,126.74095115257009,3.715013270362362,930842534,-0.04454681688409656,-0.06290017682953741,-0.07851850721571185,1.4739893381466271,0.043006418074746845,130.35000610351562,1
2022-02-25,114.93727111816406,130.35000610351562,131.0,125.0,125.0,10424521,134.4574993133545,131.74600036621095,125.96174987792969,131.6520592810007,132.8734066073134,-0.9842936905862116,45.21068420630222,47.68688085814154,142.5322266451547,126.3827719815543,3.9210836420594144,941267055,0.047829618204618285,-0.015111446224156055,-0.06992499621660409,0.942238994957461,0.04602991729233357,133.5,1
2022-02-28,117.7148208618164,133.5,133.9499969482422,128.8000030517578,128.9499969482422,13262687,134.0299991607666,131.90500030517578,126.0627498626709,131.93635785315445,132.9198209326976,-0.5971275550533379,51.03242413046408,70.10677354700714,141.3186433655932,126.74135495594,4.008862945946912,954529742,0.024165659754421975,0.011746897215661134,-0.06019009410821696,1.2838687359941394,0.03857673330699907,130.9499969482422,0
2022-03-02,115.46632385253906,130.9499969482422,135.0,130.4499969482422,132.8000030517578,12587947,133.5199993133545,132.08900024414064,126.16049983978272,131.78461002162948,132.77390804496017,-0.4823699990726972,46.7058525032146,51.95727972084552,140.1413551175394,126.89864350916962,4.04751581064769,941941795,-0.019101146455114737,-0.008705595019975032,-0.0722635309196159,1.2476964772656167,0.034746110406983784,132.10000610351562,1
2022-03-03,116.48033905029295,132.10000610351562,133.4499969482422,130.25,132.10000610351562,15628119,133.06749992370607,132.28700042724608,126.26324985504151,131.8331324957658,132.72398938263095,-0.3071430900857268,48.81350204137837,60.142400930514924,138.7051627879224,127.42983705948971,3.9869787490472968,957569914,0.008782047973074691,0.014593004606818338,-0.06411610474178109,1.5127169910325158,0.024224048451100145,130.1999969482422,0
2022-03-04,114.80500030517578,130.1999969482422,133.35000610351562,129.75,132.0,15883138,132.74500007629393,132.44000030517577,126.3537498474121,131.58188087306985,132.53702698008362,-0.29714584818748013,45.604529942650096,50.191553409580536,138.26268799915633,127.22731215343155,3.9593378457950346,941686776,-0.014383111790203573,0.04662375684261311,-0.04720085793145523,1.4918326558326036,0.027649817111337713,130.0500030517578,0
2022-03-07,114.67274475097656,130.0500030517578,130.5,126.9000015258789,129.0,14985637,132.53750038146973,132.5500003051758,126.44424987792969,131.34620736209877,132.35280298539283,-0.2788762915742128,45.351066078206706,49.042174489283475,138.13230637754046,126.94269438539901,3.933670747818325,926701139,-0.0011520268817211132,-0.002301519276643349,-0.03092394926122788,1.3579658132660617,0.027681648517058104,133.75,1
2022-03-08,117.93527221679688,133.75,135.8000030517578,130.5,130.5,28572640,132.4675006866455,132.8000003051758,126.55424987792969,131.71602161408356,132.45629906054893,-0.010046491796417811,52.38169903993239,77.3946514710121,137.96397782171627,126.97102355157476,4.063408551545587,955273779,0.028450571790987533,0.001872659176029856,-0.010358815832109292,2.3938476209952504,0.039626191041179905,131.5,0
2022-03-09,115.95130157470705,131.5,133.9499969482422,131.10000610351562,133.9499969482422,14286413,132.2925006866455,132.99300033569335,126.64749988555909,131.68278751960918,132.38546209310087,0.02204510494180889,48.311383811975944,64.60903282523037,137.67703983662477,126.90796153666622,3.9767358582013705,940987366,-0.016822429906542036,0.0042000997676632235,-0.025925925925925908,1.1696653211114783,0.021672934180430134,132.9499969482422,1
2022-03-10,117.2298583984375,132.9499969482422,135.0,131.9499969482422,132.89999389648438,13101323,132.18750038146973,133.1700003051758,126.7477498626709,131.87774281632196,132.42727948977802,0.140146403981952,50.95623660865266,76.54316258771448,137.4329610866313,126.94203967630814,3.9426832969012726,954088689,0.011026592762297893,0.006434449700634337,-0.015549841214818727,1.0388008355333536,0.02294097872710134,131.9499969482422,0
2022-03-11,116.3480987548828,131.9499969482422,133.39999389648438,131.5,132.89999389648438,8669803,131.96250038146974,133.34600021362306,126.84099983215332,131.88885883661737,132.39192522744204,0.14929334929067328,49.090618703467726,68.31271094645297,136.82972383937715,127.09527692356232,3.7967769111572087,945418886,-0.0075216248435816535,0.01344086053009419,-0.0329791139658796,0.6804443025533664,0.01439934778649259,132.14999389648438,1
2022-03-14,116.52444458007812,132.14999389648438,132.89999389648438,130.75,131.9499969482422,5670284,131.71250038146974,133.45100006103516,126.94624980926514,131.9290334612123,132.37400438811184,0.16591105057264055,49.48892759104482,69.95877615736016,135.96278003805412,127.46222072488534,3.6791495529662916,951089170,0.0015157025605740948,0.01614756474777468,-0.036456436183101903,0.4498956691038524,0.016269345408888226,131.0500030517578,0
2022-03-15,115.55449676513672,131.0500030517578,132.9499969482422,130.64999389648438,131.3000030517578,6895190,131.6400005340576,133.58400009155272,127.04999980926513,131.79379801360392,132.2759302150486,0.10299982082201065,47.297096688966924,60.905354704007785,135.88353699086036,127.39646407725485,3.5806390885942574,944193980,-0.008323805490208391,-0.020186893070969658,-0.010943373194280626,0.5488464191018572,0.017550576102233536,132.75,1
2022-03-16,117.0534896850586,132.75,133.0,131.5500030517578,132.39999389648438,5561866,131.51000022888184,133.71900009155274,127.16899982452392,131.940906011511,132.31104649541535,0.17199323068986472,50.91526843252203,74.89709737680727,135.43856139559767,127.581439062166,3.464164649997681,949755846,0.012972124446046562,0.009505703422053147,-0.019209501191504552,0.4556132134324663,0.010922764205214219,132.89999389648438,1
2022-03-17,117.18575286865234,132.89999389648438,134.3000030517578,131.89999389648438,133.5,13995384,131.49500007629393,133.71900009155274,127.28099979400635,132.0884579938146,132.35467222882787,0.22073558366474844,51.23338579298718,73.1480709646519,135.3998549416151,127.59014521097276,3.3881535432316636,963751230,0.0011298975253060117,-0.00037610419635647485,-0.0022522752149490843,1.1415608202573386,0.018058760462719068,132.89999389648438,0
2022-03-21,117.18575286865234,132.89999389648438,133.39999389648438,131.6999969482422,132.89999389648438,9172207,131.50249977111815,133.7369999694824,127.39449977874756,132.2133096711484,132.39506642643207,0.24415445071549624,51.23338579298718,67.41563305533197,135.4175301800405,127.5874693621958,3.2675709293038437,972923437,0.0,0.007199673893246272,0.0011298975253060117,0.7380347667200147,0.012791550235632913,132.85000610351562,0
2022-03-22,117.14167785644533,132.85000610351562,134.14999389648438,131.75,133.3000030517578,10343712,131.52749977111816,133.77600021362304,127.50299980163574,132.31126296843567,132.4287656617716,0.24672681013058567,51.10536891850939,66.85397255647251,135.47014664463677,127.58485289759953,3.2056011412453103,962579725,-0.0003761308898756477,0.005297103589573915,0.003777861556039097,0.8204697351745978,0.018065440618906106,133.4499969482422,1
2022-03-23,117.67072296142578,133.4499969482422,133.75,132.1999969482422,132.89999389648438,11892811,131.60249977111818,133.81800003051757,127.61124977111817,132.48645281148282,132.5044124237324,0.2770159129735505,52.63517179474721,73.59544156613441,135.63058401496667,127.57441552726968,3.087344134853346,974472536,0.00451630272609127,0.01831357375502307,0.011367942665344577,0.9445437240650155,0.011614860151394176,135.39999389648438,1
2022-03-24,119.3901596069336,135.39999389648438,135.6999969482422,133.35000610351562,133.5,11276181,131.7674991607666,133.88899978637696,127.72949974060059,132.93468990148307,132.71889994023255,0.4086123891789135,57.31008528080038,95.50551587985335,136.12080288293967,127.41419543859352,3.034676042701433,985748717,0.01461219177845674,0.019962289239053632,0.024980981381506062,0.9038337960651366,0.017355915440610513,134.75,0
2022-03-25,118.81700897216795,134.75,136.14999389648438,134.1999969482422,136.0,7266868,131.9949993133545,133.9379997253418,127.8212497329712,133.21396837817798,132.86935179651164,0.42995120767578837,55.349039507065505,84.86491836541119,136.47069787712388,127.51930074958511,2.957198964525773,978481849,-0.004800545980683801,0.013920287347466642,0.03494626081724528,0.5871682539095131,0.014471220395118275,134.8000030517578,1
2022-03-28,118.8611068725586,134.8000030517578,135.5,133.8000030517578,135.5,7778682,132.51499938964844,133.95699966430664,127.91424976348877,133.45797371257487,133.01236300060395,0.42475627038428726,55.47526003242571,76.10633091893118,135.5128466560186,129.51715212327827,2.867398820505517,986260531,0.00037108016146802925,0.01429653305141132,0.08360129741409517,0.6557221942076407,0.012611253039730694,134.35000610351562,0
2022-03-29,118.46430206298828,134.35000610351562,135.3000030517578,133.89999389648438,135.0,5116935,132.71499938964843,133.9449998474121,127.99549980163575,133.5952094650273,133.11144767489372,0.3703258788375545,53.995953636791214,67.27294921875,135.64127671325778,129.78872206603907,2.76258527298894,981143596,-0.0033382562170225505,0.011290929101133829,0.030686611528222274,0.4412143080779972,0.0104206110284412,135.3000030517578,1
2022-03-30,119.3019790649414,135.3000030517578,135.9499969482422,133.4499969482422,135.0,24047012,132.80499954223632,133.94399978637696,128.07949981689453,133.85748540144738,133.27356288799479,0.3763892817252607,56.62555573006887,84.5456210049716,135.9265220008741,129.68347708359855,2.7438291820611584,1005190608,0.007071059955964687,0.013862916042127305,0.013483168927024725,1.9813619087429342,0.018477457085079644,135.0,0
2022-03-31,119.03746795654295,135.0,135.60000610351562,134.3000030517578,134.3000030517578,11615450,133.00749969482422,133.91199966430665,128.16049980163575,134.03325687814777,133.4014471185137,0.33942122232539956,55.54578083377002,79.09102006392045,136.146811034873,129.86818835477544,2.640698744182348,993575158,-0.002217317405699193,-0.002954164804395587,0.030927859077068742,0.9609088828324147,0.009629652235243055,142.9499969482422,1
2022-04-01,126.0474090576172,142.9499969482422,143.4499969482422,136.8000030517578,138.0,32589741,133.54999923706055,134.07099960327147,128.28424980163575,135.40506304277767,134.108747105901,0.8031419196544,71.2118602571713,96.09375093132235,138.86826907598774,128.23172939813335,3.0556486159009077,1026164899,0.05888886628327539,0.060853409634450406,0.0821346733036814,2.519293455713733,0.046519720450866005,144.3000030517578,1
2022-04-04,127.23782348632812,144.3000030517578,146.0,141.5,141.85000610351562,15437496,134.25499954223633,134.26099960327147,128.41674980163575,136.77351535185153,134.86365495374224,1.1333491047096054,72.95483248367537,88.92510571801769,141.12259779014173,127.38740129433094,3.158816571907986,1041602395,0.009443904388500401,0.07047477585258188,0.10829498029190221,1.1954279775558387,0.031185030525508244,149.10000610351562,1
2022-04-05,131.4702606201172,149.10000610351562,150.60000610351562,144.75,145.39999389648438,23958626,135.2074996948242,134.5449998474121,128.56324981689454,138.66989854441522,135.91819948335507,1.5801502141283748,78.04470216015274,92.12598551336406,144.3766503859084,126.03834900374002,3.3831870347544024,1065561021,0.03326405370924457,0.10978786252257589,0.14648214228934875,1.7929840491900906,0.03923545180443616,153.0,1
2022-04-06,134.9091339111328,153.0,155.3000030517578,148.3000030517578,150.35000610351562,52737388,136.1699996948242,134.9229997253418,128.74124980926513,140.8745295375821,137.18351804014358,2.015570120405398,81.1489698955171,90.2542268774448,148.13902019550267,124.20097919414575,3.6415308179862307,1118298409,0.026156899643429377,0.13082037360687426,0.14392523364485976,3.619421280365954,0.0457516339869281,153.5,1
2022-04-07,135.34996032714844,153.5,158.0,152.1999969482422,152.9499969482422,37738903,137.2699996948242,135.34099960327148,128.94099979400636,142.81690960872334,138.3921463334663,2.199457518579139,81.50992180707263,82.88973582571796,151.20274724981874,123.33725213982967,3.795707406112772,1156037312,0.0032679738562091387,0.13703703703703707,0.16730038022813698,2.397141612004924,0.03778503616780334,152.0500030517578,0
2022-04-08,134.07142639160156,152.0500030517578,154.89999389648438,151.1999969482422,154.89999389648438,17585569,138.225,135.6759996032715,129.11124980926513,144.23738552303632,139.4038394237101,2.086592274118642,76.91071563210049,77.33334495907738,153.40493963096557,123.04506036903442,3.7888709448363014,1138451743,-0.009446234190502834,0.06365866595163672,0.14366308042076392,1.101334777065427,0.024334080065639384,153.10000610351562,1
2022-04-11,134.99729919433594,153.10000610351562,154.60000610351562,151.85000610351562,152.4499969482422,15583159,139.28250045776366,136.0379997253418,129.28524982452393,145.60086561234084,140.4183702888809,1.9484331986018883,77.88388707745443,81.00777784152034,155.47927072171095,123.08573019381637,3.714665877347994,1154034902,0.006905643082429913,0.06098408084302953,0.1602880609657733,0.9552500184329558,0.017962115547798477,152.60000610351562,0
2022-04-12,134.55641174316406,152.60000610351562,153.60000610351562,150.85000610351562,152.6999969482422,11306524,140.30500106811525,136.28699996948242,129.4619998550415,146.67765645713698,141.32071368255757,1.6983045197770918,76.23609038209858,78.09332562449627,157.1409744093271,123.46902772690339,3.645761171823137,1142728378,-0.0032658391905088235,0.02347417744282354,0.15474849149860836,0.6813217284460128,0.018020969135050677,153.9499969482422,1
2022-04-13,135.7467803955078,153.9499969482422,156.1999969482422,152.75,153.0500030517578,19454061,141.45000076293945,136.52499984741212,129.6417498397827,147.79647807115316,142.25621614668236,1.5052989357347846,77.6132747385021,83.50304460973243,158.72171422740453,124.17828729847437,3.64249186274481,1162182439,0.00884659758015216,0.006209130380667949,0.17474241406495872,1.12954430006569,0.02240985395668486,163.1999969482422,1
2022-04-18,143.90304565429688,163.1999969482422,163.75,154.5,154.89999389648438,82098517,142.97250061035157,136.96599990844726,129.87749980926515,150.16625020608993,143.80760731716828,1.8589439201485103,84.31897599531536,98.18480859286282,162.16923280659293,123.77576841411022,4.082314090531453,1244280956,0.06008444419203096,0.06319216252926507,0.22937850808468685,3.90021130548402,0.05667892262849476,160.64999389648438,0
2022-04-19,141.6545867919922,160.64999389648438,166.35000610351562,159.5,164.89999389648438,38522118,144.36000061035156,137.35599990844727,130.09999977111818,151.779133850766,145.05519150822875,1.7793946990112817,77.43303110292264,82.67473975423617,164.43539792871815,124.28460329198496,4.280006377173179,1205758838,-0.015625018991676343,0.05656028064530272,0.2088036213275859,1.7293027710687932,0.0426393175460029,160.5,0
2022-04-20,141.52227783203125,160.5,163.1999969482422,159.0,162.14999389648438,20047692,145.74000091552733,137.83300003051758,130.31449977874755,153.12080556603274,146.1992513965081,1.5816052207989548,77.03451932030175,82.21883138115193,166.2640731090354,125.21592872201926,4.2742914179638225,1185711146,-0.0009336688589046682,0.04833438015332936,0.20767499902982123,0.8785190285191014,0.026168205284998053,162.6999969482422,1
2022-04-21,143.46218872070312,162.6999969482422,163.39999389648438,160.35000610351562,161.60000610351562,21966151,147.23250045776368,138.40300003051757,130.54599975585938,154.59452731714188,147.4215288447847,1.466439618905194,78.76107508796093,88.61151698057873,168.12807940894922,126.33692150657812,4.186841159035603,1207677297,0.013707146094966927,0.06618604482804069,0.22468942019820237,0.9386845196517335,0.018746083897831948,160.4499969482422,0
2022-04-22,141.47821044921875,160.4499969482422,163.0,159.85000610351562,161.25,9922564,148.58250045776367,138.90900009155274,130.76149974823,155.49536879884963,148.3866005561519,1.1217675113965768,72.7380861727471,80.03381202722932,169.22915107723205,127.9358498382953,4.112780640281944,1197754733,-0.013829133633701085,0.04222150132412983,0.20232297203027882,0.42581575919133263,0.019632246534105557,156.10000610351562,0
2022-04-25,137.64254760742188,156.10000610351562,160.89999389648438,155.39999389648438,158.60000610351562,12008027,149.61750106811525,139.33100021362304,130.95449977874756,155.5883899226444,148.9579639300307,0.5147402090500517,62.74757156798596,58.75252522151335,169.58112196032386,129.65388017590664,4.211867737404662,1185746706,-0.0271111930661474,-0.04350484667581389,0.15288045155199015,0.5145031427906921,0.03523382309384888,157.0,1
2022-04-26,138.43614196777344,157.0,158.4499969482422,156.0,157.60000610351562,11735823,150.73000106811523,139.7700001525879,131.14649978637695,155.80556070377605,149.55367030558398,0.10896369170273346,63.853749889170054,56.71294693757603,169.7112358704562,131.74876626577426,4.086019823893056,1197482529,0.0057654955880499514,-0.022720162061358518,0.16512059369202237,0.4980716007313292,0.015605076103453424,155.64999389648438,0
2022-04-27,137.24575805664062,155.64999389648438,159.60000610351562,155.1999969482422,156.8000030517578,17873048,151.77250061035156,140.15400009155275,131.33649974822998,155.78162734880812,150.00524983083585,-0.2932393508136615,60.931012469944896,40.72016400025361,169.38012259531467,134.16487862538844,4.108447633277369,1179609481,-0.008598764990545349,-0.03021810656396029,0.1546735190853148,0.7426297261951954,0.028268611164865707,159.6999969482422,1
2022-04-28,140.81689453125,159.6999969482422,160.10000610351562,155.25,158.0,29123808,153.04000015258788,140.60500015258788,131.54774974823,156.38445344102877,150.72337924694003,-0.32683413975774833,65.9642055113037,57.09671512726815,169.0231947105098,137.05680559466595,4.161416095437245,1208733289,0.026019937106141366,-0.018438844844934743,0.18868619049555235,1.1526154686135532,0.03036948150404463,156.1999969482422,0
2022-04-29,137.730712890625,156.1999969482422,161.0,155.6999969482422,160.39999389648438,28941216,154.08499984741212,141.07900009155273,131.74149974822998,156.35607551906162,151.12905463222168,-0.6087099576052406,58.90202180923182,34.51606996597782,167.8744895895987,140.29551010522553,4.242743735174428,1179792073,-0.021916093092564815,-0.026488002996790105,0.15447149612028666,1.1344027292598566,0.03393087807494644,157.5,1
2022-05-02,138.8769989013672,157.5,158.35000610351562,153.0,154.60000610351562,13368198,155.20999984741212,141.5219999694824,131.9399997329712,156.53206390074445,151.60097651131636,-0.7237147640136739,60.58974392665578,42.90318642893145,165.91385563507845,144.5061440597458,4.3218339043416565,1193160271,0.00832268295234706,0.008968570414763288,0.16666666666666674,0.5221966326788738,0.03396829272073413,158.64999389648438,1
2022-05-04,139.89102172851562,158.64999389648438,161.89999389648438,157.3000030517578,158.0,24511385,155.99499969482423,142.03099990844726,132.143999710083,156.85789928470444,152.12312594725475,-0.7360230527936515,62.07348878186863,50.32250189012097,165.18264396718305,146.8073554224654,4.341702257226292,1217671656,0.007301548549107251,0.010509515264231606,0.10982859239882803,0.972827898114748,0.0289945857024612,158.39999389648438,0
2022-05-05,139.67062377929688,158.39999389648438,160.75,157.0,159.60000610351562,33396072,156.69999923706055,142.54399978637696,132.33649967193602,157.09514460959366,152.58807912867917,-0.7709847274630857,61.531145671552174,41.54405412379809,164.19846041139022,149.2015380627309,4.299437810281558,1184275584,-0.0015757958374906789,0.0176678452157788,0.09771303220048555,1.279840026626563,0.023674243336465367,159.0,1
2022-05-06,140.1996612548828,159.0,160.35000610351562,156.0500030517578,156.4499969482422,22604305,157.19499893188475,143.07699966430664,132.52774967193602,157.38819928504077,153.0630362302585,-0.7623097228762381,62.380676792953054,44.94379967676527,163.88475548704747,150.50524237672204,4.299478184672719,1206879889,0.0037879174661314963,-0.0043831995091963005,0.06639834668826983,0.8685202630835487,0.027044044350678066,159.0,0
2022-05-09,140.1996612548828,159.0,159.8000030517578,155.9499969482422,158.9499969482422,22958742,157.49499893188477,143.6179997253418,132.72124965667726,157.63616862580372,153.5028113243134,-0.7632923809345584,62.38067679295306,44.94379967676527,163.93897637837063,151.0510214853989,4.267373036018641,1229838631,0.0,0.017925756123321923,0.03921568627450989,0.9356672299086148,0.024213874864878145,155.4499969482422,0
2022-05-10,137.06942749023438,155.4499969482422,161.25,154.5,158.9499969482422,20322427,157.59249877929688,144.08499954223632,132.90299964904784,157.2998345215635,153.64704729645626,-0.9950899658541177,54.1717672572934,23.557676789314147,163.84799426561167,151.33700329298208,4.444703533445881,1209516204,-0.02232706321860256,-0.013015892392113093,0.012703563180730848,0.8587012233928267,0.04342232314258227,152.5500030517578,0
2022-05-11,134.5123291015625,152.5500030517578,156.9499969482422,150.0500030517578,154.0500030517578,13794764,157.61749877929688,144.53199966430665,133.05874965667724,156.56909121851646,153.56578475981195,-1.3156565858054687,48.551104334792,18.726604602785446,163.78760612307926,151.4473914355145,4.620081416520059,1195721440,-0.018655477345875693,-0.038449360727405235,0.003288391910323041,0.5875880692501361,0.04523103086496377,148.5500030517578,0
2022-05-12,130.9852752685547,148.5500030517578,153.0,148.0,151.10000610351562,11818556,157.38999862670897,145.0149996948242,133.2092496871948,155.33538534670743,153.19424537403015,-1.7422584574661628,42.067599248251625,3.66668701171875,164.4769970812543,150.30300017216365,4.647218458197197,1183902884,-0.02622091065211496,-0.062184288032003376,-0.029719156566730742,0.5074802823149437,0.03365870008267788,144.14999389648438,0
2022-05-13,127.10555267333984,144.14999389648438,150.0,143.5,150.0,22913410,156.9674980163574,145.2909994506836,133.33399967193603,153.61455589282696,152.52430082013788,-2.2345146859634943,36.32173226151123,3.5325766961725305,165.91077814215933,148.0242178905555,4.779559996897397,1160989474,-0.029619717703677106,-0.09339626480198504,-0.05537360333589514,0.9599634492276822,0.04509192005008143,148.25,1
2022-05-16,130.72076416015625,148.25,148.89999389648438,141.64999389648438,143.39999389648438,16286682,156.6824981689453,145.5859994506836,133.48274967193603,152.78923960162282,152.20768594457212,-2.1945728812814917,43.997640459618864,32.592622733410494,166.32797646451405,147.03701987337655,4.956019997119013,1177276156,0.02844263806531888,-0.0676100628930818,-0.03702498903042217,0.6868923735101133,0.048903878583473864,150.5,1
2022-05-17,132.70469665527344,150.5,150.75,146.3000030517578,147.5,13925542,156.0474983215332,145.97699951171876,133.63849967956543,152.43704889368087,152.08119068941863,-1.936214667255971,47.72190869240367,43.70373384452161,165.56440175592883,146.53059488713757,4.919875493627811,1191201698,0.015177065767284947,-0.03184301733946193,-0.07781861020665282,0.685918817020557,0.02956808603483181,148.5,0
2022-05-18,130.9412078857422,148.5,150.89999389648438,147.1999969482422,150.5,17611218,155.43999862670898,146.30499938964843,133.78674968719483,151.8313490638838,151.81591730501725,-1.8213128901213198,44.8657537945176,33.82719063464506,165.25078761343104,145.62920963998693,4.832741311814552,1173590480,-0.013289036544850474,-0.02654869204023358,-0.07563021698160344,0.9145605338129917,0.024915804365267257,148.0,0
2022-05-19,130.5003204345703,148.0,148.5500030517578,145.75,147.5,11701170,154.81499862670898,146.6609994506836,133.94274967193604,151.24191074636323,151.53325676390486,-1.702472533223602,44.15427590116506,31.358054832175927,164.84690142107124,144.78309583234673,4.6875457218105,1161889310,-0.0033670033670033517,-0.003702477552734784,-0.07788161993769471,0.6211090546023099,0.01891893953890414,149.60000610351562,1
2022-05-20,131.9111328125,149.60000610351562,150.9499969482422,147.64999389648438,150.9499969482422,17841739,154.15999908447264,147.05199951171875,134.1069997024536,150.98931003207898,151.39005301128344,-1.4494955959091524,47.04805058741691,39.25931954089506,163.74788549240904,144.57211267653625,4.588435531092451,1179731049,0.01081085205078125,0.037807925340218596,-0.08051623288532639,0.9575377787507741,0.022058843028885826,150.14999389648438,1
2022-05-23,132.39608764648438,150.14999389648438,155.35000610351562,148.39999389648438,154.39999389648438,26055890,153.64499893188477,147.37999938964845,134.26674968719482,150.86018447275674,151.2981967805576,-1.1894119396044265,48.04465119161837,41.97530864197531,162.92777216185888,144.36222570191066,4.757119579373795,1205786939,0.0036763888404403033,0.012816147699725944,-0.06419447334162542,1.3403510630678526,0.04628712946750228,146.89999389648438,0
2022-05-24,129.5303955078125,146.89999389648438,151.85000610351562,146.3000030517578,150.14999389648438,16581141,153.18499832153321,147.68799926757814,134.41249965667726,150.25092438409945,150.97240397432995,-1.178303377627265,42.905756155643054,26.785705944542105,162.8398977583991,143.53009888466732,4.813754113115509,1189205798,-0.021645022524879987,-0.02392030633565201,-0.05893665501159806,0.8430407009938979,0.03778082561166557,152.64999389648438,1
2022-05-25,134.60049438476562,152.64999389648438,153.14999389648438,147.39999389648438,148.39999389648438,19926619,152.9674980163574,148.08199920654297,134.58749961853027,150.62001200138943,151.09666989448954,-0.7467853443974994,52.571462608942234,56.12243150285012,162.4635106527544,143.47148537996043,4.916343105035829,1209132417,0.03914227528186176,0.02794608684501254,-0.027707045245322415,0.9924704088296222,0.037667869177244864,154.14999389648438,1
2022-05-26,135.92315673828125,154.14999389648438,155.10000610351562,150.60000610351562,153.14999389648438,22698086,152.89249801635742,148.52599914550783,134.7689995956421,151.16308613909635,151.32284204278545,-0.3439066839891932,54.72478896954154,63.77549034414787,162.32606883882625,143.4589271938886,4.886604311818985,1231830503,0.009826400654933343,0.04155401281408366,-0.00963700648133392,1.117084099681144,0.029192346274251973,150.4499969482422,0
2022-05-27,132.66062927246094,150.4499969482422,155.0,149.5,155.0,10245727,152.42999801635742,148.89199920654298,134.9387495803833,151.05338010973418,151.25818685059707,-0.3111660169303863,48.83504389615279,44.897960772468174,161.3777009290922,143.48229510362262,4.930418289546201,1221584776,-0.024002576028169242,0.005681756751656941,-0.05792110317320709,0.5288077736112052,0.036556996421157194,150.89999389648438,1
2022-05-30,133.0574188232422,150.89999389648438,152.5,148.8000030517578,150.0500030517578,12513990,152.16499786376954,149.2889990234375,135.10499954223633,151.02978223077267,151.23165403918134,-0.24658486758092998,49.54625527048156,60.45750428093719,160.96307101777094,143.36692470976814,4.842531050881628,1234098766,0.002991006695713061,0.004995005198049185,-0.033930878074946436,0.6744710714159662,0.024519530138485904,156.0,1
2022-05-31,137.55435180664062,156.0,158.0,150.35000610351562,151.10000610351562,124665699,152.08999786376953,149.7539990234375,135.3014995574951,151.7944311183461,151.5848648510938,0.1318825664640188,56.8644972096059,87.76758866426384,160.72901342929677,143.45098229824228,5.043064111281824,1358764465,0.033797258514232764,0.06194694677746626,-0.00952380952380949,5.168848862413084,0.04903842241336138,156.8000030517578,1
2022-06-01,138.25979614257812,156.8000030517578,160.1999969482422,156.25,156.4499969482422,16084988,151.99749832153321,150.23199920654298,135.5137495803833,152.56451910810173,151.97117138447632,0.41253121826971784,57.8961667902201,81.67119494806666,160.3896664242642,143.60533021880224,4.9828450282075645,1374849453,0.005128224690755134,0.027186435120905683,-0.011660831490063805,0.6787677064162777,0.025191306577579214,159.0500030517578,1
2022-06-02,140.24374389648438,159.0500030517578,159.3000030517578,154.25,155.5,17646975,152.02999877929688,150.75499938964845,135.72424961090087,153.5622858686642,152.49552928575642,0.7087520620416609,60.74016786913473,93.8005730065074,160.52549376322747,143.53450379536628,4.9876420298897255,1392496428,0.014349489516638059,0.03178728089061056,0.004103593310099685,0.7702778148129824,0.031751040269483354,155.0,0
2022-06-03,136.6726531982422,155.0,159.4499969482422,154.6999969482422,159.0,14063328,151.8299987792969,151.19799926757813,135.90349960327148,153.78347265810046,152.68104563495967,0.5955380018197443,53.707779697705234,64.01385434981178,159.83383742515085,143.82616013344293,4.970667599183316,1378433100,-0.025463709362142373,0.030242626414429985,-0.02515723270440251,0.6255140074163202,0.03064516129032258,155.1999969482422,1
2022-06-06,136.84898376464844,155.1999969482422,158.64999389648438,154.60000610351562,155.8000030517578,18485464,151.63999862670897,151.63299926757813,136.0882495880127,154.00139947196843,152.86763462112876,0.5015006636148971,53.99106350018062,65.39791656766931,159.11707204267154,144.1629252107464,4.904904755882276,1396918564,0.0012903028918851422,0.028495713887884966,-0.023899390262627773,0.8304650792078586,0.026095282684312066,157.25,1
2022-06-07,138.65658569335938,157.25,157.6999969482422,153.5,155.1999969482422,14911957,151.72999877929686,152.06999938964844,136.2802495956421,154.50118416858868,153.19225427882293,0.5413325620327829,56.90233868195401,79.58479189436058,159.42840331513926,144.03159424345446,4.854554198193698,1411830521,0.01320878280971538,0.008012820512820484,0.011579305803120388,0.6781661841430469,0.026709042596134738,157.0500030517578,0
2022-06-08,138.48025512695312,157.0500030517578,159.75,156.10000610351562,156.10000610351562,16416591,151.9549987792969,152.51599945068358,136.47849960327147,154.8933101506147,153.47801344718846,0.5181595005546151,56.526547084242964,77.33816345573302,159.9917232419065,143.91827431668727,4.7685141766430315,1395413930,-0.0012718406883446276,0.0015943877240709448,0.029498524483629218,0.7421693039356261,0.023240966733897313,155.14999389648438,0
2022-06-09,136.80490112304688,155.14999389648438,158.0,154.6999969482422,155.3000030517578,13821409,152.2849983215332,152.92299926757812,136.6714995574951,154.93279995767156,153.60186385084,0.3470391231679497,52.94895091170373,63.66902684011197,160.27725337722686,144.29274326583956,4.663620524865515,1381592521,-0.01209811600352062,-0.02452064810086363,0.04442942247821424,0.6220289318602906,0.02126975946876005,155.25,1
2022-06-10,136.89306640625,155.25,156.60000610351562,154.0,154.10000610351562,7908849,152.839998626709,153.34099914550782,136.87699954986573,154.98159996418363,153.72394801003705,0.21900397638637825,53.11714410459431,64.388495526648,159.99308377312155,145.68691348029643,4.516219494769095,1389501370,0.0006445769091190101,0.001612903225806539,0.077003167350022,0.3683733931948188,0.016747221278683576,148.89999389648438,0
2022-06-13,131.2938995361328,148.89999389648438,154.89999389648438,147.75,154.0,19208167,152.87249832153321,153.61299896240234,137.05449951171875,154.04596826146067,153.36661807569982,-0.28743823359947984,42.683588250592955,11.718747206032942,159.94734900316413,145.7976476399023,4.72934667371416,1370293203,-0.04090181065066423,-0.0405928039667347,0.004384444495678652,0.8886199663847075,0.04801876554444366,151.39999389648438,1
2022-06-14,133.498291015625,151.39999389648438,152.4499969482422,148.89999389648438,148.89999389648438,17034328,152.91749801635743,153.94099884033204,137.24174949645996,153.63889528223356,153.22094221057276,-0.43906827815962324,47.090008081393826,29.3172272383546,159.94268957790638,145.89230645480848,4.64510784357442,1387327531,0.016789792494807054,-0.03720194660423293,0.005980025890261587,0.7824260498119606,0.02344784144565442,148.14999389648438,0
2022-06-15,130.63259887695312,148.14999389648438,153.6999969482422,147.5500030517578,152.5500030517578,15172295,152.89999771118164,154.04499877929686,137.41249946594237,152.79444891519523,152.84531640952918,-0.7263110753234964,42.51418929707523,4.74301291871223,159.97071569420362,145.82927972815966,4.752599704496561,1372155236,-0.021466315264332847,-0.05666990756020762,-0.002356943458017624,0.7008240749322864,0.04151194161223867,142.9499969482422,0
2022-06-16,126.0474090576172,142.9499969482422,150.14999389648438,142.0,150.10000610351562,18494040,152.64749755859376,154.01799865722657,137.5634994506836,151.2799178433563,152.11232978276718,-1.206284416320354,36.41677210045223,5.219764327125017,160.69352359694247,144.60147152024504,4.995270718209976,1353661196,-0.03509954210241506,-0.07863356382973496,-0.03412164224160685,0.8410639092539572,0.05701290010824721,140.4499969482422,0
2022-06-17,123.84303283691406,140.4499969482422,144.4499969482422,139.5500030517578,141.10000610351562,21387729,152.18999710083008,153.8449984741211,137.6987494277954,149.61377616718488,151.24845327650607,-1.6068396689845228,33.8995175743178,4.358325242108655,161.77121162345307,142.6087825782071,4.988465230943861,1332273467,-0.01748863276230206,-0.09533013237847221,-0.06116316030724023,0.964881852626947,0.03488781774975824,137.25,0
2022-06-20,121.02140045166016,137.25,141.39999389648438,135.0,140.4499969482422,16578770,151.54499740600585,153.5299984741211,137.8102494430542,147.71165675684875,150.21153081157968,-1.9776292915154066,30.950436579190182,8.928572509834957,163.11841320960696,139.97158160240474,5.089288707053898,1315694697,-0.022783887630993926,-0.07824039203509625,-0.08591404875699049,0.764269542259303,0.04663019232411202,139.9499969482422,1
2022-06-21,123.40216827392578,139.9499969482422,141.25,137.75,138.1999969482422,51398446,151.19749755859374,153.25899841308595,137.9302494430542,146.51755524783235,149.45141719207322,-1.9292937448202854,36.00881944316375,19.999987669665405,163.68887556062592,138.70611955656156,5.011482370835763,1367093143,0.019672108912511366,-0.07562745977434326,-0.04731107717499039,2.1934053202701485,0.025008932306689564,137.64999389648438,0
2022-06-22,121.37409973144533,137.64999389648438,139.9499969482422,136.5500030517578,139.9499969482422,8317317,150.44749755859374,152.97099822998047,138.04149940490723,145.15331503993266,148.57723768869627,-1.9354835594744149,33.741244351016974,10.707046046401516,164.2340687915839,136.66092632560358,4.896376051239235,1358775826,-0.01643446303616869,-0.07087411699346124,-0.09826400654933443,0.36395323875788854,0.024700283670489955,136.5,0
2022-06-23,120.36009979248048,136.5,139.14999389648438,135.64999389648438,137.89999389648438,11257409,149.56499786376952,152.63899810791017,138.14149940490722,143.82203580301996,147.6826274895336,-1.8977220777795494,32.634662047040536,6.0606060606060606,164.5021718039709,134.62782392356814,4.796634904722147,1347518417,-0.008354478368878038,-0.045120651178310545,-0.11449882968102354,0.505254421411374,0.02564102564102564,136.60000610351562,1
2022-06-24,120.4482650756836,136.60000610351562,137.89999389648438,134.9499969482422,137.89999389648438,21879039,148.87249832153321,152.31899810791015,138.23949943542482,142.7109543107885,146.86169257205077,-1.7502949220225457,32.84093530095595,6.653261904161281,164.83064672442225,132.91434991864418,4.664732193545007,1369397456,0.0007326454470009125,-0.02741182576276835,-0.09205710286249613,0.9569903814961719,0.021595877133465696,138.5,1
2022-06-27,122.12361145019533,138.5,139.0500030517578,136.75,137.25,12872030,148.25249862670898,152.00999816894532,138.3497494506836,142.06311518605182,146.24230793708406,-1.422999529434024,36.80035421756068,14.3145266730368,164.80002105718344,131.70497619623453,4.5065368188805195,1382269486,0.013909178708561454,0.00910746812386165,-0.08217358779345363,0.5625827856755795,0.016606520229298285,138.60000610351562,1
2022-06-28,122.21180725097656,138.60000610351562,139.3000030517578,137.14999389648438,138.5,14272044,147.38249893188475,151.51799835205077,138.46349948883056,141.53032917335395,145.67621150496788,-1.1117512880125684,37.01085393590949,15.835178620486493,164.03849687818962,130.7265009855799,4.338213414337156,1396541530,0.0007220657293547372,-0.009646237042976402,-0.11153842241336143,0.8220958902028427,0.015512330884514312,141.75,1
2022-06-29,124.98934173583984,141.75,143.10000610351562,136.8000030517578,137.8000030517578,53487394,146.62999877929687,151.1399984741211,138.60199947357177,141.56412468514566,145.3853810231184,-0.6297002354971126,43.405003645492116,31.408776795373733,162.870823073116,130.38917448547775,4.478341245581489,1450028924,0.022727227689526508,0.029785734001549713,-0.09598216045180807,2.7813575308980054,0.044444465973600085,142.89999389648438,1
2022-06-30,126.00334930419922,142.89999389648438,143.9499969482422,141.14999389648438,142.3000030517578,19270932,145.8224983215332,150.78799835205078,138.74374942779542,141.76964302535163,145.20127827299737,-0.19206331613608052,45.577052768935346,39.84961485892693,161.0896995006991,130.5552971423673,4.358459946022655,1469299856,0.00811283172123023,0.04688640217204676,-0.10154045171579107,0.9978798073220941,0.019594143956269953,140.64999389648438,0
2022-07-01,124.0193862915039,140.64999389648438,143.1999969482422,139.75,142.0,9592229,145.10499801635743,150.34699829101564,138.87199939727782,141.5973893132182,144.86414609695936,-0.02174788178519549,42.16718249810509,30.399983723958332,159.92167301742276,130.2883230152921,4.293569731895478,1459707627,-0.015745277089583953,0.029648518389520984,-0.09258068453881052,0.502518190185911,0.02452895199399239,141.39999389648438,1
2022-07-04,124.68070220947266,141.39999389648438,142.1999969482422,139.35000610351562,139.35000610351562,17526429,144.41499786376954,149.96599822998047,138.99949935913085,141.56702078756683,144.6075422302575,0.1635899674122303,43.679766469324356,34.399983723958336,158.55688839027323,130.27310733726586,4.190456954240555,1477234056,0.005332385585114174,0.020938584090139933,-0.08891754718500411,0.9204878274898248,0.02015552310994422,140.85000610351562,0
2022-07-05,124.19573211669922,140.85000610351562,144.25,140.1999969482422,141.39999389648438,11370649,143.59499816894532,149.66099822998046,139.08274940490722,141.45671083617435,144.32920622086922,0.26529282032642687,42.79582598214714,38.81585749894343,156.51389312742754,130.6761032104631,4.180424532634645,1465863407,-0.0038895885198649838,0.016233765518881338,-0.10429248900784971,0.6027919879659687,0.02875401403093531,138.9499969482422,0
2022-07-06,122.52040100097656,138.9499969482422,142.0,136.10000610351562,141.5,15929985,142.68999786376952,149.2999981689453,139.15749938964845,141.07106254572324,143.9307462747487,0.22248358079665786,39.7993806488432,42.10526315789474,154.16734602123128,131.21264970630776,4.303250915766768,1449933422,-0.013489592282140528,-0.01975310794890872,-0.11524995703152285,0.8455866321173693,0.04246127402710255,140.4499969482422,1
2022-07-07,123.84303283691406,140.4499969482422,142.75,139.5,140.0,18144208,141.95499801635742,148.99599822998047,139.24099937438965,140.9755139922646,143.6729129913038,0.3078146486263522,43.181691326311324,59.139765539758976,151.93106147937064,131.9789345533442,4.267304639766129,1468077630,0.010795250327056527,-0.01714483591942595,-0.0947470030714277,0.9521962225737248,0.02313990794316408,143.6999969482422,1
2022-07-08,126.70877075195312,143.6999969482422,144.1999969482422,141.0,141.0,15375888,141.37749786376952,148.67599822998048,139.34599937438963,141.39466521626116,143.67491921033627,0.579967722872349,49.767030857478396,94.08599063143474,149.342760271158,133.41223545638104,4.230354308354263,1483453518,0.023139907943164006,0.021685056410329917,-0.07439615492275564,0.7914102782708573,0.022268594406406016,144.8000030517578,1
2022-07-11,127.67869567871094,144.8000030517578,147.0,143.60000610351562,144.0,16779135,141.1724983215332,148.44799835205077,139.44949939727783,141.9185633447991,143.7582587541453,0.8164210460810257,51.80315789472954,81.74276853879087,148.54151623501443,133.80348040805197,4.171042850363557,1500232653,0.007654879101436807,0.0240453274542749,-0.027535198205426936,0.869069360220307,0.023480620337204477,147.10000610351562,1
2022-07-12,129.70672607421875,147.10000610351562,148.10000610351562,144.0500030517578,144.0500030517578,19138561,140.95749893188477,148.23999847412108,139.56299942016602,142.71570838460167,144.00579559483938,1.0928233961515907,55.834223726966684,92.39544255679108,147.29975898749382,134.61523887627573,4.162397150463147,1519371214,0.01588399864146206,0.0443734450065032,-0.02840150572204614,0.9859024182154026,0.027532310562297244,148.60000610351562,1
2022-07-13,131.0293731689453,148.60000610351562,149.35000610351562,147.5,147.75,13644449,140.97999954223633,148.03899871826172,139.6749994659424,143.6209849567423,144.34610748437095,1.3262304630085198,58.28466645991152,94.79166997803371,147.42650432495674,134.53349475951592,4.025797354001494,1533015663,0.010197144376353329,0.06944950965970875,0.003037544553297078,0.7056560836295754,0.01244956949885251,148.3000030517578,0
2022-07-14,130.76483154296875,148.3000030517578,149.3000030517578,147.0,149.0,9775869,141.24749984741212,147.8369989013672,139.79524948120118,144.34083389443697,144.63898863751072,1.4025585980507391,57.59637412945313,92.07544866597877,148.403721656475,134.09127803834923,3.9025263324126596,1523239794,-0.0020188629840891537,0.05589182110419322,0.03742571680818352,0.5172437821659996,0.015509123428373054,149.75,1
2022-07-15,132.0433807373047,149.75,150.14999389648438,148.14999389648438,148.4499969482422,11518139,141.7125,147.6519989013672,139.90974948883056,145.17301329529283,145.01758207176917,1.484915651718524,60.05188044099423,97.15306587892873,149.75475774313372,133.6702422568663,3.766631594383184,1534757933,0.00977745730548718,0.04210162268783413,0.06621575830425264,0.6257665894558537,0.01335559265442404,149.8000030517578,1
2022-07-18,132.0874786376953,149.8000030517578,151.5500030517578,149.3000030517578,151.39999389648438,8286352,142.3400001525879,147.46799896240233,139.99899951934813,145.88485787321054,145.37183547769425,1.4740054589689184,60.13760702783273,88.67313692123994,150.83715518903628,133.8428451161395,3.6583007662129563,1543044285,0.0003339101953776513,0.034530386012580294,0.0914390021985998,0.4605620557051655,0.015020026396278485,150.75,1
2022-07-19,132.92515563964844,150.75,151.1999969482422,149.25,149.8000030517578,6798359,142.88000030517577,147.3739990234375,140.04949954986571,146.633341277332,145.7702180349021,1.4592850447060304,61.814214152255225,94.82198569722803,152.04724850065935,133.7127521096922,3.5362790649293303,1549842644,0.0063417685506586,0.024813009823506427,0.07717044149527186,0.43131812400976505,0.01293530313925166,150.5500030517578,0
2022-07-20,132.74879455566406,150.5500030517578,152.25,150.14999389648438,152.10000610351562,7271345,143.52500076293944,147.3339990234375,140.09299953460695,147.23590462724366,146.12427618429882,1.3662321961767658,61.230338396142265,89.47369912868974,152.94145084431614,134.10855068156275,3.4336881391140657,1542571299,-0.0013266795903296158,0.013122455371124442,0.09371601690716025,0.4628622617724737,0.013948894459959995,150.85000610351562,1
2022-07-21,133.01333618164062,150.85000610351562,151.25,150.0,151.0,7521568,144.24250106811525,147.37999908447264,140.1477495956421,147.7919202389778,146.47433025238894,1.2577549918566422,61.81302407582986,91.3313038663802,153.59511133944497,134.88989079678552,3.2777104148916325,1550092867,0.001992713687655412,0.017194895477297134,0.10512824984260538,0.4845518734842148,0.008286376860616304,148.9499969482422,0
2022-07-22,131.3379669189453,148.9499969482422,151.39999389648438,148.14999389648438,151.0,6800124,144.86000061035156,147.4759991455078,140.1647495651245,147.97008588655694,146.6577129706003,1.0020303369795318,56.065836820386906,79.5665368488085,153.731114057052,135.98888716365113,3.2757310995422304,1543292743,-0.012595353519373576,-0.005342257440786757,0.09040988501397074,0.46043897675004664,0.021819402931101264,150.10000610351562,1
2022-07-25,132.3520050048828,150.10000610351562,150.4499969482422,147.35000610351562,149.1999969482422,7996687,145.44000091552735,147.51299926757812,140.18824962615966,148.29776591993522,146.91269764711254,0.8597805550764535,58.576303683519065,86.68733926300493,154.08596311352218,136.79403871753252,3.263178224198254,1551289430,0.0077207732718049815,0.0020026905583849786,0.08375455670408383,0.550545781449775,0.020652836233655256,150.0,0
2022-07-26,132.26382446289062,150.0,150.9499969482422,149.14999389648438,150.0,5774871,146.01000061035157,147.50299926757813,140.22174961090087,148.55964808609903,147.1413867102894,0.714378926450728,58.264510848236185,82.3529411764706,154.27163944566536,137.74836177503778,3.15866571188108,1545514559,-0.0006662631542243558,-0.00497512437810943,0.08225103459209171,0.4095607108647675,0.012000020345052083,149.6999969482422,0
2022-07-27,131.99929809570312,149.6999969482422,150.5500030517578,149.0500030517578,149.5500030517578,5403197,146.40750045776366,147.52699920654297,140.2562495803833,148.7350863725826,147.33091339458218,0.5602324229132082,57.279530719721805,77.33330620659723,154.5755078821655,138.2394930333618,3.0401895896038598,1540111362,-0.0020000203450520893,-0.005646005222752493,0.05608463455550039,0.4619716700538224,0.010020040284427096,150.35000610351562,1
2022-07-28,132.5724639892578,150.35000610351562,150.9499969482422,149.0500030517578,150.0500030517578,6030744,146.78000106811524,147.57399932861327,140.3024995803833,148.9835355619569,147.5545498915402,0.46803609226358744,58.90072839977541,78.03473714291762,154.95370696960862,138.60629516662186,2.958747040095325,1546142106,0.004342078614057554,-0.0033145507442464694,0.05213444734243988,0.5465630887912979,0.012637138805144003,152.9499969482422,1
2022-07-29,134.86500549316406,152.9499969482422,154.4499969482422,150.4499969482422,150.9499969482422,11771461,147.39500122070314,147.6409991455078,140.34324954986573,149.59376039061618,147.95421263648112,0.5428785407855676,64.67525084590756,85.57691461235316,155.48171499458442,139.30828744682185,3.040264454711842,1557913567,0.01729292144448924,0.02685464976135532,0.0874511452934037,1.0564090087491578,0.026152337886960454,156.5,1
2022-08-01,137.9952850341797,156.5,157.6999969482422,151.0,152.89999389648438,14221965,148.1500015258789,147.76799926757812,140.40299953460692,150.65625879205984,148.58723392266768,0.7778845248341342,70.72365030546104,88.78507205145208,156.66510668131474,139.63489637044307,3.3016739185354385,1572135532,0.02321021982732785,0.04263819877575914,0.1067892981280465,1.2955349263393392,0.04281148209739417,159.5500030517578,1
2022-08-02,140.68463134765625,159.5500030517578,160.10000610351562,156.5500030517578,157.10000610351562,18278835,149.08500137329102,148.0209994506836,140.46899951934813,152.0245271397057,149.39929089519288,1.0672767199638304,74.72740489716402,95.80150537784705,158.2689078010694,139.90109494551265,3.322983360319738,1590414367,0.019488837391423708,0.06366668701171885,0.1327653257927366,1.614297835790736,0.02225009704704422,159.64999389648438,1
2022-08-03,140.77281188964844,159.64999389648438,160.9499969482422,157.1999969482422,160.0500030517578,10147608,150.12000122070313,148.1609994506836,140.52024951934814,153.19767587151782,150.1586022286219,1.1848912946775396,74.84884248933793,90.44114759634641,159.16651375324787,141.0734886881584,3.353484548868328,1600561975,0.0006267053764588137,0.06646624683420899,0.14897443255038567,0.9196698567625478,0.023488882827214303,154.6999969482422,0
2022-08-04,136.40811157226562,154.6999969482422,160.5,153.0500030517578,159.6999969482422,15754128,150.83250122070314,148.17199951171875,140.54599948883057,153.4288021910139,150.49500183748268,0.863694404250269,59.58483903168232,54.04408671037116,158.9134813375244,142.75152110388188,3.646092577395032,1584807847,-0.03100530621662112,0.028932428787077136,0.10145959636618107,1.4434174357206768,0.04815770585137584,155.60000610351562,1
2022-08-05,137.20167541503906,155.60000610351562,157.14999389648438,153.0,154.39999389648438,33864055,151.4275016784668,148.27499969482423,140.57574954986572,153.762833562168,150.87315030163327,0.6556618490030255,61.13668938831361,60.66180554231007,159.0601574804598,143.7948458764738,3.6820855287585563,1618671902,0.00581777099565528,0.017325983708062376,0.08281147813496181,2.8604121476904822,0.026670910884948933,159.39999389648438,1
2022-08-08,140.55233764648438,159.39999389648438,160.0,154.9499969482422,155.5,16964235,152.15750122070312,148.44499969482422,140.64149951934814,154.63008899821668,151.5047683456963,0.7130393927909386,66.91336618975046,88.60291106476126,159.90690223554932,144.40810020585693,3.779793923258503,1635636137,0.024421514421026025,0.01853031243759995,0.10082866392970935,1.4318072502865347,0.031681325251726955,155.75,0
2022-08-10,139.9682159423828,155.75,157.14999389648438,155.0,156.89999389648438,14055597,152.59000091552736,148.43999969482422,140.6807495498657,154.80238299849103,151.81922994971882,0.45669743123422,57.99610079354627,61.76470258243959,160.1246243479612,145.0553774830935,3.8240939213460656,1621580540,-0.022898331469540123,-0.023817003942802173,0.0588034910780173,1.212318610812781,0.013804134166833869,153.64999389648438,0
2022-08-11,138.0810089111328,153.64999389648438,156.85000610351562,152.85000610351562,156.1999969482422,15810624,152.84250030517578,148.37699951171874,140.72449954986573,154.6250923674131,151.95484209392367,0.11503572476114066,53.57251973654363,46.323470838302725,160.16071264190452,145.52428796844703,3.836658641249918,1605769916,-0.013483185255316998,-0.03758221252354288,0.033983765717014114,1.3510711578230963,0.026033193354337795,158.5,1
2022-08-12,142.4395751953125,158.5,159.0,152.60000610351562,153.6999969482422,17998843,153.35250015258788,148.3659994506836,140.7974995803833,155.2212320031957,152.43966860548488,0.18107907918602972,60.97567711024135,81.98530442987628,160.7545564025722,145.95044390260355,4.019754016623808,1623768759,0.03156528666563507,0.024563691834002865,0.068779479017828,1.4858576655724258,0.04037851038791404,158.75,1
2022-08-16,142.66424560546875,158.75,159.8000030517578,156.9499969482422,159.0,8309725,153.8025001525879,148.4409994506836,140.8752495956421,155.76411938731945,152.90710056063415,0.20522760652841843,61.31807599526355,81.51262120485512,161.36632432945868,146.23867597571711,3.936200594258938,1632078484,0.001577287066246047,0.020244175918533003,0.06010016694490816,0.6951990105024664,0.01795279435285433,161.4499969482422,1
2022-08-17,145.0906524658203,161.4499969482422,163.64999389648438,159.0,159.0,19674110,154.3849998474121,148.5659994506836,140.9759995651245,156.63886978130756,153.53990770045698,0.3577366885549571,64.89996753765692,84.93151830271994,162.4066616104267,146.3633380843975,4.005042972989327,1651752594,0.01700785479207667,0.012860747366710168,0.0777703181518572,1.5711128567201917,0.028801449268376727,160.8000030517578,0
2022-08-18,144.50653076171875,160.8000030517578,162.64999389648438,159.89999389648438,161.4499969482422,9585888,154.8875,148.63699951171876,141.09324954986573,157.2790441306076,154.07769254129408,0.3681009576143017,63.378451012673345,80.4795025213597,163.1895985462124,146.58540145378757,3.915397046347232,1642166706,-0.004025976517625818,0.03242377561321219,0.06666668691049948,0.7570726723623111,0.017101989725179536,157.75,0
2022-08-19,141.7655792236328,157.75,161.64999389648438,157.14999389648438,161.0500030517578,9599472,155.24749984741212,148.6509994506836,141.2187495803833,157.3514988797449,154.34971531601306,0.13482634562610585,56.66531868175382,55.30306620813224,163.3889030437458,147.10609665107842,3.957154400179572,1632567234,-0.01896768031015572,0.026684062911696893,0.04782462173558977,0.7512389756610892,0.028526148969889066,156.5,0
2022-08-22,140.6422576904297,156.5,158.9499969482422,156.0,157.3000030517578,11400211,155.52999954223634,148.67799957275392,141.3297495651245,157.2204990520918,154.50899566297505,-0.1243630631911774,54.13454950147324,43.47828184746029,163.42996047732294,147.63003860714974,3.885214582184045,1621167023,-0.007923930269413626,-0.012618296529968487,0.03745438294916115,0.8788241150115875,0.018849820755541133,158.64999389648438,1
2022-08-23,142.57437133789062,158.64999389648438,159.1999969482422,155.64999389648438,156.4499969482422,14362373,156.01499938964844,148.7459994506836,141.43974956512452,157.44042133584452,154.81573627286465,-0.16894511146245605,57.63895060931183,54.75108123484476,163.41473381019682,148.61526496910005,3.861270901439314,1635529396,0.013737980169229225,-0.000629959707185046,0.06512250518281504,1.0758145320394428,0.022376320128156522,160.8000030517578,1
2022-08-24,144.50653076171875,160.8000030517578,163.0,158.0,158.89999389648438,20602844,156.54999923706055,148.98399963378907,141.5599995803833,157.95728006136963,155.25901529352342,-0.07629232527688723,60.859584389949575,74.20819915710632,163.70492712223202,149.39507135188907,3.9426086941936487,1656132240,0.013551901909786945,-0.004025976517625818,0.07128578623016835,1.4736802034525234,0.0310945267730537,158.89999389648438,0
2022-08-25,142.79905700683594,158.89999389648438,161.9499969482422,158.4499969482422,161.35000610351562,12889454,156.99499893188477,149.13399963378907,141.6687495803833,158.1023129590796,155.52871741226127,-0.1607692370438194,56.75315189990272,57.013527173102524,163.54670795375034,150.4432899100192,3.910993787465531,1643242786,-0.01181597710953941,-0.01181597710953941,0.05933329264322906,0.8990801229032511,0.022026432564120044,163.39999389648438,1
2022-08-26,146.8430633544922,163.39999389648438,164.6999969482422,158.89999389648438,159.0,30724938,157.67999877929688,149.43899963378905,141.78424953460694,158.91734079560342,156.11177492961113,0.056960865704118735,63.1030614811565,89.25616499681583,163.89364289965127,151.4663546589425,4.045923020629266,1673967724,0.0283196990110115,0.035816126126683834,0.09151634754527671,1.9692499635712057,0.035495736036760046,160.9499969482422,0
2022-08-29,144.64134216308594,160.9499969482422,163.39999389648438,160.6999969482422,161.8000030517578,10928330,158.2099983215332,149.79899963378907,141.89649951934814,159.2300571267786,156.47016174580602,0.009032304547524461,58.10115508882769,69.00824101338613,163.58387906778268,152.8361175752837,3.9497854440301885,1663039394,-0.014993861932420138,0.02843448529228243,0.07050209786774797,0.6896048514407068,0.01677537744291132,164.0,1
2022-08-30,147.3822784423828,164.0,165.4499969482422,161.5500030517578,161.8000030517578,24663153,158.7624984741211,150.2699996948242,142.02949954986573,159.9638944918896,157.02792754241298,0.14808309844124157,62.12597125252992,88.71596901691767,164.1317507124124,153.39324623582976,3.989086483742318,1687702547,0.01895000378744105,0.03372206939387845,0.0722458533653787,1.4954779943806564,0.02378045058831936,160.6999969482422,0
2022-09-01,144.41665649414062,160.6999969482422,164.25,160.3000030517578,161.5,14554158,158.9724983215332,150.73899963378906,142.14974956512452,160.07714102363613,157.29993268358552,-0.00854040878780804,55.872244941748235,63.03499311869684,164.29973682314997,153.64525981991645,3.9862943740637378,1673148389,-0.020121969827791575,-0.0006219284926470836,0.026837041202825374,0.8816198050050074,0.024579944139727593,161.8000030517578,1
2022-09-02,145.4051971435547,161.8000030517578,166.39999389648438,161.25,163.0,25106698,159.0849983215332,151.17599975585938,142.2764995956421,160.34219672027024,157.63327122937608,-0.06145860635540368,57.41120199089731,66.66670352367768,164.5495293453549,153.62046729771149,4.10870170079077,1698255087,0.006845091004388237,0.01825053031256041,0.014102162061821577,1.4900274734056245,0.03182938071290985,164.5,1
2022-09-05,147.8316192626953,164.5,165.10000610351562,162.1999969482422,162.60000610351562,15226001,159.32749862670897,151.7129998779297,142.41324962615965,160.9818587633056,158.14191780497785,0.055645488862555936,61.005930443747296,82.32563817223837,165.27951327335467,153.37548398006328,4.050937511574131,1713481088,0.016687249056345665,0.006731983749108883,0.030378993353800787,0.8902146169845284,0.017629234986464664,168.4499969482422,1
2022-09-06,151.38136291503906,168.4499969482422,168.85000610351562,164.8000030517578,165.8000030517578,27866331,160.01499862670897,152.35199981689453,142.5839995956421,162.1308030994497,158.90547922299743,0.352822725589661,65.58276164841679,96.96963041397518,166.78973804031864,153.2402592130993,4.072299553855666,1741347419,0.02401213950299197,0.046598323343937764,0.0888817082821296,1.5735375862425682,0.024042761205880066,167.3000030517578,0
2022-09-07,150.347900390625,167.3000030517578,170.14999389648438,166.64999389648438,168.5,19415892,160.5999984741211,152.96599975585937,142.73824962615967,162.92606463057402,159.5272958029056,0.42101414144464133,63.25496823825776,80.3448907260237,167.7584913975689,153.4415055506733,4.031421014294547,1721931527,-0.0068269155079754285,0.020121969827791464,0.07519277949422798,1.1429891198468876,0.02092050171043452,166.8000030517578,0
2022-09-08,149.89852905273438,166.8000030517578,169.1999969482422,165.9499969482422,168.0,11595205,160.96999893188476,153.53199981689454,142.89574962615967,163.52205515691,160.06601485837612,0.38262848984807984,62.22089771405164,76.89661486395474,168.59210026520117,153.34789759856835,3.975605227559222,1710336322,-0.0029886431014906067,0.03795896838430113,0.04642414955222063,0.6935556602387057,0.019484412113538928,166.60000610351562,0
2022-09-09,149.71884155273438,166.60000610351562,169.35000610351562,165.9499969482422,167.64999389648438,16415150,161.51249923706055,154.09199981689454,143.07799968719482,163.9955860717724,160.55001420986795,0.2977280425749247,61.78580453900435,75.51732556573276,169.11571702899752,153.90928144512358,3.934491222395952,1693921172,-0.0011990224495387336,0.029666272937104665,0.06966296053621579,0.9749757520430351,0.020408217471257883,166.39999389648438,0
2022-09-12,149.5390625,166.39999389648438,168.10000610351562,165.5,167.4499969482422,15469466,162.14999923706054,154.5849996948242,143.24249965667724,164.36549496788194,160.98334603850623,0.18744408803694945,61.32396190646332,74.13793103448276,169.12115542199052,155.17884305213056,3.8391708567616427,1678451706,-0.0012005534195898004,0.011550114872245443,0.08298080381695172,0.9197388058527919,0.01562503725290435,167.39999389648438,1
2022-09-13,150.43775939941406,167.39999389648438,168.9499969482422,165.64999389648438,166.9499969482422,15644741,162.59499893188476,155.0749996948242,143.4027495956421,164.8323409568977,161.45865328724534,0.14318626265086998,62.82033194265916,77.36624377403417,169.71208467956262,155.4779131842069,3.8006588706899405,1694096447,0.00600961560504687,-0.006233321880560361,0.05615138105037465,0.936715091457418,0.019713280597838282,172.35000610351562,1
2022-09-14,154.88619995117188,172.35000610351562,173.0500030517578,165.0,165.0,38751148,163.27499923706054,155.70899993896484,143.58849964141845,165.98890482560816,162.26542016252463,0.3943866048656317,69.1774046901658,95.20550235884059,171.3297206789303,155.22027779519078,4.104183455051931,1732847595,0.02956996647259258,0.030185313566285288,0.08566932978592523,2.126405824359753,0.04670729774690508,175.10000610351562,1
2022-09-15,157.35752868652344,175.10000610351562,176.14999389648438,172.64999389648438,174.39999389648438,29483891,163.9574996948242,156.38300018310548,143.81974964141847,167.39061271451698,163.21613023222767,0.67630753925713,72.0378481654021,93.91311424365942,173.46093806281652,154.4540613268319,4.082455193474561,1762331486,0.015955903119308834,0.04976020923202462,0.08454635746849459,1.5754766502425488,0.019988577258705918,172.8000030517578,0
2022-09-16,155.29061889648438,172.8000030517578,174.6999969482422,171.3000030517578,173.9499969482422,26126152,164.55749969482423,157.02200012207032,144.05124965667724,168.22282661255403,163.92604673737807,0.6388839457150244,66.48083963316722,78.86439886593918,174.68268398586352,154.43231540378494,4.062280040494794,1736205334,-0.013135368198663011,0.03721486627311332,0.07462686425532894,1.3369723715749968,0.019675890257166224,171.0,0
2022-09-19,153.67298889160156,171.0,174.10000610351562,170.5500030517578,173.5,13304030,165.21999969482422,157.66300018310548,144.26999965667724,168.6500840567765,164.45004327535005,0.4337158815724149,62.42247707076929,67.50790617524031,175.20981868942766,155.23018070022079,4.025688827013581,1722901304,-0.010416684143336852,0.027644268462997834,0.08399366085578452,0.6744239678747403,0.02076025176466557,171.89999389648438,1
2022-09-20,154.48178100585938,171.89999389648438,173.14999389648438,170.89999389648438,171.89999389648438,15395199,165.98999938964843,158.2920001220703,144.49099964141845,169.1500701859623,165.00189146950814,0.30548305328010494,63.618357224646594,73.18610438558068,175.5368140938373,156.44318468545956,3.898853910798325,1738296503,0.005263122201663029,0.02688172141023304,0.09840251691044322,0.7726086469312299,0.013089005700342937,168.60000610351562,0
2022-09-21,151.5161895751953,168.60000610351562,172.0500030517578,168.14999389648438,171.0,7370283,166.4875,158.7900003051758,144.69049968719483,169.06544494250898,165.26841847943464,-0.03653536007978575,56.51620532027979,49.32892023029516,175.47298465294256,157.50201534705747,3.898936428260833,1730926220,-0.019197137348102244,-0.02175804970814854,0.06271675127528464,0.37648330001575553,0.02313172606220988,168.64999389648438,1
2022-09-22,151.5610809326172,168.64999389648438,169.64999389648438,166.85000610351562,167.0,7447846,166.87999954223633,159.2670001220703,144.89874965667724,169.0015293969667,165.51890554736426,-0.28075037884133636,56.5952515322859,46.236547378276946,175.51646077059,158.24353831388268,3.8204400971685417,1738374066,0.0002964874920470262,-0.03683616209138296,0.04881835009791535,0.3936721850045081,0.016602359290255022,163.9499969482422,0
2022-09-23,147.33734130859375,163.9499969482422,168.5,162.64999389648438,167.14999389648438,12264388,167.13249969482422,159.60399993896485,145.09674964904787,168.2243705587014,165.40269009557744,-0.7533550122558639,47.79740739589938,9.629652235243055,175.08952943333495,159.1754699563135,3.976122947370789,1726109678,-0.027868349352725086,-0.051215312194553775,0.031781014762326754,0.6493337180644495,0.03568164813911176,158.60000610351562,0
2022-09-26,142.52943420410156,158.60000610351562,163.85000610351562,156.60000610351562,162.4499969482422,21951865,166.8925003051758,159.80399993896484,145.26299968719482,166.74369910405744,164.8987875776469,-1.3840991591754328,40.146926745393394,10.230185415866654,175.54456901165483,158.24043159869674,4.2171135114676295,1704157813,-0.032631844735047544,-0.07251458418996715,-0.02937569138472307,1.1898677078983757,0.045712482477888707,159.0,1
2022-09-27,142.88890075683594,159.0,161.64999389648438,157.5,159.39999389648438,8367800,166.79500045776368,160.0179998779297,145.42174968719482,165.55236078035628,164.46184034967305,-1.7107922039221863,40.908470084526655,12.276191278991718,175.75133402706865,157.8386668884587,4.21231925325454,1712525613,0.002522029515076518,-0.07504359717576581,-0.012115545108517534,0.45673346272113424,0.026100590543926886,157.9499969482422,0
2022-09-28,141.94529724121094,157.9499969482422,159.4499969482422,155.0,157.8000030517578,14261815,166.49250030517578,160.18199981689452,145.58124965667724,164.38276634464643,163.9794815791967,-1.9184222953245391,39.48811650975672,13.947980139760448,176.18447108207695,156.8005295282746,4.229296231467943,1698263798,-0.006603792778350992,-0.06316731180148727,-0.036890262510718363,0.8011849196672353,0.028173453841220292,159.5500030517578,1
2022-09-29,143.38319396972656,159.5500030517578,161.6999969482422,158.0,158.75,17623352,166.43500061035155,160.37699981689454,145.74824966430663,163.63926429958664,163.65137205864565,-1.8670518558666287,42.75004291007709,21.513023001458784,176.2762458199484,156.5937554007547,4.19506078636309,1715887150,0.010129826745358672,-0.053957848645473705,-0.007156153816572641,0.9815637760887046,0.023190202929936097,159.64999389648438,1
2022-09-30,143.47305297851562,159.64999389648438,161.5500030517578,157.39999389648438,160.0,12015533,166.3275001525879,160.55499969482423,145.9174996185303,163.02553039141708,163.35497367626334,-1.7475099053231087,42.956989942212104,21.98579308931769,176.41286105984085,156.24213924533495,4.191842812713829,1727902683,0.0006267053764588137,-0.026227527488855595,-0.013288066222011619,0.6945473325698411,0.0259944210080225,160.35000610351562,1
2022-10-03,144.10214233398438,160.35000610351562,164.10000610351562,158.9499969482422,159.85000610351562,10528629,166.12000045776367,160.75099975585937,146.08749965667724,162.61391127020147,163.13238348568945,-1.5492310687718562,44.47033902696857,25.295544432307953,176.513287512201,155.72671340332633,4.260283265753801,1738431312,0.0043846679222872,0.011034047494662858,-0.025227926422397462,0.6169744277619843,0.032117299402837536,162.5500030517578,1
2022-10-04,146.07920837402344,162.5500030517578,164.0,161.35000610351562,161.9499969482422,9013773,165.82500076293945,160.9849996948242,146.26674968719482,162.60407923659474,163.0892441942871,-1.2127390487809833,49.04563531449488,35.69742425794648,176.2717952991979,155.37820622668102,4.2166911679488415,1747445085,0.013719967973196967,0.02232706321860256,-0.03502519443973162,0.559087015079274,0.016302638245048733,162.89999389648438,1
2022-10-06,146.39373779296875,162.89999389648438,165.10000610351562,162.39999389648438,164.25,6456408,165.6050003051758,161.26399963378907,146.44424964904786,162.64960456888548,163.0752256537091,-0.9225561407298142,49.75489817791165,40.10149807251256,176.1034726683576,155.106527941994,4.1083569564547275,1753901493,0.0021531272725667794,0.031339012623496476,-0.02630011401680732,0.4172333442699378,0.01657466119211144,164.3000030517578,1
2022-10-07,147.65191650390625,164.3000030517578,164.85000610351562,161.35000610351562,163.10000610351562,8825983,165.4800003051758,161.5479995727539,146.63799964904786,162.9035120277889,163.16594990541643,-0.607498346826961,52.59731427280958,48.6910998947064,175.97811533664265,154.98188527370894,4.064902888136532,1762727476,0.00859428611251567,0.029771231019400934,-0.014988009318106843,0.5755122796207892,0.021302495039500574,163.9499969482422,0
2022-10-10,147.33734130859375,163.9499969482422,165.60000610351562,161.85000610351562,162.6999969482422,10484521,165.3474998474121,161.82699951171875,146.84899963378905,163.06450970785863,163.22402746414426,-0.40366258038805225,51.80823229806625,49.31129453424107,175.85261732345506,154.84238237136915,4.0424098246982085,1752242955,-0.002130286652553326,0.026933938090507592,-0.01590641691589656,0.6971396483016811,0.02287282750718103,161.0500030517578,0
2022-10-11,144.73121643066406,161.0500030517578,164.39999389648438,160.3000030517578,164.39999389648438,13805741,165.0800003051758,162.05399963378906,147.04324966430664,162.75458560692005,163.0629886187823,-0.44203826877174585,45.691740408388725,35.48388251539974,175.73567560813723,154.42432500221435,4.046522754700233,1738437214,-0.017688282710977332,0.0043654313788443755,-0.032151388467326125,0.9230809049724404,0.025457874989352956,165.0,1
2022-10-12,148.2809600830078,165.0,165.3000030517578,161.14999389648438,161.89999389648438,12496248,164.96000061035156,162.34699951171876,147.25549964904786,163.1000339750862,163.20647094331696,-0.1920577801121961,53.70834868326581,68.25941410391813,175.56238819108702,154.3576130296161,4.061056843650216,1750933462,0.024526525137492428,0.015072266393388434,-0.01433688162478941,0.8444135266267185,0.025151570638020832,164.75,0
2022-10-13,148.0562744140625,164.75,166.8000030517578,164.25,164.85000610351562,9447511,164.5800003051758,162.58299957275392,147.45649963378906,163.35387490199602,163.32080642899717,-0.042041871106075324,53.17335729491813,72.22222222222223,174.62586538977004,154.53413522058153,3.953124429943616,1741485951,-0.0015151515151514694,0.01135669842131004,-0.04409634948867347,0.7085518960579166,0.01547801548866654,165.10000610351562,1
2022-10-14,148.37083435058594,165.10000610351562,167.5,164.85000610351562,166.25,9588164,164.0800003051758,162.75499969482422,147.67574966430664,163.62251047146057,163.45259899748004,0.07584090390048756,53.86621550353259,80.800048828125,172.90266328777415,155.25733732257743,3.8671869706619293,1751074115,0.00212446800312982,0.004869160297616082,-0.05711022073915972,0.7770766598096444,0.016050840693627003,168.4499969482422,1
2022-10-17,151.38136291503906,168.4499969482422,169.0500030517578,164.0,165.10000610351562,13426449,163.8625,162.9329995727539,147.90874965667726,164.36520069865776,163.8227766234624,0.3586828040922479,59.97110286592085,95.72949485273914,172.00263766010798,155.72236233989204,3.95167383359735,1764500564,0.020290676686142373,0.027447393008617205,-0.025173645987799476,1.1471894171188448,0.029979240980986616,166.9499969482422,0
2022-10-18,150.03334045410156,166.9499969482422,169.4499969482422,166.39999389648438,168.9499969482422,20635735,163.6599998474121,163.07899963378907,148.12299964904784,164.7628616601323,164.0544225734461,0.41975825246648313,56.37386850405874,82.69895828383466,171.26365437069214,156.05634532413208,3.8872687777516686,1743864829,-0.008904719662659821,0.036634546939985135,-0.023684228372852667,1.7096202038975277,0.01826896141066342,164.0500030517578,0
2022-10-19,147.42723083496094,164.0500030517578,168.10000610351562,163.85000610351562,166.5,6947654,163.2675003051758,163.26599975585938,148.32749965667725,164.65319110499777,164.05409520146918,0.2483320554470907,50.11513947472681,55.18678399258461,169.8743345441215,156.66066606623008,3.9131781507694066,1736917175,-0.017370433959237652,-0.005757557262073831,-0.045666033295229225,0.5964683213145305,0.0259067352693625,166.9499969482422,1
2022-10-20,150.03334045410156,166.9499969482422,167.89999389648438,161.5,164.0,12020720,163.18499984741212,163.49299957275392,148.52774963378906,165.0065458501123,164.2686064419709,0.30974044804793033,55.442518866595485,79.25311728750717,169.56058343216372,156.8094162626605,4.090807846891904,1748937895,0.01767749980211475,0.013353547485536854,-0.009786530815784067,1.0118019587001204,0.03833479492945723,165.0500030517578,0
2022-10-21,148.3258819580078,165.0500030517578,168.4499969482422,164.5,167.5,7414335,163.00500030517577,163.6059997558594,148.73099964141846,165.0132315734424,164.32648767232547,0.20683595281875378,51.55763819124705,58.095296223958336,168.94140343371228,157.06859717663926,4.080749925559782,1741523560,-0.011380616539174992,-0.00030286523264244636,-0.02134592929150181,0.624163680345925,0.023932122842818204,166.9499969482422,1
2022-10-24,150.03334045410156,166.9499969482422,167.9499969482422,166.25,166.9499969482422,685185,163.15500030517578,163.8299996948242,148.93574962615966,165.31119547725777,164.52082169276375,0.24837266895667953,54.95663125141545,72.67757740296905,169.32629498912803,156.98370562122352,3.996410209197253,1742208745,0.011511625939737646,-0.008904719662659821,0.018298262005744803,0.06063653266202537,0.010182671334634527,169.35000610351562,1
2022-10-25,152.19017028808594,169.35000610351562,169.6999969482422,165.4499969482422,167.4499969482422,8131380,163.69250030517577,164.14399993896484,149.1179996871948,165.93255095822053,164.87853905652315,0.40960862892802885,58.88135538166084,96.2766907236242,170.0529466738702,157.33205393648134,4.014523765683164,1750340125,0.014375616646566947,0.014375616646566947,0.06778057746721422,0.7664716206477785,0.025095954218048132,170.64999389648438,1
2022-10-27,153.35845947265625,170.64999389648438,171.5,167.5500030517578,169.89999389648438,16225577,164.275,164.38699981689453,149.31124965667723,166.65831141026112,165.30605422985363,0.566283126110513,60.870183025047204,92.4106577221074,170.93649277737063,157.61350722262938,4.009914707294523,1766565702,0.007676337443850656,0.040231580139893364,0.0732704018646817,1.4748197481003826,0.023146774623609073,174.0500030517578,1
2022-10-28,156.4139404296875,174.0500030517578,174.6999969482422,169.89999389648438,170.64999389648438,16185760,165.0800003051758,164.69299987792968,149.52699970245362,167.79549473972216,165.95375414258726,0.8446132342703383,65.56181661505795,95.48615158341792,172.35271563502704,157.80728497532454,4.0663495890419,1782751462,0.019923875047636264,0.0425277402413895,0.10193103143136728,1.458448176416709,0.027578299153091197,173.10000610351562,0
2022-10-31,155.56021118164062,173.10000610351562,174.0,169.0500030517578,169.89999389648438,24233760,165.75750045776368,164.92600006103515,149.7357497024536,168.611573411075,166.48310613969306,0.9050719268138985,63.27883937183707,88.8889477576988,173.36041352569657,158.1545873898308,4.133038904110336,1758517702,-0.005458184036685632,0.04877311664897954,0.08492637287736193,2.120475917769205,0.028596168536713033,181.8000030517578,1
2022-11-01,163.378662109375,181.8000030517578,182.9499969482422,173.5,174.0,41101936,166.86500091552733,165.34600006103517,149.98549968719482,170.64056258656464,167.6176910961423,1.439580916683447,72.66601798757324,94.72479937844942,176.70929411916586,157.0207077118888,4.541392614154352,1799619638,0.050259945935758665,0.08894882524687575,0.13874105857865104,3.1904570983509766,0.051980180360898055,180.9499969482422,0
2022-11-02,162.6147918701172,180.9499969482422,182.6999969482422,180.0,181.8999938964844,22146420,167.89500045776367,165.81,150.22874965667725,172.2266294114381,168.60526930740895,1.6304556242322008,70.76270276154796,90.67598934943486,179.02401225663354,156.7659886588938,4.409864352303484,1777473218,-0.004675501040963259,0.06849713862800821,0.12846891213354872,1.6449030252762566,0.014921232350252417,178.14999389648438,0
2022-11-03,160.09849548339844,178.14999389648438,181.8500061035156,177.25,179.35000610351562,16719953,168.675,166.2429998779297,150.45024959564208,173.13791625529137,169.31228594363674,1.4677806654861478,64.74657179415318,77.62236021133248,180.36860872902065,156.98139127097937,4.423445905961492,1760753265,-0.015473904940483174,0.04394960602547382,0.09597041249983462,1.2073064340082427,0.025820972557475758,176.9499969482422,0
2022-11-04,159.02008056640625,176.9499969482422,179.5,176.35000610351562,179.0500030517578,14881752,169.37750015258788,166.60899993896484,150.66024959564209,173.72439020805302,169.87804231434825,1.1907985980290294,62.3019004357524,72.02796804830457,181.28512103374788,157.46987927142789,4.332485048141698,1745871513,-0.0067358798167540535,0.016661843410723742,0.0862492546235818,1.0428523160284517,0.017801604695171298,175.85000610351562,0
2022-11-07,158.0315399169922,175.85000610351562,179.5,174.85000610351562,177.85000610351562,12799401,169.9550003051758,166.91,150.8627495956421,174.0514080381242,170.3204100024347,0.8603589920110117,60.06315129234102,66.89980487242725,181.9416545773091,157.96834603304248,4.355164251594746,1733072112,-0.006216393691424127,0.015886770092633506,0.07029825220465358,0.8846140387588697,0.026442955559223102,173.39999389648438,0
2022-11-09,155.82980346679688,173.39999389648438,177.75,172.25,177.75,14929008,170.4275001525879,167.2,151.04674953460693,173.95119047787193,170.54852732791986,0.4256192850188625,55.29698236275731,55.47783491624026,182.17264550383445,158.68235480134135,4.436938233623693,1718143104,-0.013932397622943626,-0.04620467004547846,0.05763950670414153,1.0161916393052954,0.031718570897317146,172.10000610351562,0
2022-11-10,154.66152954101562,172.10000610351562,174.1999969482422,170.5500030517578,173.5,10668583,170.9800003051758,167.37400024414063,151.2322495651245,173.6663928818171,170.66345168166768,0.020717868172966725,52.8983739703925,49.41728490261761,181.92072141959196,160.03927919075963,4.380727923828028,1707474521,-0.007497046359441151,-0.04890848849949392,0.0686122498750068,0.7340291732649052,0.021208563434268312,171.4499969482422,0
2022-11-11,154.077392578125,171.4499969482422,173.60000610351562,169.64999389648438,173.0,16963169,171.3025001525879,167.5840002441406,151.41549953460694,173.32540889203634,170.72171429400652,-0.3028229871573096,51.69101107006751,37.66936638384834,181.89379150614937,160.71120879902642,4.349962515485401,1690511352,-0.0037769269739739153,-0.03760874082395582,0.03909089059540727,1.149451335068021,0.023038858427181487,171.4499969482422,0
2022-11-14,154.077392578125,171.4499969482422,173.39999389648438,171.10000610351562,172.35000610351562,10224241,171.6375,167.73300018310547,151.59824954986573,173.03688397760646,170.77566115728322,-0.5162358118911103,51.69101107006751,34.285714285714285,181.79347618921852,161.48152381078145,4.203535749591354,1700735593,0.0,-0.031082227153746422,0.040667659776887355,0.6909924145297709,0.013414918832941576,172.10000610351562,1
2022-11-15,154.66152954101562,172.10000610351562,174.14999389648438,171.39999389648438,172.3000030517578,13899999,171.9875,167.96100036621092,151.78824954986572,172.89274892005403,170.87376078293005,-0.606776396072294,52.93680518855166,38.000052315848215,181.69053403301345,162.28446596698657,4.099711767477686,1714635592,0.0037912462341405107,-0.021324992151507405,0.04239854476813942,0.9259227229436143,0.015979081362413872,169.9499969482422,0
2022-11-16,152.72940063476562,169.9499969482422,172.9499969482422,169.14999389648438,172.10000610351562,9781274,172.0625,168.12400024414063,151.97499950408937,172.4400178474676,170.80533383221243,-0.792864414352882,48.48316797964255,15.584382127789437,181.6777934232275,162.4472065767725,4.078304002069124,1704854318,-0.012492789535290538,-0.01989617687242684,0.008904719662659932,0.6595691924770813,0.022359535863452195,168.3000030517578,0
2022-11-17,151.24656677246094,168.3000030517578,170.8000030517578,167.5,169.9499969482422,12778124,172.13000030517577,168.2000003051758,152.13999950408936,171.8030924942815,170.61975377440098,-0.9953677677820378,45.33120515750122,5.178014302771965,181.61890865209463,162.6410919582569,4.022711077046887,1692076194,-0.009708702124819002,-0.022080202887803324,0.00808629007602879,0.8851009411358484,0.019607860914553594,165.85000610351562,0
2022-11-18,149.04481506347656,165.85000610351562,169.0500030517578,165.10000610351562,168.5500030517578,11134908,172.22000045776366,168.14800048828124,152.29424953460693,170.88723304954829,170.26643913211316,-1.2463300561819404,41.06243577210247,4.201682827314015,181.43072115800703,163.0092797575203,4.017517210703694,1680941286,-0.01455731968993923,-0.03266253102598249,0.010972282951984491,0.7602553256846191,0.023816682561813043,164.39999389648438,0
2022-11-21,147.74176025390625,164.39999389648438,166.1999969482422,164.14999389648438,165.0,12788632,172.09250030517578,168.09000030517578,152.41549953460694,169.88919625676922,169.8318876331777,-1.4478522800204312,38.737414871639295,1.3297870181814935,181.65535886252508,162.52964174782647,3.8769804850647027,1668152654,-0.008742913196676194,-0.0411198785491147,-0.01527405270063209,0.8708831816195037,0.012469605400646252,167.0500030517578,1
2022-11-22,150.12326049804688,167.0500030517578,167.5,164.85000610351562,165.25,15198091,172.19250030517577,168.09500030517577,152.54049953460694,169.45239730215206,169.62582210862809,-1.342868568070381,44.880007354676856,15.633469963222623,181.49702963153797,162.88797097881357,3.8214823149540544,1683350745,0.01611927769864785,-0.029343421688900473,0.012117539915299513,1.0082416427754974,0.015863477091127714,168.0500030517578,1
2022-11-23,151.0218963623047,168.0500030517578,168.25,166.25,167.85000610351562,12004998,172.24750061035155,168.12400024414063,152.67499958038331,169.23664434055294,169.50909477108215,-1.1535153536988516,47.03803872434928,22.03393483380866,181.43975029474763,163.05525092595548,3.691376435314479,1695355743,0.005986231557805866,-0.01117972303973036,0.00658883572101332,0.7675904375619806,0.01190121965891318,169.5,1
2022-11-24,152.32496643066406,169.5,170.0,167.60000610351562,168.6999969482422,10986350,172.25500030517577,168.18600036621095,152.81674961090087,169.27716059585248,169.5084210843353,-0.8898603293219832,50.08939691725578,34.85344609921887,181.4380219383822,163.07197867196933,3.599134825398043,1706342093,0.008628366092892081,0.007130106515049528,0.0008857035198019947,0.6961053456044698,0.01415925602645649,169.75,1
2022-11-25,152.54965209960938,169.75,171.25,168.60000610351562,170.25,12358833,172.21000061035156,168.23300048828125,152.98224964141846,169.34990511956747,169.526315818829,-0.6680084320805517,50.617669796431045,36.4821099467384,181.43277582268317,162.98722539801994,3.5313390447613524,1718700926,0.001474926253687281,0.02351518693372956,-0.005273916956775926,0.7927787025882872,0.015611156974871135,170.39999389648438,1
2022-11-28,153.13377380371094,170.39999389648438,171.89999389648438,169.39999389648438,170.0,5471921,172.0275001525879,168.19400024414062,153.16324962615965,169.51145723909315,169.59103271347013,-0.45693856575679526,52.03904035384341,45.95586172850587,181.24186176980453,162.81313853537125,3.4576719701355416,1724172847,0.0038291245742820834,0.03649635171992727,-0.02097103758273433,0.36349662267602056,0.014671362027857321,170.14999389648438,0
2022-11-29,152.90908813476562,170.14999389648438,171.60000610351562,169.0500030517578,171.0,7693168,171.87999954223633,168.095,153.33824962615967,169.60969364792257,169.63243724554528,-0.3200853512020175,51.425937458904365,59.70147440851334,181.11538726761125,162.6446118168614,3.392838475965704,1716479679,-0.0014671362027857127,0.018557263023611492,-0.017042242074024605,0.540761777247698,0.01498679484707581,172.1999969482422,1
2022-11-30,154.7513885498047,172.1999969482422,172.85000610351562,169.75,170.10000610351562,9133076,171.39999923706054,168.0829998779297,153.52424961090088,170.00820184797175,169.82262685315246,-0.0894134070080157,56.003376963007966,80.50003051757812,179.4442500417233,163.35574843239777,3.3719218779335556,1725612755,0.012048211138961262,0.024694994472604703,-0.05280531321433768,0.7232346576295369,0.018002358643754143,172.1999969482422,0
2022-12-01,154.7513885498047,172.1999969482422,173.64999389648438,170.85000610351562,173.5,9214914,170.96249923706054,168.10699981689453,153.7099995803833,170.3454010941672,169.99872834167763,0.05734748052979732,56.003376963007966,80.50003051757812,177.73242198545157,164.19257648866952,3.3310694432932126,1734827669,0.0,0.015929185535352053,-0.04835590023526115,0.7690939206606073,0.016260092001106927,172.14999389648438,0
2022-12-02,154.7064666748047,172.14999389648438,172.85000610351562,171.14999389648438,172.39999389648438,6376672,170.66249923706056,168.11199981689452,153.8884995651245,170.62303075606212,170.1580813457374,0.14049931069197186,55.85447940885116,80.0,176.61412647980399,164.71087199431713,3.2145653549887867,1728450997,-0.00029037777377449725,0.01413840292479751,-0.03367948473512916,0.5562172150677426,0.00987518017603582,175.14999389648438,1
2022-12-05,157.4024658203125,175.14999389648438,175.64999389648438,171.39999389648438,173.0500030517578,9861212,170.57249908447267,168.24299957275392,154.0784995651245,171.3194866238194,170.52785264579273,0.37374710271512296,62.32623109170675,95.65217391304348,176.18591719617172,164.95908097277362,3.2885249724895873,1738312209,0.017426663411930887,0.027875587852928874,-0.01017238249675878,0.8794187938145432,0.024264916632037097,175.1999969482422,1
2022-12-06,157.44740295410156,175.1999969482422,176.0,173.85000610351562,175.60000610351562,7008295,170.53999862670898,168.37399963378905,154.29199954986572,171.91648821219212,170.87393740893714,0.49973114235476257,62.42510754692291,93.24892287168974,176.03714052103555,165.0428567323824,3.2072013242035005,1745320504,0.0002854870311177482,0.02967971338764852,-0.0036963840358971156,0.6415635644730602,0.01227165487405533,171.85000610351562,0
2022-12-07,154.43687438964844,171.85000610351562,175.0,171.3000030517578,174.10000610351562,7718718,170.46249923706054,168.53199981689454,154.47449954986573,171.90626019547267,170.94623879372074,0.3337613926813683,52.48635216496633,64.97897249813933,175.83854366712316,165.08645480699792,3.256686507937849,1737601786,-0.019120952643145395,-0.0020324671947106188,-0.008938799582046464,0.7307137004849895,0.02153038589951202,170.35000610351562,0
2022-12-08,153.08883666992188,170.35000610351562,172.4499969482422,170.0,171.85000610351562,4225180,170.37499923706054,168.76699981689453,154.66024959564209,171.66683648901773,170.9020734092611,0.11080245654884557,48.74414775473445,52.320751169839895,175.69829463629296,165.05170383782811,3.1990658251024446,1733376606,-0.00872854202342277,-0.010743268742813061,-0.010168506321536097,0.41257136844947273,0.01438213595808979,169.5,0
2022-12-09,152.32496643066406,169.5,171.75,168.0,171.1999969482422,6174919,170.27749938964843,168.97699981689453,154.8439995956421,171.33347702916882,170.7982161196862,-0.09495977098012598,46.71168714157036,41.70400396318182,175.58988583489784,164.965112944399,3.2384182661665557,1727201687,-0.004989762683067389,-0.015393517225901543,-0.011373560705462471,0.6364795980488424,0.022123893805309734,168.89999389648438,0
2022-12-12,151.7857666015625,168.89999389648438,170.0,167.5500030517578,170.0,7153044,170.14999923706054,169.19599975585936,155.02674953460692,170.9590950087558,170.65760706611567,-0.2629861902580847,45.27655676872345,27.179424579326923,175.46610483794808,164.833893636173,3.1821024577433867,1720048643,-0.0035398590177913025,-0.03568370092946627,-0.014873158921826168,0.7491576034829236,0.014505607085715732,169.1999969482422,1
2022-12-13,152.0553741455078,169.1999969482422,170.0,168.0500030517578,169.75,5166993,170.00499877929687,169.38899963378907,155.21299953460692,170.68846453790758,170.54963594627318,-0.3405164330110623,46.16712674635672,19.526562040091804,175.2582714490418,164.75172610955192,3.0940949213504436,1725215636,0.0017762170668975674,-0.03424657593899694,-0.01685072081594885,0.5670868928547076,0.011524804866507688,171.60000610351562,1
2022-12-14,154.21217346191406,171.60000610351562,173.6999969482422,169.4499969482422,169.9499969482422,8562333,170.08749923706054,169.62799987792968,155.41049953460694,170.82870170184728,170.62744114310595,-0.22246757272330464,52.78671214019697,47.92904750812147,175.38635317665376,164.78864529746733,3.1945167126825544,1733777969,0.014184451528137965,-0.0014547570039038504,0.009708791908810355,0.9460598837146251,0.02476689888598395,172.10000610351562,1
2022-12-15,154.66152954101562,172.10000610351562,174.0500030517578,171.6999969482422,172.0,10644546,170.27749938964843,169.8629998779297,155.6199995803833,171.02428699441163,170.7365200290622,-0.10876893289216794,54.05427676444596,53.84620940844633,175.57886346847002,164.97613531082683,3.1413367295082426,1744422515,0.002913752810115744,0.010272967051944804,0.0225787461845095,1.1901538736691308,0.013654886810998315,169.8000030517578,0
2022-12-16,152.59458923339844,169.8000030517578,173.10000610351562,169.0500030517578,171.89999389648438,9433166,170.47499923706056,170.00799987792968,155.8469995880127,170.83593561861872,170.66714840111374,-0.1821989445892822,47.70901675819775,26.627228551461865,175.38147429845625,165.56852417566486,3.2062414668117833,1734989349,-0.013364340326486701,0.0017699295088955402,0.02381668256181313,1.0648412871154591,0.023851607649991065,171.8000030517578,1
2022-12-19,154.39193725585938,171.8000030517578,172.25,169.5,169.8000030517578,7706855,170.84499969482422,170.18600006103514,156.05424957275392,170.9842536852555,170.7510635604207,-0.0942368298075687,52.88792118332039,50.2958761527613,174.90651237082346,166.78348701882499,3.1736527906109417,1742696204,0.011778562803619996,0.017169977857138363,0.04501222281025696,0.8956601699808344,0.0160069845817844,169.75,0
2022-12-20,152.54965209960938,169.75,171.4499969482422,168.5500030517578,171.14999389648438,7387632,170.97999954223633,170.295,156.2354995727539,170.7943685029085,170.67691070409325,-0.16797532466169812,47.67575923353122,26.035476245939265,174.6924637298418,167.26753535463087,3.17910616271016,1735308572,-0.011932497178944845,0.0032506091115713787,0.016162806937547014,0.899379713004083,0.017083911024944772,167.9499969482422,0
2022-12-21,150.9320526123047,167.9499969482422,171.0500030517578,166.60000610351562,170.0,8454254,170.97499923706056,170.375,156.4204995727539,170.35677287911366,170.4749170925487,-0.322861869529596,43.611633157429345,14.36161405627575,174.70347045045682,167.2465280236643,3.2698840759624477,1726854318,-0.010603847138484945,-0.0212704488662524,-0.0005950973025857786,1.051968461728558,0.026495963257525755,165.89999389648438,0
2022-12-22,149.0897674560547,165.89999389648438,168.64999389648438,164.5500030517578,168.5,6979001,170.79499893188478,170.47199981689454,156.58949951171874,169.67111457409376,170.13603389284026,-0.5357095798728377,39.48352194627949,11.79031619684243,175.09475572049283,166.49524214327673,3.3291774165884562,1719875317,-0.012206032086976237,-0.036025636183313337,-0.021238974062039118,0.8906062126812251,0.024713628665259682,163.0,0
2022-12-23,146.48362731933594,163.0,166.35000610351562,162.35000610351562,164.3000030517578,5313321,170.45749893188477,170.43199981689452,156.75349952697755,168.6447892550024,169.6074387896669,-0.8267518366326791,34.50742482115912,4.761862176742689,175.9316454916026,164.98335237216693,3.3770933154035667,1714561996,-0.01748037373825262,-0.040047131504968636,-0.03976435935198819,0.7099610754251658,0.024539877300613498,165.64999389648438,1
2022-12-26,148.8650665283203,165.64999389648438,167.75,161.89999389648438,162.0,8321609,170.21999893188476,170.4499996948242,156.93149948120117,168.18405150753807,169.31429472350524,-0.7954764143482733,41.73382407624313,28.6259408611544,176.08194529163012,164.3580525721394,3.5537299431258567,1722883605,0.016257631266775263,-0.035797491536834425,-0.027875587852928874,1.0911517179418868,0.03531546223401208,165.1999969482422,0
2022-12-27,148.460693359375,165.1999969482422,168.1999969482422,164.5500030517578,167.0,9244387,169.97249908447264,170.45199951171875,157.08874946594239,167.72496619072334,169.0095319253376,-0.7598391463962921,40.90837275325228,27.160498478517777,176.23001410793162,163.71498406101367,3.560605939794322,1713639218,-0.00271655276077698,-0.026804141689294902,-0.02909196077464249,1.1999454024333716,0.022094394454667772,165.85000610351562,1
2022-12-28,149.04481506347656,165.85000610351562,167.60000610351562,164.8000030517578,165.0,9652984,169.65499954223634,170.39999969482423,157.26049949645997,167.4365107926914,168.775492975573,-0.651404475730911,42.67222799111905,32.51036403801257,176.0705985602956,163.23940052417709,3.5062771620774287,1723292202,0.003934680189353168,-0.012503667060939083,-0.03687567338712072,1.2487686694249456,0.01688274313363718,166.75,1
2022-12-29,149.85360717773438,166.75,167.39999389648438,164.0,165.0,19571340,169.38249969482422,170.39599975585938,157.42949951171875,167.33089374766195,168.62545645886388,-0.48558800324098916,45.115067297675196,39.91771562913259,175.805527656925,162.95947173272344,3.4986855002493535,1742863542,0.005426553291307368,0.005123605393535957,-0.031649227902601385,2.3729097825395273,0.02038976849465892,166.4499969482422,0
2022-12-30,149.58401489257812,166.4499969482422,167.8000030517578,166.0,166.75,8626291,169.0974998474121,170.44399963378908,157.60199951171876,167.19537116313583,168.46431130992895,-0.3679723510657349,44.435348596180184,37.44855656987704,175.50987056270353,162.6851291321207,3.377351039642815,1734237251,-0.0017991187511713358,0.021165625449338643,-0.03311064275535003,1.0318154698680813,0.010814076808409468,168.0,1
2023-01-02,150.9769744873047,168.0,168.5500030517578,166.39999389648438,167.0500030517578,7322962,168.7400001525879,170.46499969482423,157.78124954223634,167.31916021496107,168.42991787956385,-0.16783189510031504,48.73305380084101,50.20577372049185,174.52978757557094,162.95021272960486,3.289683762187859,1741560213,0.009312124242572217,0.014186575249644395,-0.040822119015945235,0.8894222994254555,0.012797673543294271,167.60000610351562,0
2023-01-03,150.6175079345703,167.60000610351562,169.1999969482422,166.8000030517578,168.0,9629995,168.36000061035156,170.51599975585938,157.96399955749513,167.36236727473872,168.36844293318993,-0.05051991115900145,47.7075653428909,46.913645365915535,173.34574482374092,163.3742563969622,3.226134486066182,1731930218,-0.0023809160505022797,0.014527900724025766,-0.043378943933268244,1.151296796637542,0.014319772130569343,166.60000610351562,0
2023-01-04,149.71884155273438,166.60000610351562,168.5,164.6999969482422,167.85000610351562,11995082,168.09750061035157,170.50899993896485,158.1332495880127,167.24508094070438,168.23744761247332,-0.029448739581381278,45.14961271020137,41.96434896812551,172.86882210713853,163.32617911356462,3.2671250979012987,1719935136,-0.005966586894885717,0.004522158410605659,-0.03054989708197975,1.3983061225443796,0.02280914113170386,169.89999389648438,1
2023-01-05,152.68443298339844,169.89999389648438,170.35000610351562,167.14999389648438,168.0,18887530,168.075,170.5199996948242,158.3182495880127,167.65352908774747,168.36059918906673,0.20467826469463413,53.92841748445118,77.29464040878788,172.8077078851119,163.34229211488807,3.30161616233692,1738822666,0.019807849172096326,0.018890518119846433,-0.002641691757602871,2.0284280831214843,0.01883468111824026,169.0,0
2023-01-06,151.8756103515625,169.0,172.14999389648438,168.5500030517578,170.4499969482422,13216749,168.05,170.48699981689452,158.49874961853027,167.86067845886325,168.40796221209882,0.2915716902226554,51.50719069665927,69.26835222942073,172.7575496732165,163.34245032678353,3.322928639650466,1725605917,-0.005297197932995323,0.015319934505920951,-0.002949852507374673,1.3676974118610832,0.021301720974713386,170.39999389648438,1
2023-01-09,153.13377380371094,170.39999389648438,171.0,169.4499969482422,170.25,6012344,168.125,170.41399963378908,158.68649955749513,168.2513423723434,168.5555201146459,0.42774216092458495,54.899318160635545,82.92682926829268,172.93109199492594,163.31890800507406,3.22843373681829,1731618261,0.008283987553161953,0.014285677955264031,0.008880994992334523,0.6258641117521155,0.009096262366649014,167.9499969482422,0
2023-01-10,150.9320526123047,167.9499969482422,170.6999969482422,167.14999389648438,170.39999389648438,7557693,168.0625,170.3109994506836,158.8589995574951,168.20498153786627,168.51066654676413,0.3409879154633848,48.504854687733435,59.02442001714939,172.84349328482796,163.28150671517204,3.2514029735996846,1724060568,-0.01437791687792267,0.002088250787475543,-0.007387706989039566,0.7770604693477549,0.021137261781861365,166.0500030517578,0
2023-01-11,149.2245330810547,166.0500030517578,168.8000030517578,165.5,168.4499969482422,8463293,167.7849998474121,169.9959994506836,159.01224960327147,167.8734463861573,168.32839517676368,0.15337930700388647,44.204764292872376,40.487894197789636,172.35195839306152,163.2180413017627,3.2548744077538365,1715597275,-0.01131285460558773,-0.0033013387251382698,-0.032342673976420766,0.870614956198618,0.019873550081954537,165.9499969482422,0
2023-01-12,149.1346893310547,165.9499969482422,167.1999969482422,165.5500030517578,166.89999389648438,7628932,167.47749938964844,169.6959994506836,159.16824958801269,167.5775310880165,168.15221753020654,0.026913324336190647,43.98373822419299,39.51222489519817,171.65224196393143,163.30275681536546,3.1402400855203036,1707968343,-0.0006022649905309541,-0.02324895285545925,-0.03573508969880157,0.7971490044534789,0.009942717245116842,167.8000030517578,1
2023-01-13,150.7972412109375,167.8000030517578,168.14999389648438,165.5,166.1999969482422,5090393,167.37749938964845,169.48899963378906,159.3332495880127,167.6117575439767,168.12612756883996,0.06978379333036056,49.0580943696915,46.62583923402694,171.4185973384544,163.3364014408425,3.1052225005891656,1713058736,0.011147973109590481,-0.0071005736582377965,-0.011778562803619996,0.5442447310178392,0.01579257358932816,165.9499969482422,0
2023-01-16,149.1346893310547,165.9499969482422,168.64999389648438,164.64999389648438,168.64999389648438,10321015,167.08499908447266,169.26899963378906,159.49124954223632,167.35610206770986,167.96493270805496,-0.0197414577211803,44.69760018218645,23.92636084161178,170.61828251967884,163.55171564926647,3.1691351791185105,1702737721,-0.011025065970618586,-0.026115006500208593,-0.03405125727357061,1.088273802500271,0.024103646119665503,167.6999969482422,1
2023-01-17,150.70736694335938,167.6999969482422,168.1999969482422,165.8000030517578,166.60000610351562,13015434,166.98249893188478,169.10599945068358,159.65324951171874,167.40900897240715,167.9453078369577,0.0422322544586915,49.28930703474265,45.39876956028443,170.31375473216735,163.6512431316022,3.114196516073215,1715753155,0.010545345177353616,-0.0014885382824808557,-0.012076601188558578,1.3328342906643849,0.014311233990213447,169.4499969482422,1
2023-01-18,152.28004455566406,169.4499969482422,169.6999969482422,167.10000610351562,167.5,5536057,167.05749893188477,169.02699951171874,159.82549949645997,167.7230071225356,168.05676628964545,0.19581756151951224,53.45148538930198,64.00004069010417,170.53676092499921,163.57823693877032,3.0774675395484543,1721289212,0.01043530132287418,0.02047572317974966,0.008931229694885134,0.5755143455765472,0.015343705467995489,168.6999969482422,0
2023-01-19,151.60604858398438,168.6999969482422,170.39999389648438,167.3000030517578,170.39999389648438,6812613,167.19749908447267,168.9589993286133,159.95424949645997,167.87331324956736,168.10441300509706,0.23878157847974013,51.50055857195905,54.000040690104164,170.7044151386696,163.69058303027575,3.079076347061176,1714476599,-0.004426084470388503,0.01657125670727,0.016877656146900843,0.7088348922482707,0.018375761119175667,168.6999969482422,0
2023-01-20,151.60604858398438,168.6999969482422,169.89999389648438,167.64999389648438,169.89999389648438,8545359,167.48249893188478,168.90399932861328,160.0762494659424,168.00049535705577,168.14853033421892,0.2574770854770308,51.50055857195905,54.000040690104164,170.4659970150718,164.49900084869776,3.019856607985378,1723021958,0.0,0.005363491538237675,0.034969306430933766,0.8744199383273838,0.013337285362786987,166.85000610351562,0
2023-01-23,149.94351196289062,166.85000610351562,169.5,166.0,169.39999389648438,7787735,167.54249954223633,168.81199951171874,160.16499946594237,167.8234970103573,168.05234335416682,0.14133257506452662,46.63156832570916,29.33349609375,170.42264797834937,164.66235110612328,3.054152564557851,1715234223,-0.01096615813984958,0.005423375545792419,0.007244263514921467,0.7990773031401256,0.02097692461472588,166.0500030517578,0
2023-01-24,149.2245330810547,166.0500030517578,167.5500030517578,165.39999389648438,167.1999969482422,7033092,167.58499984741212,168.6909994506836,160.23024948120118,167.5506517859574,167.9040218502847,0.01344708363740399,44.665034648048895,18.666788736979168,170.3483448104105,164.82165488441373,2.9895708924661073,1708201131,-0.004794743916649802,-0.009838961994695916,0.005145315491633662,0.7299263550474034,0.012947962154528111,165.89999389648438,0
2023-01-25,149.0897674560547,165.89999389648438,166.60000610351562,164.39999389648438,166.0,9257370,167.58749923706054,168.60999938964844,160.29224945068358,167.29670441834617,167.75557533518838,-0.07364301510201432,44.28788206766381,19.35483870967742,170.34464608650373,164.83035238761735,2.9331738435064745,1698943761,-0.0009033974857963756,-0.020950151169622844,0.0003014036245350127,0.9627485239698292,0.013261074671310588,166.3000030517578,1
2023-01-27,149.44921875,166.3000030517578,167.0500030517578,164.0,166.25,13756671,167.56499938964845,168.56999938964844,160.3634994506836,167.14336574656332,167.64775516604539,-0.09532921419349222,45.60683882435642,32.857186453683035,170.35625037583344,164.77374840346346,2.9415187869529986,1712700432,0.0024111462928866345,-0.014226401540604061,-0.0026986323732665074,1.4752730357940556,0.018340366781644347,168.85000610351562,1
2023-01-30,151.74082946777344,168.85000610351562,172.25,167.10000610351562,167.60000610351562,30768122,167.68499984741212,168.62999938964845,160.4422494506836,167.40592580147904,167.73681079104318,0.06254017257954747,53.21143363237373,58.78795276988637,170.48054701934336,164.88945267548087,3.1564100841879403,1743468554,0.015333752284804048,0.0008892066270722587,0.014418799635182555,2.949420236513366,0.030500406931149925,171.14999389648438,1
2023-01-31,153.8077850341797,171.14999389648438,172.64999389648438,167.35000610351562,169.85000610351562,24990701,167.84249954223634,168.76499938964844,160.53499938964845,167.9819362776337,167.98963916922403,0.30857781644268856,58.80564646628784,82.65894730157386,171.02011674822717,164.6648823362455,3.309522777672284,1768459255,0.013621484807994078,0.025771577079241936,0.01874996366954984,2.2085743305816923,0.0309669178029554,170.0,0
2023-02-01,152.77432250976562,170.0,173.8000030517578,167.1999969482422,172.25,13878016,167.96249923706054,168.82399932861327,160.61524940490722,168.29240761953622,168.13855478631854,0.3761068330005595,55.248710239668526,61.22447073038195,171.27291498621693,164.65208348790415,3.5445573009468085,1754581239,-0.006719216695852848,0.023787996842198122,0.014319772130569453,1.2038831597781208,0.038823565314797796,166.89999389648438,0
2023-02-02,149.98841857910156,166.89999389648438,170.85000610351562,165.5,170.0,19898080,167.97749862670898,168.8009991455078,160.63374938964844,168.0781901236821,168.04680953521972,0.20290767059620712,46.996435690912755,29.59176523893232,171.26572892847656,164.6892683249414,3.673517929701724,1734683159,-0.01823533002068012,0.0060277277684770425,0.0018006469506510747,1.6689015960470124,0.032055160570190526,165.5500030517578,0
2023-02-03,152.6626739501953,165.5500030517578,166.4499969482422,162.5500030517578,164.5,11730514,167.75999908447267,168.72199920654296,160.6582494354248,167.68923826646298,167.86186090681514,-0.0008764465746683436,43.91987440035026,26.666666666666668,171.08604533411963,164.4339528348257,3.7218374236320697,1722952645,-0.008088621294760845,-0.004509921745260437,-0.02560324309003148,1.0143108274151258,0.02355780020895001,166.0500030517578,1
2023-02-06,153.12376403808594,166.0500030517578,166.85000610351562,164.0500030517578,164.5,7588936,167.61249923706055,168.64799926757811,160.6859994506836,167.43704823343143,167.72764921384794,-0.09508382931121817,45.346924181023724,31.11111111111111,170.96702687401972,164.25797160010137,3.6559921113553373,1730541581,0.003020235522700032,-0.016582783242786725,-0.01745560324403661,0.672562263603648,0.0168624089147716,165.25,0
2023-02-07,152.3860321044922,165.25,167.6999969482422,164.3000030517578,166.5,8699758,167.35499954223633,168.54499938964844,160.69874946594237,167.100579274442,167.5441196424518,-0.19841857352359715,43.44213200227257,23.99997287326389,170.60305842863974,164.10694065583291,3.63770652457884,1721841823,-0.004817844246039815,-0.0344726503469982,-0.030222969958631163,0.7619343342871616,0.02057484960051059,165.5,1
2023-02-08,152.61656188964844,165.5,165.75,164.10000610351562,165.60000610351562,8839686,167.2324996948242,168.45199951171875,160.72399948120116,166.8543363091432,167.39270337264057,-0.23459621520893303,44.23050103269379,26.22219509548611,170.56525560499662,163.8997437846518,3.495727051143521,1730681509,0.001512859304084735,-0.026470588235294135,-0.014587656997678944,0.7698674096220741,0.009969751640388973,166.0,1
2023-02-09,153.07765197753906,166.0,166.64999389648438,164.64999389648438,165.9499969482422,5507650,167.22999954223633,168.3279995727539,160.7734994506836,166.72289995389042,167.28954015985238,-0.21029548613882543,45.85605393924247,30.666639539930557,170.56637308114244,163.8936260033302,3.3888894046332694,1736189159,0.0030211480362538623,-0.005392414196507267,-0.0003011324952654215,0.4859273836307959,0.012048192771084338,165.0,0
2023-02-10,152.1554718017578,165.0,165.8000030517578,164.10000610351562,165.10000610351562,9468345,167.18249969482423,168.18399963378906,160.8134994506836,166.45783842252266,167.1199445924559,-0.24460916008809463,43.14728172703274,21.777750651041668,170.61604912837615,163.7489502612723,3.2825397254797766,1726720814,-0.0060240963855421326,-0.003322277509024585,-0.005724597563797951,0.8286465232703283,0.01030301180752841,167.85000610351562,1
2023-02-13,154.78366088867188,167.85000610351562,168.1999969482422,164.8000030517578,165.10000610351562,9829152,167.18499984741212,168.09799987792968,160.87449951171874,166.67201806575233,167.17402322290476,-0.06760651784582461,51.87289596931278,47.11113823784722,170.62041650213638,163.74958319268785,3.290929309122962,1736549966,0.017272764263731144,0.010840126580405673,0.000297991959764099,0.8427480542179479,0.02025614401460044,166.0500030517578,0
2023-02-14,153.12376403808594,166.0500030517578,168.5,164.85000610351562,168.5,12916373,167.19000015258788,167.91600006103516,160.90624954223634,166.5763234482147,167.0907624694865,-0.06403230557213535,46.96974657066125,31.11111111111111,170.61849613368324,163.76150417149253,3.316576779648777,1723633593,-0.010723878381319385,0.004841168240591998,0.0006026279322368655,1.0952591707245034,0.0219812937633411,165.8000030517578,0
2023-02-15,152.89320373535156,165.8000030517578,166.5,164.1999969482422,166.0,11855678,167.09500045776366,167.72800018310548,160.9542495727539,166.45688954106748,166.99515066076583,-0.07028352319895931,46.314948683124385,28.88888888888889,170.56672682458293,163.6232740909444,3.2439643705137082,1711777915,-0.0015055705835914646,0.0018127072613765005,-0.011329719326535037,1.0102839921010962,0.013872153253458145,167.39999389648438,1
2023-02-16,154.36865234375,167.39999389648438,167.6999969482422,165.60000610351562,166.0,7923121,166.99250030517578,167.63899993896484,161.00374954223633,166.60198251882392,167.02513904859683,0.03585685338118222,51.02104429378645,43.11102973090278,170.29708217682693,163.68791843352463,3.1622519758146264,1719701036,0.009650125544491628,0.008433698171592674,-0.012097982228845838,0.6683725329285491,0.012544748633773188,168.0500030517578,1
2023-02-17,154.9680633544922,168.0500030517578,169.64999389648438,166.4499969482422,167.0,10182025,166.96000061035156,167.59299987792969,161.0507495880127,166.82475490850604,167.10105490068284,0.14617071278183197,52.830128275567304,48.888888888888886,170.20909123395379,163.71090998674933,3.164948045273738,1729883061,0.003882970005813613,0.018484866980350345,-0.003852957369547494,0.8468916342017354,0.019041933294441052,167.89999389648438,0
2023-02-20,154.82974243164062,167.89999389648438,170.0,167.25,167.6999969482422,6679716,166.92000045776368,167.56099975585937,161.0982495880127,166.99017629127192,167.16023556703848,0.2019291433536584,52.34957083277137,47.55547417534722,170.10141364312204,163.7385872724053,3.135308899182757,1723203345,-0.0008926459538786125,0.0002978122797203664,-0.004742163996619753,0.559930865045597,0.016378797498321898,173.25,1
2023-02-21,159.76327514648438,173.25,174.25,169.0500030517578,169.0500030517578,26883881,167.2400001525879,167.6479998779297,161.16949958801268,167.9532260926147,167.61132922873935,0.5711082263964549,64.68689011057377,91.45298922364043,171.45005830375854,163.02994200141725,3.3649301280636763,1750087226,0.03186424239427943,0.04336041442888705,0.038357768428930905,2.0865540589187996,0.030014412399666304,170.5,0
2023-02-22,157.22735595703125,170.5,173.1999969482422,168.5,172.9499969482422,12225021,167.4625,167.67399993896484,161.2269995880127,168.34503746298165,167.82530484142532,0.5991551872619487,56.57794670371034,67.94870958865162,171.86350739477598,163.06149260522403,3.463863690344842,1737862205,-0.015873015873015928,0.02834738758584332,0.02679913800938105,0.9300879535306489,0.02756596450581928,169.60000610351562,0
2023-02-23,156.3974151611328,169.60000610351562,171.64999389648438,169.0,170.9499969482422,11184381,167.64750061035156,167.63399993896485,161.29774963378907,168.53810956152532,167.95676419417276,0.5286143464465389,54.18402039927717,54.411810904651986,172.08117477399497,163.21382644670814,3.4057301336405232,1726677824,-0.005278556577620996,0.01314224783300566,0.022302666324026,0.8447231789956042,0.015624963449983292,171.0,1
2023-02-24,157.6884307861328,171.0,171.1999969482422,169.39999389648438,170.25,8338893,167.88250045776368,167.61199981689452,161.38999961853028,168.91686193667528,168.18218906867847,0.545553477672633,57.2165865793411,67.98027631203115,172.49999624808763,163.26500466743974,3.2910353420774725,1735016717,0.008254680696355043,0.017554280837076996,0.02826215791938025,0.6429666310493742,0.010526333636010599,172.39999389648438,1
2023-02-27,158.9794464111328,172.39999389648438,173.5,170.5,171.14999389648438,17669762,168.05999984741212,167.66399963378908,161.5092495727539,169.45272839203054,168.49461905592335,0.615191956626409,60.06333928848856,81.77332792134578,173.06894975724566,163.05104993757857,3.270247103357653,1752686479,0.008187098809850246,0.02680166863361766,0.02102450497272934,1.4348763094178905,0.017401392727434295,170.5,0
2023-02-28,157.22735595703125,170.5,173.0,169.85000610351562,172.8000030517578,19044910,168.0275001525879,167.6379995727539,161.6409996032715,169.6138471009489,168.64316579252161,0.5022111431572096,54.739936278834215,63.054164975420555,172.9637397925195,163.09126051265628,3.2616575885809906,1733641569,-0.011020846657484262,-0.015873015873015928,-0.0037978026273112198,1.584804953109315,0.01847503751603739,172.25,1
2023-03-01,158.84112548828125,172.25,173.0500030517578,169.9499969482422,170.9499969482422,9318790,168.1400001525879,167.6879995727539,161.76099960327147,170.0194090854183,168.9103386967793,0.5124801786951352,58.39732912792377,80.29555465355763,173.3461106628924,162.93388964228342,3.2501110539334648,1742960359,0.01026392961876832,0.01026392961876832,0.013235294117647012,0.7904491772900318,0.01799713267643324,170.8000030517578,0
2023-03-02,157.5039825439453,170.8000030517578,172.1999969482422,170.25,172.1999969482422,7725981,168.33500061035156,167.74499969482423,161.86249961853028,170.13950046485513,169.05031383418512,0.39407713658092125,54.46974483907672,65.67168258084499,173.63208338420677,163.03791783649635,3.1608174072239317,1735234378,-0.008417979380215934,0.007075453449628899,0.023367341509265227,0.6910149010270544,0.011416843755273685,172.60000610351562,1
2023-03-03,159.1638946533203,172.60000610351562,175.0,171.5,172.0,12962719,168.68750076293946,167.87899993896485,161.98299964904785,170.51803979387984,169.31325400228366,0.40774103800566985,58.225796398416875,77.77784057113067,174.13257859285562,163.2424229330233,3.2350445172966644,1748197097,0.010538659365318281,0.009356760839272615,0.04258533930412356,1.1530371410271312,0.020278098935297254,176.8000030517578,1
2023-03-06,163.0369110107422,176.8000030517578,177.5,172.6999969482422,172.89999389648438,12402804,169.22500076293946,168.155,162.12699966430665,171.4844956797072,169.8678280059484,0.65569833613463,65.39855361433055,94.73686625846547,175.5704327746911,162.8795687511878,3.3539694729529295,1760599901,0.02433370104125765,0.025522095771739917,0.06473953509443309,1.0801077351993096,0.027149338059415204,178.85000610351562,1
2023-03-08,164.92735290527344,178.85000610351562,179.14999389648438,175.4499969482422,175.6999969482422,22099710,169.90500106811524,168.41900024414062,162.27324966430663,172.6176511295239,170.53317453169413,0.8988058081644761,68.26295972196812,97.78606595406369,177.23868534709501,162.57131678913547,3.378685721187876,1782699611,0.011595039685365238,0.04897364283586869,0.08229958307725038,1.8184676602141843,0.020687709376429577,179.4499969482422,1
2023-03-09,165.48062133789062,179.4499969482422,182.1999969482422,178.0,178.39999389648438,18874546,170.60250091552734,168.70400024414062,162.41974967956543,173.66878125548055,171.1936798958829,1.0315444559458973,69.06999972288361,82.53968253968254,178.73745533110358,162.4675464999511,3.4373508088346125,1801574157,0.003354715259999974,0.04179969200721145,0.08429001177185613,1.4915080104520124,0.023404831538969436,180.75,1
2023-03-10,166.67942810058594,180.75,181.0,177.8000030517578,178.0,12399692,171.34000091552736,169.0020001220703,162.58899971008302,174.75819952386817,171.9015554591508,1.1304697288524772,70.8024451110153,90.30102177771563,180.3043527014565,162.3756491295982,3.420396961649439,1813973849,0.007244374889194161,0.05825525041253665,0.08885542168674698,0.9538756584501829,0.017703994181146265,179.6999969482422,0
2023-03-13,165.71115112304688,179.6999969482422,181.5500030517578,179.4499969482422,181.3000030517578,13669178,172.07500076293945,169.26100006103516,162.7242497253418,175.51847605069494,172.4792177916761,1.0504671385231763,67.51317864042838,81.75182075262602,181.24764968518275,162.90235184069616,3.326083328925595,1800304671,-0.0058091455145660165,0.0411355190825915,0.08909089059540709,1.0348134095188035,0.011686177736110234,177.89999389648438,0
2023-03-14,164.05126953125,177.89999389648438,181.0,177.1999969482422,178.64999389648438,9217542,172.5775001525879,169.49,162.8429997253418,175.88486341158563,172.88075676240263,0.8122524229498609,62.180195070558455,68.61310941890731,181.86961824972158,163.28538205545422,3.3599347376993243,1791087129,-0.0100167116434412,0.006221667566400191,0.059874813390061954,0.6994253390527133,0.02136033267077536,178.1999969482422,1
2023-03-15,164.3279266357422,178.1999969482422,179.5500030517578,177.75,179.4499969482422,8548173,173.18499984741212,169.69399993896485,162.98174972534179,176.2410378018405,173.2747745539463,0.6195272173288515,62.70891277086899,69.69696269109615,182.27719900808782,164.0928006867364,3.2485110458463593,1799635302,0.0016863578530101897,-0.003634381510153384,0.07317069360545103,0.6595646514651948,0.010101027399459606,179.60000610351562,1
2023-03-16,165.61895751953125,179.60000610351562,180.0,176.9499969482422,178.1999969482422,9405016,173.875,169.93399993896483,163.12524978637694,176.75780215594435,173.74331022428476,0.5342047208753913,65.15691101514562,79.68757636843291,182.7116571877555,165.0383428122445,3.234331903411463,1809040318,0.007856392700613002,0.0008359384665617142,0.08323282748945338,0.7326038021776647,0.01698219904291033,176.9499969482422,0
2023-03-17,163.1752471923828,176.9499969482422,181.6999969482422,175.89999389648438,181.6999969482422,47276890,174.35250015258788,170.14099975585938,163.22999977111817,176.78737058552863,173.98084257420754,0.26099264042951287,57.46693050402576,57.489847028981835,182.75966763689857,165.9453326682772,3.417594128293345,1761763428,-0.014755061610332354,-0.02102353002355639,0.05704900477871755,3.1932017881350228,0.03277763860857433,176.0,0
2023-03-20,162.29920959472656,176.0,177.5500030517578,174.9499969482422,177.5500030517578,5627841,174.75,170.2629998779297,163.32599975585939,176.66623664929347,174.1304097909329,-0.007766810024811388,54.96260056936783,49.79755834483406,182.6649856476642,166.8350143523358,3.3591949836663653,1756135587,-0.005368731080114486,-0.020589855376056954,0.047307329984359825,0.3860563112239035,0.014772761951793324,177.10000610351562,1
2023-03-21,163.31356811523438,177.10000610351562,177.5500030517578,175.3000030517578,176.85000610351562,12894327,175.21000061035156,170.425,163.41624977111817,176.7329704114815,174.35037988816126,-0.12880251605211557,57.28385712165559,58.36742167570153,182.52577702644754,167.89422419425557,3.279966770547339,1769029914,0.006250034679066152,-0.004496839912396244,0.05479459524401986,0.8660593432334266,0.012704686179880008,174.35000610351562,0
2023-03-22,160.7776336669922,174.35000610351562,177.8000030517578,173.8000030517578,177.8000030517578,7893205,175.26500091552734,170.50400024414063,163.51299980163574,176.36636051794827,174.35035220040973,-0.39630777746705004,50.3036033047042,34.30968326831853,182.53742018753513,167.99258164351954,3.3313977155082433,1761136709,-0.015527949775408945,-0.021604887265204487,0.006349241578733844,0.5662689235973302,0.022942356524066353,174.60000610351562,1
2023-03-23,161.00816345214844,174.60000610351562,175.85000610351562,173.6999969482422,174.0500030517578,5759884,175.47000122070312,170.6370004272461,163.6099998474121,176.09461368495863,174.36884508212128,-0.5492379937345895,50.88947902624637,28.972027922165893,182.41747403046543,168.52252841094082,3.2470128183486144,1766896593,0.0014338972827541152,-0.027839642706460554,0.024046956618859916,0.42303214957789725,0.012313912257246745,172.6999969482422,0
2023-03-24,159.25607299804688,172.6999969482422,175.1999969482422,172.35000610351562,175.1999969482422,4977283,175.62500076293946,170.77000030517578,163.68724983215333,175.572364956233,174.24522670183396,-0.7582946737383138,46.41126943006003,3.5532098480471057,182.1682793913292,169.08172213454972,3.218654105947039,1761919310,-0.01088206809195058,-0.02401808461880406,0.01827824724743521,0.37408112294737095,0.01650255295360948,171.25,0
2023-03-27,157.91896057128906,171.25,173.9499969482422,170.6999969482422,172.64999389648438,12077986,175.63750076293945,170.87600036621095,163.75824981689453,174.90738573219716,174.02335805725366,-0.9611242025550906,43.281080282419225,4.782635232676631,182.14625410996743,169.12874741591148,3.2208930983793933,1749841324,-0.00839604501369362,-0.026988636363636354,0.0014619883040936088,0.8951754187687604,0.01897810218978102,172.0,1
2023-03-28,158.61056518554688,172.0,173.0,170.5,171.35000610351562,8750986,175.61750106811525,170.96000030517578,163.8424998474121,174.46009561955142,173.87347968264228,-1.0068287524715571,45.33478068162245,12.820516164539347,182.16824624704597,169.06675588918452,3.1694007342094364,1758592310,0.004379562043795637,-0.028797323138061603,-0.002320150293767087,0.6707600571734375,0.014534883720930232,174.0,1
2023-03-29,160.4548797607422,174.0,175.39999389648438,171.6999969482422,172.64999389648438,20272070,175.79250106811523,171.12100036621095,163.9362498474121,174.38931167808198,173.8828515580021,-0.869587655440655,50.483642561438714,31.250008514951574,181.9630165169187,169.62198561931174,3.2073004637832043,1778864380,0.011627906976744207,-0.0020074912031137204,0.02052785923753664,1.5465735273339047,0.02126435027725395,175.10000610351562,1
2023-03-31,161.46926879882812,175.10000610351562,177.25,174.60000610351562,174.8000030517578,8125121,175.93500137329102,171.26900054931642,164.06724990844725,174.49864928199486,173.97301115396607,-0.6803277179933966,53.10014663091541,41.07149425819785,181.89990561792908,169.97009712865295,3.210350430655833,1786989501,0.006321874158135676,0.002863688330592362,0.016545753866563873,0.6227077940556579,0.015134173638564875,177.8000030517578,1
2023-04-03,163.9590606689453,177.8000030517578,178.10000610351562,175.4499969482422,175.60000610351562,9098662,176.285001373291,171.43600067138672,164.19924995422363,175.00654986195838,174.25649203528397,-0.3647264154782224,58.84812604089387,65.1786164361726,181.80877611049817,170.76122663608385,3.195325399894702,1796088163,0.015419742170917017,0.029531014439126313,0.040983605825105185,0.6936710193490819,0.014904438187787973,175.89999389648438,0
2023-04-05,162.20700073242188,175.89999389648438,178.3000030517578,175.14999389648438,178.3000030517578,10829323,176.45000076293945,171.58000061035156,164.33799995422362,175.144002790347,174.37823291389142,-0.27921149255764055,53.84684684573672,48.214244355949496,181.71469413262932,171.1853073932496,3.1920885252788977,1785258840,-0.01068621553802973,0.027153249030565707,0.019119279700312353,0.8323837857812267,0.017907954886724958,175.1999969482422,0
2023-04-06,161.56146240234375,175.1999969482422,176.60000610351562,174.85000610351562,176.39999389648438,7159274,176.37000045776367,171.71000061035156,164.49924995422364,175.152617276177,174.4391043238433,-0.2651747333436145,52.090414557789764,41.96426990080422,181.659555984314,171.08044493121332,3.0890822020446906,1778099566,-0.003979516614731282,0.01860463342001273,-0.00904980812159395,0.5616070295290798,0.009988584648874093,177.60000610351562,1
2023-04-10,163.77462768554688,177.60000610351562,178.0,175.1999969482422,175.85000610351562,10968456,176.30750045776367,171.92500061035156,164.685,175.52913863422913,174.67324519641164,-0.09823539828786443,57.24040214435987,63.39292891173469,181.50714177669937,171.10785913882796,3.0684336913099135,1789068022,0.013698682631726689,0.02068969025008971,-0.006989096770153469,0.8996973675287513,0.015765782407269783,178.10000610351562,1
2023-04-11,164.2357177734375,178.10000610351562,179.75,176.5500030517578,178.10000610351562,9208605,176.24000091552733,172.1660006713867,164.8892500305176,175.92465670642704,174.9270793376786,0.03475882611447023,58.24735593645923,82.16222814611487,181.30809755551473,171.17190427553993,3.077831066805076,1798276627,0.0028153152185623753,0.017133066221747928,-0.00752293601384646,0.7865240957068267,0.01796741627500158,175.8000030517578,0
2023-04-12,162.11477661132812,175.8000030517578,178.3000030517578,175.3000030517578,178.0,7591360,175.99250106811525,172.3640008544922,165.06850006103517,175.90547922109332,174.99174035353633,-0.03926374006158473,52.16215973279257,57.297330289273646,180.6197335163516,171.3652686198789,3.072271704890428,1790685267,-0.012914109898575776,-0.011248593732688494,-0.027385875232321943,0.6619856879569079,0.01706484612014916,173.0500030517578,0
2023-04-13,159.57882690429688,173.0500030517578,176.10000610351562,172.3000030517578,176.0,9944382,175.660001373291,172.49900085449218,165.24550010681153,175.4661751950417,174.847907960812,-0.2677882987110929,45.977288151246896,27.56760055954392,180.1267238536787,171.19327889290332,3.1242525153809555,1780740885,-0.015642775610136717,-0.016202336234324988,-0.037006087976727886,0.8814910504305998,0.021958988643422696,169.60000610351562,0
2023-04-17,156.3974151611328,169.60000610351562,173.9499969482422,169.25,172.35000610351562,17401126,175.24500198364257,172.5140008544922,165.4110001373291,174.56368764249922,174.45917448990116,-0.625233904274191,39.62897096460438,3.3333914620535716,180.30503231717955,170.18497165010558,3.236805689156758,1763339759,-0.019936416569783733,-0.0319634186202693,-0.0466553573790357,1.488484515865598,0.027712245159788127,170.10000610351562,1
2023-04-18,156.85848999023438,170.10000610351562,170.75,169.0,170.0,16199789,174.84000244140626,172.49300109863282,165.57850013732912,173.87696740573253,174.13627312794665,-0.7912422232690984,40.90253301417062,10.232614916424419,180.17813000944088,169.50187487337163,3.130605282788418,1779539548,0.0029481131014512663,-0.04222972827843574,-0.04545449485658071,1.3418108667603963,0.010288065474465794,167.10000610351562,0
2023-04-19,154.09202575683594,167.10000610351562,169.9499969482422,166.8000030517578,168.75,16314641,174.21500244140626,172.43500122070313,165.72150016784667,172.83435797462224,173.615068163174,-1.0501173516853815,35.99593057966045,2.316626428228884,180.0787118153491,168.35129306746342,3.142705123429089,1763224907,-0.017636683670512743,-0.06176305234715462,-0.06959910676615122,1.3137304387504072,0.018850950217997042,169.6999969482422,1
2023-04-20,156.4896240234375,169.6999969482422,170.1999969482422,166.8000030517578,167.10000610351562,15498083,173.85250244140624,172.49100128173828,165.8770001220703,172.35214858594838,173.32506288799385,-0.9938571721432781,42.44035347281588,22.393780539678165,179.8889317296727,167.8160731531398,3.161082892933038,1778722990,0.015559489825008876,-0.03469855516282161,-0.040972026702665754,1.4310827816473195,0.020035320905287698,169.6999969482422,0
2023-04-21,156.4896240234375,169.6999969482422,169.9499969482422,168.39999389648438,169.64999389648438,6672391,173.53750228881836,172.57400115966797,166.01675010681151,171.9441252570705,173.05653948504929,-0.9066856784612686,42.44035347281588,22.393780539678165,179.747807385111,167.32719719252572,3.046005761420522,1785395381,0.0,-0.01935860181703475,-0.03579547188498755,0.6131671002894113,0.009133783615980601,170.9499969482422,1
2023-04-24,157.64230346679688,170.9499969482422,171.25,168.1999969482422,168.5,8088991,173.2300018310547,172.67200103759765,166.15700012207031,171.7911824403277,172.90049929713763,-0.7228706458339357,45.50006171043292,32.046292466869566,179.3119762928964,167.148027369213,3.0462912821589,1793484372,0.007365940026394124,0.007959851392355555,-0.0347261939205058,0.7601305742081986,0.01784149228549708,171.10000610351562,1
2023-04-25,157.78062438964844,171.10000610351562,172.4499969482422,170.35000610351562,171.3000030517578,9175412,173.0675018310547,172.78900115966798,166.30925018310546,171.68484761927968,172.76712943094338,-0.5566684805501719,45.87191956484846,33.204664595241375,179.19459598736532,166.94040767474408,2.978698393770876,1802659784,0.0008775031175862757,0.005878894556837544,-0.018640664675803942,0.8570592767655242,0.012273470308680565,169.85000610351562,0
2023-04-26,156.6279296875,169.85000610351562,171.6999969482422,169.5,171.10000610351562,9032416,172.8300018310547,172.87600128173827,166.45150024414062,171.40256430916213,172.5510462215043,-0.49829486498290376,43.22527486522833,23.552152668049974,179.06830285638364,166.59170080572574,2.923076861947398,1793627368,-0.007305668938689225,0.016457210649629905,-0.027205039140627774,0.8310011837587398,0.012952586807099627,170.9499969482422,1
2023-04-27,157.64230346679688,170.9499969482422,171.35000610351562,168.8000030517578,170.0,9054900,172.74250183105468,172.97500122070312,166.60200019836427,171.3329385613283,172.43244997904043,-0.3594594962823018,46.168663652303884,32.046292466869566,179.03450295157182,166.45050071053754,2.896428732648142,1802682268,0.006476248485126179,0.007365940026394124,-0.010133179102049805,0.8177311945102187,0.014916660411113468,172.0,1
2023-04-28,158.61056518554688,172.0,172.5,169.60000610351562,171.89999389648438,21552892,172.78000183105468,173.11500122070314,166.76725021362304,171.435563398047,172.40041664725965,-0.1798410622262424,48.892395150637505,40.154426051413296,179.0448563825405,166.51514727956885,2.8966833872078728,1824235160,0.006142164787962701,0.013553347631817037,0.004379562043795637,1.8665451222418676,0.01686042963072311,175.60000610351562,1
2023-05-02,161.9303436279297,175.60000610351562,176.0,172.5500030517578,172.64999389648438,8893428,172.96000213623046,173.27000122070314,166.9430002593994,172.07624689119604,172.63742327364898,0.1790686436267629,56.937406691342325,67.95370753313043,179.33084245441992,166.589161818041,2.975491716693025,1833128588,0.020930268043695577,0.027200989987038682,0.020930268043695577,0.7697227904901808,0.019646906767237956,176.35000610351562,1
2023-05-03,162.62197875976562,176.35000610351562,178.64999389648438,175.10000610351562,175.60000610351562,11194149,173.07750244140624,173.4760012817383,167.1062503051758,172.73374830847598,172.91242940919466,0.4492511402888223,58.406369113944244,80.59080531701608,179.60547971934736,166.54952516346512,3.0165271507127196,1844322737,0.00427107046658004,0.030683809542495055,0.013505782204112693,1.0084664423677003,0.02013035253815043,176.35000610351562,0
2023-05-04,162.62197875976562,176.35000610351562,177.4499969482422,174.8000030517578,176.4499969482422,4671155,173.14000244140624,173.68700134277344,167.26400032043458,173.290095661559,173.1670647198851,0.600770546145122,58.406369113944244,80.59080531701608,179.76741627882203,166.51258860399045,2.990346203982124,1848993892,0.0,0.03826905956093141,0.007138777592395007,0.4274689614274226,0.015026899941975936,174.25,0
2023-05-05,160.68540954589844,174.25,176.39999389648438,173.0,176.35000610351562,5958697,172.96250228881837,173.82400146484375,167.399750289917,173.4377732520884,173.24728214804176,0.5345845668142781,52.581669449394624,62.86922113157207,179.26328690138982,166.66171767624692,3.0196067534465705,1843035195,-0.011908171425199399,0.019303908222688904,-0.019966271039513983,0.5532437362201392,0.019512160094601865,177.0500030517578,1
2023-05-08,163.26744079589844,177.0500030517578,177.5500030517578,174.5,174.8000030517578,6287186,173.02000274658204,174.00400146484375,167.5420002746582,173.99350091357599,173.52896517794665,0.6469033587175916,58.52131990090672,86.49795712341344,179.44669883647373,166.59330665669034,3.0396350604688016,1849322381,0.016068884084693424,0.029360482859057013,0.006537857846375061,0.5963167372160011,0.017226789038044758,176.0,0
2023-05-09,162.29920959472656,176.0,178.64999389648438,175.1999969482422,177.1999969482422,7918748,173.06000289916992,174.16600158691406,167.68050025939942,174.30219308071815,173.71200479439506,0.6180447275290795,55.70349617328206,77.63716503069143,179.55012033764683,166.569885460693,3.068946623881186,1841403633,-0.005930545233884366,0.002277869490782347,0.004566227543908896,0.7483690853966342,0.0196022553877397,177.0500030517578,1
2023-05-10,163.26744079589844,177.0500030517578,177.35000610351562,174.9499969482422,176.0,6231734,173.03250274658203,174.24200164794922,167.8170002746582,174.72493307626272,173.95926392457008,0.6348204743188927,57.88722282642611,86.49795712341344,179.44969011770417,166.6153153754599,3.02116537612349,1847635367,0.005965926430442137,0.003969361633201718,-0.0030968639237390905,0.6024197824656508,0.013555544275092908,179.5500030517578,1
2023-05-11,165.57284545898438,179.5500030517578,180.0,176.9499969482422,177.60000610351562,12125975,173.10500259399413,174.42300170898437,167.9657502746582,175.4672515340312,174.37339274880622,0.77040808628098,62.613099823280194,96.18646752658972,179.77725205243593,166.43275313555233,3.02322521009737,1859761342,0.014120304755200541,0.018145714984346695,0.0081414761288634,1.155914597982231,0.016986928431733897,174.9499969482422,0
2023-05-12,161.33091735839844,174.9499969482422,179.25,174.5,179.10000610351562,8920297,173.06250228881837,174.5300015258789,168.08675025939942,175.38767390544828,174.41610417098667,0.5184952284140988,51.22280487690234,57.203375036368925,179.67611575438232,166.4488888232544,3.167995055930259,1850841045,-0.02561963812492729,0.004017199129080051,-0.004835074452560595,0.8449795807820757,0.027150614934879115,175.9499969482422,1
2023-05-15,162.25308227539062,175.9499969482422,176.75,173.85000610351562,174.0,7980565,173.20750198364257,174.62900146484375,168.21375022888185,175.47418514280116,174.52972585819077,0.39310782285030177,53.2153115391172,63.83924861342528,179.93975845984332,166.47524550744183,3.148852115969839,1858821610,0.005715918933658859,-0.006212968565688537,0.016758126815039853,0.76306035817554,0.016481920697830096,177.4499969482422,1
2023-05-16,163.63629150390625,177.4499969482422,178.0,175.5,176.89999389648438,7874923,173.6000015258789,174.73000152587892,168.34675018310546,175.7781561897921,174.7460422352316,0.3846099942403196,56.11139252965362,77.23210940554739,180.36047496334078,166.839528088417,3.102505536257708,1866696533,0.008525149337974991,0.008238619024103278,0.04628532171122268,0.7888871629482954,0.014088475869228607,176.0,0
2023-05-17,162.29920959472656,176.0,177.85000610351562,175.0500030517578,177.4499969482422,6639494,173.89500122070314,174.8400015258789,168.48200019836426,175.81228600674717,174.83892799558484,0.2606832406737325,52.71438420453345,64.28570455434105,180.53261425271137,167.2573881886949,3.080898215936287,1860057039,-0.008171298806306071,-0.005930545233884366,0.034685442003417055,0.6985776238624779,0.015909108248623936,175.10000610351562,0
2023-05-18,161.46926879882812,175.10000610351562,177.6999969482422,174.64999389648438,177.0,6921939,174.2950012207031,174.89700164794922,168.60700019836426,175.70270448317308,174.85826711469082,0.10541007839492855,50.66414995513477,52.884646421371706,180.16645098951534,168.4235514518909,3.078691418494967,1853135100,-0.0051136016845703125,-0.024784165260968605,0.04787552188983235,0.7661530479465559,0.017418634754099962,173.3000030517578,0
2023-05-19,159.8093719482422,173.3000030517578,175.35000610351562,172.9499969482422,175.0,6657753,174.4750015258789,174.9470016479492,168.72350021362305,175.3330581091092,174.74284014706615,-0.11904746243542108,46.74802970856646,10.067118217772707,179.98131729658124,168.96868575517655,3.030214113979144,1846477347,-0.010279857161704986,-0.009431231353336456,0.021213943242518907,0.7748193231024798,0.013848869665378195,174.10000610351562,1
2023-05-22,160.54710388183594,174.10000610351562,177.0500030517578,173.14999389648438,173.3000030517578,13339834,174.69500198364258,174.9770016479492,168.84550025939942,175.14335780055634,174.69522281050683,-0.20890434754317333,48.647868785216765,16.312179538513817,179.75404370427393,169.63596026301124,3.0923423312144505,1859817181,0.004616289888459413,-0.010514298816786893,0.025928162842663083,1.4944877363319777,0.022400970813031374,174.14999389648438,1
2023-05-23,160.5932159423828,174.14999389648438,175.64999389648438,172.8000030517578,174.9499969482422,8359389,174.8550018310547,174.92400146484374,168.96450019836425,174.9905325845453,174.65483548354223,-0.25707378927169633,48.77085466375044,18.749880790659923,179.62426776475766,170.08573589735173,3.0750315107510295,1868176570,0.00028712114426365787,-0.01859680534522823,0.018718906144298053,0.9351023631036762,0.016365150414077025,174.9499969482422,1
2023-05-24,161.33091735839844,174.9499969482422,175.3000030517578,173.4499969482422,174.0,8507023,175.04750137329103,174.84600128173827,169.07450019836426,174.98429633280637,174.67669929574222,-0.22813908256849458,50.80162090225155,29.861038996818966,179.4949140461858,170.60008870039624,2.9875296959485005,1876683593,0.004593758712580387,-0.005965926430442137,0.022501406822845516,0.9551879345145269,0.010574484914469232,174.5,0
2023-05-25,160.9159698486328,174.5,175.5500030517578,173.39999389648438,174.9499969482422,7986243,175.28000106811524,174.74700134277344,169.16450019836427,174.9097892046823,174.6636104590206,-0.2316458991767304,49.61033074181646,23.611078733265657,179.05099764535248,171.509004490878,2.927706800185996,1868697350,-0.002572146076546211,-0.0034266481016620443,0.027377060520388907,0.9020113835207015,0.012320969371194484,174.5,0
2023-05-26,160.9159698486328,174.5,177.25,174.10000610351562,175.0,6926193,175.45750122070314,174.62200134277344,169.23925018310547,174.84674471165425,174.6514911657598,-0.22605687915520656,49.61033074181646,23.611078733265657,178.69266476625822,172.22233767514805,2.943584449921594,1875623543,0.0,0.006924390808485947,0.020766324159880778,0.7918019254872161,0.018051540954065186,176.3000030517578,1
2023-05-29,162.57586669921875,176.3000030517578,177.8000030517578,174.8000030517578,174.9499969482422,9943211,175.67250137329103,174.55400146484374,169.32250022888184,175.07032291782403,174.7736031573152,-0.09967253163265283,54.55419795373097,48.61113171519458,178.50666471242135,172.8383380341607,2.969042921481324,1885566754,0.010315203735001832,0.012636397881193195,0.025000017742778047,1.217501732114455,0.01701644893970459,176.8000030517578,1
2023-05-30,163.0369110107422,176.8000030517578,178.0,175.60000610351562,177.0,9727639,175.7325012207031,174.53200164794922,169.43300025939942,175.33642755381385,174.92370685319983,0.013062726778022449,55.84999647076372,55.55557910307952,178.60848501764522,172.856517423761,2.92839656255297,1895294393,0.002836074823284074,0.015216820259256636,0.006833695367497894,1.1850535158074043,0.013574625877024347,173.85000610351562,0
2023-05-31,160.3165740966797,173.85000610351562,177.0,171.9499969482422,177.0,41785992,175.6075012207031,174.4450018310547,169.52425025939942,175.10774733069104,174.84417346433435,-0.10886728598344031,47.28372831707685,26.027511794202915,178.58092986747795,172.63407257392828,3.0799398832104585,1853508401,-0.016685502812907704,-0.006287458496223808,-0.014176353351144866,4.290936122226701,0.0290480464449963,174.39999389648438,1
2023-06-01,160.82373046875,174.39999389648438,174.6999969482422,171.85000610351562,173.60000610351562,11602551,175.51000061035157,174.34100158691408,169.5992502593994,174.99886218696693,174.81127127412324,-0.14788019159715649,48.858642640600614,41.463257295693296,178.50743360022707,172.51256762047606,3.06351495189018,1865110952,0.0031635764950233014,-0.0005731008797457138,-0.01105762483436834,1.1505023719283296,0.01634169119534593,174.5500030517578,1
2023-06-02,160.96206665039062,174.5500030517578,175.89999389648438,173.39999389648438,175.89999389648438,7262018,175.52500076293944,174.29300170898438,169.6932502746582,174.9298069353963,174.79191807246653,-0.15806579320885983,49.30351913234425,43.90243297291128,178.49998030326694,172.55002122261195,3.0232638838980246,1872372970,0.0008601442690558958,0.0002865504398728014,0.0017216817891410052,0.7154743108782462,0.01432254343334899,174.10000610351562,0
2023-06-05,160.54710388183594,174.10000610351562,176.1999969482422,173.5500030517578,175.8000030517578,12239684,175.37750091552735,174.2550018310547,169.79550033569336,174.80214526895313,174.74066533402572,-0.1875797769689802,47.95584394827982,36.58540216253232,178.32783547369496,172.42716635735974,2.9966017419399065,1860133286,-0.0025780403344293212,-0.012478711912423002,-0.01666194237443641,1.1715351438150357,0.015221101686284566,175.39999389648438,1
2023-06-06,161.74591064453125,175.39999389648438,175.75,173.5500030517578,174.5,4889564,175.34750061035157,174.22100158691407,169.88000030517577,174.894121980881,174.78950448680044,-0.11555377425265123,52.034790782391326,57.723436034596546,178.28407584294484,172.4109253777583,2.939701399532926,1865022850,0.007466902627193628,-0.007918603682736336,-0.0034091255881569804,0.4748947175494164,0.012542742444680798,177.35000610351562,1
2023-06-07,163.54409790039062,177.35000610351562,178.0,175.39999389648438,175.9499969482422,6270083,175.36250076293945,174.28100158691407,169.97300033569337,175.2719503074402,174.97917127322378,0.05808621270654893,57.425086455670034,89.43098306396789,178.33653452465117,172.38846700122772,2.9154374498174045,1871292933,0.011117515820337376,0.020132297251206355,0.0016944538073242477,0.6088630545769558,0.014660310200373231,182.0500030517578,1
2023-06-08,167.8782501220703,182.0500030517578,184.3500061035156,178.10000610351562,178.75,27382635,175.48750076293945,174.4300015258789,170.07600036621093,176.31472765271982,175.50293659015222,0.4616785928461981,67.03953713917981,81.59997558593768,179.25842626003154,171.71657526584735,3.207191917687588,1898675568,0.026501250558169653,0.043864732930060324,0.013923697897567422,2.475635352305381,0.03433122710919737,182.8000030517578,1
2023-06-09,168.56985473632812,182.8000030517578,184.25,180.5500030517578,184.0,10235269,175.88000106811523,174.6320016479492,170.18600036621095,177.3124623294949,176.04346003175263,0.735111862416693,68.27087482150525,87.5999755859377,180.80345605633218,170.9565460798983,3.2423922770129168,1908910837,0.004119747253103601,0.04726439333005161,0.044869998516421816,0.9198918724507767,0.020240683186392366,185.6999969482422,1
2023-06-12,171.24411010742188,185.6999969482422,186.4499969482422,182.6499938964844,182.8000030517578,17450400,176.36750106811525,174.92100158691406,170.32575035095215,178.60285227084063,176.75875906260373,1.0481622183290529,72.54226361113113,94.86301047736002,182.89247370817228,169.84252842805822,3.2822216180661217,1926361237,0.01586429895005681,0.06662831957529902,0.05541347069683722,1.5043329161225565,0.020463129317212163,185.3500061035156,0
2023-06-13,170.92132568359375,185.3500061035156,186.6499938964844,185.0,186.0,8332566,176.76250152587892,175.1880017089844,170.47000038146973,179.640875937406,177.3951477323009,1.1598377721578108,71.29484161606968,91.21629145135911,184.36867575364008,169.15632729811776,3.1656339236674276,1918028671,-0.0018847110957365132,0.05672755161498699,0.0445196353403019,0.7169048128301758,0.008902043928517072,187.1999969482422,1
2023-06-14,172.62733459472656,187.1999969482422,188.3999938964844,185.3500061035156,185.3500061035156,15061573,177.322501373291,175.45200164794923,170.61275039672853,180.8038176313808,178.12143285940766,1.277195471220679,73.85415010058834,92.74925780457656,186.16961771081185,168.47538503577016,3.1573734857603832,1933090244,0.009981067082853956,0.05553983933317341,0.06363634629683057,1.2505376553129999,0.016292670099840225,186.6999969482422,0
2023-06-15,172.16622924804688,186.6999969482422,187.3000030517578,185.3500061035156,187.0,9840499,177.90250091552736,175.68400146484376,170.74225036621092,181.71092214166717,178.7568820511732,1.2390806317932057,71.98606678146483,89.72810753996777,187.57335699037725,168.23164484067746,3.0711323045090855,1923249745,-0.0026709402144822203,0.025542399442654018,0.06624780377145667,0.8072595731587809,0.010444547295749571,188.1999969482422,1
2023-06-16,173.54946899414062,188.1999969482422,188.6999969482422,186.0500030517578,186.8999938964844,8562558,178.64750061035156,175.89200134277343,170.88875038146972,182.7092413426787,179.4563720435487,1.230327872343382,74.10241236934029,97.03263933727013,189.0530975000481,168.24190372065502,3.0410509896501776,1931812303,0.008034279724256521,0.029540447518239032,0.08597803597288078,0.6969789502468416,0.014080732940783006,185.8500061035156,0
2023-06-19,171.38241577148438,185.8500061035156,188.1999969482422,185.1999969482422,188.1999969482422,5363723,179.23500061035156,176.09100158691408,171.00100044250487,183.19243592126898,179.92997456650923,0.9919359423785075,65.72512328902553,83.08609855643611,189.87149897441537,168.59850224628775,3.0381187761037363,1926448580,-0.012486667815264973,0.0008078037573431285,0.06748994593954061,0.45124719484465686,0.01614204951023271,187.5,1
2023-06-20,172.90396118164062,187.5,188.0,184.5500030517578,186.0,6035600,179.90250091552736,176.33700164794922,171.13375045776368,183.8551380872276,180.49071719121224,0.875116386907294,68.42426378883732,92.8783525207805,190.84980447143806,168.95519735961665,3.067538645542197,1932484180,0.008878094389544344,0.011599642976454216,0.07665809113637367,0.5127842980955241,0.018399983723958332,187.5,0
2023-06-21,172.90396118164062,187.5,188.6999969482422,186.5,187.5,5906854,180.53000106811524,176.5350015258789,171.25125045776366,184.41588607380797,181.00992332519652,0.7333265916027014,68.42426378883732,92.15688425562556,191.7061975918786,169.35380454435187,3.005571381449339,1938391034,0.0,0.0016025804308146263,0.07173480006101762,0.5074511010519949,0.011733317057291666,184.5,0
2023-06-22,170.1374969482422,184.5,187.9499969482422,183.3500061035156,187.5,6683123,181.03000106811524,176.6630014038086,171.37025047302245,184.42882667783752,181.2684475233301,0.39019439799893396,58.68002026086977,72.27723669765427,191.97474247507952,170.08525966115096,3.119458485969143,1931707911,-0.016000000000000014,-0.011783593916458779,0.057306590257879764,0.5773713099817589,0.024932199700415127,186.6999969482422,1
2023-06-23,172.16622924804688,186.6999969482422,187.5,183.75,184.5500030517578,15255365,181.64000091552734,176.8810012817383,171.49475044250488,184.778237488669,181.67078451776806,0.26981457151396837,62.857329518227424,86.7986745495382,192.41963695187664,170.86036487917804,3.164497165542776,1946963276,0.011924102700499706,-0.007970244550070449,0.06991402262602975,1.2721767340854029,0.02008569931064108,184.8999938964844,0
2023-06-26,170.50636291503906,184.8999938964844,187.3999938964844,184.4499969482422,187.3999938964844,7231775,182.07000045776368,177.11800109863282,171.5967504119873,184.7969692437175,181.90998521248778,0.03947650547420878,57.71607434943946,71.42855503889865,192.64749307468531,171.49250784084205,3.1491757214498786,1939731501,-0.009641152014891463,-0.005111714693740943,0.048780435030405744,0.6099688877932761,0.015954554059605653,186.0500030517578,1
2023-06-27,171.5668487548828,186.0500030517578,186.9499969482422,184.8000030517578,184.8999938964844,6787438,182.53250045776366,177.44700103759766,171.68475044250488,184.9897436757237,182.21665320058185,-0.059533640490931905,59.96887993634045,75.00003598774114,192.9556110615522,172.10938985397513,3.0778055910951996,1946518939,0.0062196278703894325,-0.007733317057291633,0.05231900362180464,0.5796788076075222,0.011556000329041981,189.1000061035156,1
2023-06-28,174.37942504882812,189.1000061035156,190.6000061035156,185.3000030517578,186.0500030517578,32476741,183.29500045776368,177.82700103759765,171.79375045776368,185.62209174153784,182.72653119339176,0.05034914601063267,65.25592304731032,85.07463139787163,193.28824287941515,173.3017580361122,3.2365339811425273,1978995680,0.016393458756941204,0.008533365885416533,0.08771929516596999,2.888490083686968,0.028027513911641544,189.1499938964844,1
2023-06-30,174.42552185058594,189.1499938964844,191.6499938964844,188.0,188.1000061035156,9579059,184.03250045776366,178.26800079345702,171.9055004119873,186.16484591922193,183.2023432454727,0.09383301729103621,65.33672708237319,72.22222222222223,193.45169524215714,174.61330567337018,3.266066832238376,1988574739,0.00026434580304268707,0.025203218951135087,0.08457569103330886,0.8597000930600099,0.019296822702949308,191.25,1
2023-07-03,176.36203002929688,191.25,192.6000061035156,188.6999969482422,190.0,7352149,184.86750030517578,178.6990008544922,172.02875038146973,186.9471773162647,183.79846596803026,0.22403335342100084,68.63673385716653,85.40533942145301,193.7200276235796,176.01497298677197,3.3113484267408784,1995926888,0.011102332388468694,0.024370664842695122,0.09567457265119783,0.6595729088214823,0.020392204733455734,194.0500030517578,1
2023-07-04,178.944091796875,194.0500030517578,194.8000030517578,189.0,191.1000061035156,13258826,185.8650001525879,179.1860009765625,172.16700042724608,188.0399197371098,184.55783908534343,0.44592212556234,72.40848815436203,93.44977991356461,194.11503658901503,177.61496371616076,3.4891094713849453,2009185714,0.014640538832720651,0.049486259909754304,0.11458929493879744,1.1840573898956848,0.029889219070049752,193.3999938964844,0
2023-07-05,178.34466552734375,193.3999938964844,194.75,192.3500061035156,194.0,6558910,186.7650001525879,179.63500091552734,172.2970004272461,188.86454653085974,185.21281351579833,0.4924595910858951,70.29503600014851,87.77284254657958,194.1321608104281,179.3978394947477,3.4113155017491925,2002626804,-0.003349699278798912,0.03950545941502548,0.10262258053796214,0.5813988481585293,0.012409482793308559,196.75,1
2023-07-06,181.43389892578125,196.75,197.1499938964844,192.75,193.5,16276609,187.7349998474121,180.14800079345704,172.4190003967285,190.0776932184198,186.0674199220355,0.6807998979270264,74.43633728838971,97.10149093980935,194.99606590745736,180.47393378736683,3.4819353870874217,2018903413,0.017321645342494918,0.04045475224520456,0.10938817721359984,1.3815298140396,0.02236337431504144,192.6000061035156,0
2023-07-07,177.60696411132812,192.6000061035156,197.75,192.1499938964844,196.75,12652336,188.2625,180.60300079345703,172.5065003967285,190.46574135458837,186.55131519473773,0.46796220911470154,62.762932005047944,64.23613833793557,195.3250685232417,181.19993147675828,3.6332261525465768,2006251077,-0.021092726284545837,0.018239557591100297,0.0579511281236198,1.1455190004636142,0.029075835545435,191.5500030517578,0
2023-07-10,176.63868713378906,191.5500030517578,193.3500061035156,189.8000030517578,192.6499938964844,10238356,188.7,181.01500091552734,172.6002503967285,190.6325508464606,186.9215883693318,0.21159882111427297,60.190929396720556,56.94444738788503,195.43112247895075,181.96887752104922,3.6272816453473773,1996012721,-0.005451729067928679,0.001568643407884096,0.04786651998863767,0.9269487813872115,0.018533035735836322,192.3999938964844,1
2023-07-11,177.42254638671875,192.3999938964844,192.9499969482422,190.8000030517578,192.6499938964844,11236383,189.0349998474121,181.42300079345702,172.70725036621093,190.90446516184886,187.32739618615793,0.062164255741135044,61.5640667503318,62.8471640892727,195.8023551314403,182.26764456338393,3.521761091857163,2007249104,0.004437435819288016,-0.008503010200073602,0.03607968259746186,1.0467520438252578,0.011174604806074583,190.8000030517578,0
2023-07-12,175.94708251953125,190.8000030517578,194.75,190.25,193.75,9191559,189.30749969482423,181.72700073242189,172.8017504119873,190.88839406798868,187.5846263243505,-0.16890958104928844,57.54065329146523,51.73611184697133,195.89592016992023,182.71907921972823,3.591635299581651,1998057545,-0.008315960995234906,-0.013443593209823024,0.029403813157677927,0.8528492739827906,0.0235849052831477,187.8999938964844,0
2023-07-13,173.27281188964844,187.8999938964844,191.8000030517578,186.9499969482422,191.8000030517578,10612659,189.34249954223634,181.95800048828124,172.89825035095214,190.42864019544956,187.6079868852493,-0.5216192115897664,51.03086521587121,29.642813546317168,195.8930938166889,182.7919052677838,3.6815189284340777,1987444886,-0.015199209166085415,-0.044980971301222805,0.0037392999981498143,1.0054602328268993,0.02581163523713328,187.4499969482422,0
2023-07-14,172.85784912109375,187.4499969482422,188.3500061035156,184.75,187.9499969482422,12369394,189.37999954223633,182.18000030517578,172.99225036621092,189.97038738818688,187.59628392695245,-0.7745352484444887,50.08400473035271,22.5563858017574,195.87803074947843,182.88196833499424,3.6756965837970434,1975075492,-0.002394874735813568,-0.026739402866402084,0.004017139862128261,1.158023475765044,0.019205154239130842,186.5,0
2023-07-17,171.98182678222656,186.5,188.9499969482422,185.8000030517578,188.4499969482422,9058800,189.2949996948242,182.4250003051758,173.10500038146972,189.43648163615813,187.51507771014116,-0.9817878269295495,48.05676585310355,13.461538461538462,195.89620473044775,182.69379465920068,3.6381463918461385,1966016692,-0.005068001940296107,-0.026363889174114363,-0.00903292760790908,0.8461199878899147,0.01689004770232909,187.3500061035156,1
2023-07-18,172.76565551757812,187.3500061035156,189.1499938964844,186.3000030517578,187.0,7177677,189.36999969482423,182.63100036621094,173.24875038146973,189.11548540036696,187.50285018372446,-1.0324452290432204,50.006623324141934,20.000046950119973,195.8458325962784,182.89416679337006,3.581849567051885,1973194369,0.00455767347729541,-0.02624733863393891,0.00807102475511634,0.664785575956367,0.015212120372987333,192.5500030517578,1
2023-07-19,177.5608673095703,192.5500030517578,196.6000061035156,190.1999969482422,191.0,31761232,189.62249984741212,182.9620004272461,173.4165003967285,189.64387273135017,187.87671335913436,-0.7023368587759267,59.919006576887284,60.0000234750601,196.18028079508196,183.06471889974227,3.9867174551196074,2004955601,0.027755520570247993,0.009171907610112884,0.0269333496093751,2.628531214738801,0.033238166989553744,192.8999938964844,1
2023-07-20,177.88360595703125,192.8999938964844,194.25,191.8500061035156,192.6999969482422,8936996,189.89249954223632,183.27900024414063,173.59125038146973,190.14481444906315,188.24880821375288,-0.4587919965451799,60.486871843368576,62.69226074218772,196.52275473677358,183.26224434769907,3.8733800580742357,2013892597,0.0018176621094756484,0.026609899746747878,0.028799967447916908,0.7304588868281363,0.012441648379586306,195.1000061035156,1
2023-07-21,179.91236877441406,195.1000061035156,196.3500061035156,192.1000061035156,192.8000030517578,11031250,190.4224998474121,183.59000030517578,173.76900039672853,190.90715162667124,188.7563043537353,-0.16316076713559902,63.94488618052999,79.6154315655046,196.93744399953584,183.90755569528835,3.9002814824975047,2024923847,0.011404936633703455,0.04081093240767397,0.05745260760713067,0.8858893630933911,0.021783699984842888,195.8999938964844,1
2023-07-24,180.6500701904297,195.8999938964844,197.0,192.9499969482422,195.5,9981788,190.88249969482422,184.00900024414062,173.9502503967285,191.6752812066425,189.28546654208705,0.06064529958711784,65.1395915105402,85.7691838191108,197.57781749993794,184.1871818897105,3.9109758803018124,2034905635,0.004100398605545674,0.05040211204549272,0.049276899296322396,0.818951518209565,0.020673829392245293,200.6499938964844,1
2023-07-25,185.03030395507807,200.6499938964844,201.3500061035156,195.8999938964844,196.5,18028061,191.6699996948242,184.50300018310546,174.15175033569335,193.05600623584894,190.12728338315353,0.47964279018167044,71.2344258990601,95.7830605442793,199.0367743609811,184.30322502866733,4.0209070464967684,2052933696,0.024247065584442895,0.07099005796466451,0.08518118182749967,1.4163749446052785,0.027161786059374922,201.6000061035156,1
2023-07-26,185.90635681152344,201.6000061035156,202.1499938964844,200.0,201.5,13857423,192.4474998474121,184.98600036621093,174.34700035095216,194.37046775395152,190.97711469577294,0.7554183965318648,72.27834964967846,96.83914950636891,200.52558600903157,184.36941368579264,3.8872703929244565,2066791119,0.004734673490801589,0.047000794122683764,0.08357969791288777,1.0592893931561644,0.01066465194143122,201.9499969482422,1
2023-07-27,186.2290954589844,201.9499969482422,203.0,200.6000061035156,201.75,16013422,193.08999938964843,185.50500030517577,174.54225036621094,195.53654916845778,191.78992078854844,0.8869549746101022,72.67182590510453,94.24655862050514,202.00193524807014,184.1780635312267,3.7810363574644525,2082804541,0.0017360656454885603,0.04691551756406098,0.06795341316748749,1.3062963091322874,0.011884099691764285,210.0,1
2023-07-28,193.6524353027344,210.0,210.4499969482422,199.5,201.8500061035156,39630520,194.13249969482422,186.20300018310547,174.77075035095214,197.7616954502335,193.13881554495225,1.4105651999856121,79.7805641925902,98.24903890397945,205.49736963119568,182.76762975845276,4.2931049710914335,2122435061,0.03986136753357283,0.07637105807458977,0.11023001203439708,2.879870185904699,0.05214284261067708,218.3500061035156,1
2023-07-31,201.35243225097656,218.3500061035156,218.9499969482422,209.6499938964844,212.1999969482422,43494779,195.4875,187.10400024414062,175.0427503967285,200.92912785843075,195.00631114188286,2.168401609001796,84.33299475367923,98.24564064834682,210.89697526022226,180.07802473977776,4.650740548281887,2165929840,0.039761933826264695,0.11459935123272147,0.1416993783190359,2.7937952187479866,0.04259218132262762,225.1499938964844,1
2023-08-01,207.6230926513672,225.1499938964844,226.6499938964844,218.8500061035156,219.5500030517578,63510580,197.04249954223633,188.125,175.36325035095214,204.65541494120822,197.2391765311126,2.929458642039621,86.91647472158472,96.42004721121008,217.12580760705802,176.95919147741463,4.911401065759525,2229440420,0.03114260408925773,0.12210316842889912,0.16026792247167077,3.5125713370812255,0.03464351767451058,219.1000061035156,0
2023-08-02,202.0440673828125,219.1000061035156,225.1499938964844,216.8500061035156,225.0500030517578,22647784,198.3275001525879,189.02400024414064,175.63375038146972,206.87765973540934,198.8584972401795,2.8259061817390725,75.05756815195977,81.98093343015431,220.49476218957443,176.16023811560137,5.153442974845902,2206792636,-0.0268709214167262,0.08680555292748493,0.13288527930764515,1.1992230773387018,0.037882188780256856,220.1000061035156,1
2023-08-03,202.9662170410156,220.1000061035156,223.6000061035156,217.9499969482422,219.1000061035156,29868065,199.49500045776367,189.9270004272461,175.9105004119873,208.91186686896415,200.43194234116737,2.629334571444816,75.64897982166568,83.96575456316324,223.5832959577868,175.40670495774054,5.188911987733581,2236660701,0.0045641258427329134,0.08987377781404504,0.11867855706996489,1.526610602881483,0.02567019081597001,217.9499969482422,0
2023-08-04,200.9835662841797,217.9499969482422,222.1999969482422,217.6000061035156,221.6999969482422,12879897,200.7625,190.79600036621093,176.17475036621093,210.30234841962232,201.7295760157655,2.1777459580038796,71.7119593175319,78.4386643810621,225.91064007838048,175.6143599216195,5.146846191804511,2223780804,-0.009768328467297915,0.03785712832496291,0.13161988598848673,0.6579321138121833,0.021105716490645222,217.9499969482422,0
2023-08-07,200.9835662841797,217.9499969482422,221.3500061035156,217.6499938964844,219.6999969482422,12929354,202.0824996948242,191.6650003051758,176.42225036621093,211.4789097317177,202.93108867743044,1.722235686747453,71.7119593175319,76.13169361688583,227.91982430263516,176.24517508701325,5.043500907177846,2236710158,0.0,-0.0018319631055278007,0.13782298864986675,0.6559500765900566,0.016976426973338548,217.5500030517578,0
2023-08-08,200.61471557617188,217.5500030517578,220.3999938964844,214.0,220.3000030517578,15314866,203.3400001525879,192.49000030517578,176.67525039672853,212.41292408864695,204.01397122367692,1.2586939979441807,70.91563673905765,73.85059184829598,229.61433480822976,177.06566549694602,5.140393263556886,2221395292,-0.0018352553433591545,-0.03375523451366724,0.130717307448589,0.7690191176511276,0.029418496008762483,218.6999969482422,1
2023-08-09,201.6752014160156,218.6999969482422,219.6999969482422,216.4499969482422,218.4499969482422,12554174,204.7349998474121,193.32800018310547,176.94850036621094,213.38016606704622,205.10182498105212,0.9104657751746021,71.88236213709473,76.98987045703066,231.1602181030322,178.309781591792,5.005365173302822,2233949466,0.0052861129871406565,-0.0018256921229131695,0.14622638076644057,0.6251164654781639,0.014860539759262773,217.3999938964844,0
2023-08-10,200.4763641357422,217.3999938964844,220.8500061035156,216.5,219.1999969482422,10970619,206.20999984741212,194.19899993896485,177.20075035095215,213.99860111772904,206.01280045626933,0.4943402805121657,69.08678134328495,72.55192629777825,231.99733374675523,180.422665948069,4.958553811175164,2222978847,-0.005944229857787531,-0.012267206415984111,0.15699840850581293,0.5457792931731607,0.02000922826882352,213.0,0
2023-08-11,199.1673126220703,213.0,216.5,212.6499938964844,214.8999938964844,7970536,207.4875,194.97100006103517,177.44050033569337,213.84497017653996,206.53037079284198,-0.14148879779964751,60.50922318887469,55.60977594639219,231.92705485960855,183.04794514039148,4.943657110376938,2215008311,-0.020239162925549503,-0.022711617423962105,0.13630303263655197,0.4009144227923606,0.01807514602589482,213.0,0
2023-08-14,199.1673126220703,213.0,214.0,211.8000030517578,213.3000030517578,9283695,208.8125,195.74,177.67075035095215,213.71497476476458,207.00960258596479,-0.6005728021582701,60.50922318887469,49.72376808433864,231.35694148201088,186.26805851798912,4.74768138451017,2224292006,0.0,-0.022711617423962105,0.1420911528150135,0.4667017683103603,0.010328624170151115,217.4499969482422,1
2023-08-16,203.3283233642578,217.4499969482422,217.9499969482422,212.0500030517578,212.9499969482422,9687712,210.31749954223633,196.60699981689453,177.91125030517577,214.28959356222265,207.78296513131866,-0.6394532400432604,65.52915327220391,66.11418410140598,230.85978006563826,189.7752190188344,4.829989421079757,2233979718,0.02089200445184125,-0.00045969249419786085,0.16066180872230973,0.48395880519897416,0.027132646490166203,215.75,0
2023-08-17,201.7386779785156,215.75,219.8000030517578,215.1499938964844,219.4499969482422,11865239,211.47749938964844,197.41399993896485,178.13675033569336,214.51427147572684,208.3731158623321,-0.8039408460420034,62.27250083916606,59.85268380522243,230.4345169940882,192.5204817852087,4.817133687807876,2222114479,-0.007817875245345829,-0.013488783673555993,0.12048816712823407,0.6237365318466151,0.021552765493735384,215.1499938964844,0
2023-08-18,201.1776580810547,215.1499938964844,216.6499938964844,213.3000030517578,215.8000030517578,14101163,212.58999938964843,198.1699996948242,178.342250289917,214.61207492507418,208.87510682782488,-0.966502689749956,61.117989705649386,32.35294117647059,229.56323103733052,195.61676774196633,4.712337770444926,2208013316,-0.0027810248135137217,-0.010349586307124459,0.11534474185592769,0.7313484312017122,0.015570490075581315,218.8000030517578,1
2023-08-21,204.59063720703125,218.8000030517578,219.5500030517578,215.6999969482422,217.1999969482422,13336739,213.77499923706054,198.90499969482423,178.5707502746582,215.2563715599486,209.61028432589399,-0.8459068423557126,65.32904195134184,47.13807619945963,228.90796160664624,198.64203686747484,4.690028583646962,2221350055,0.016964951237830705,0.027230061275858253,0.12147614662640005,0.6875911745076932,0.017596005712142947,221.6999969482422,1
2023-08-22,207.3023376464844,221.6999969482422,222.3000030517578,218.8500061035156,219.25,16930149,215.06499938964845,199.6829995727539,178.7702502441406,216.247698542763,210.50581859421607,-0.6000913022907159,68.26944832272619,74.15730850778068,228.14200604499237,201.98799273430453,4.605026541957893,2238280204,0.013254085265247406,0.04084505609503375,0.13169986654206212,0.857494577325206,0.015561556137719064,221.6999969482422,0
2023-08-23,207.3023376464844,221.6999969482422,222.8999938964844,221.0500030517578,222.8999938964844,13507905,216.11749954223632,200.4029995727539,178.97400024414063,217.08651368206748,211.3350169908106,-0.47237964766462337,68.26944832272619,83.89823166197932,227.6856989970364,204.54930008743622,4.408238277869943,2251788109,0.0,0.019544723199106828,0.10490906400235178,0.6920837757931908,0.008344568652197536,220.8500061035156,0
2023-08-24,206.5075225830078,220.8500061035156,222.3999938964844,219.6499938964844,222.0,11182959,217.07999954223632,201.1129995727539,179.18750030517577,217.6655125161364,212.0398309991591,-0.4785558575553637,66.35646456583811,81.53162627208184,226.6948533709685,207.46514571350414,4.289792686593518,2240605150,-0.0038339686803199324,0.023638498741671343,0.0954861082202334,0.5769167597608045,0.01245189007923792,217.8999938964844,0
2023-08-25,203.7491149902344,217.8999938964844,221.8500061035156,217.1999969482422,221.8500061035156,7413549,217.87749938964845,201.72699951171876,179.392250289917,217.7015865746515,212.47391713970174,-0.7012543516663303,60.06567051958547,54.954917801797905,224.529752584675,211.2252461946219,4.315522434356367,2233191601,-0.013357537357949978,0.012781780515983332,0.07897993161312122,0.39113345182573517,0.02134010686334596,218.6999969482422,1
2023-08-28,204.4971618652344,218.6999969482422,219.3000030517578,217.1999969482422,217.8999938964844,4851793,218.31249923706054,202.36699951171875,179.60650024414062,217.85518817058852,212.93510823663067,-0.8070750821265813,61.14154178198411,62.162158446846284,223.8999739995756,212.72502447454548,4.157271267867743,2238043394,0.0036714230113188417,-0.00045706628025943274,0.041428556896391466,0.28183392734410434,0.009602222829534905,221.1000061035156,1
2023-08-29,206.74127197265625,221.1000061035156,221.75,218.25,219.1999969482422,8799235,218.44999923706055,203.02499969482423,179.84500030517577,218.3543909295004,213.53991548602957,-0.7301436580908849,64.25297017957938,83.78388038199195,224.1682163346219,212.73178213949922,4.110323320162904,2246842629,0.010973978915241656,-0.002706318687350606,0.012594458086235605,0.5684149939297206,0.01582994076608643,220.3999938964844,0
2023-08-30,206.0867156982422,220.3999938964844,222.0,219.75,222.0,5490930,218.21249923706054,203.7159994506836,180.08650024414064,218.66909907826718,214.04806944235958,-0.7388715725232853,62.67660402535522,77.47745890089895,223.13742481232947,213.2875736617916,3.977443083008411,2241351699,-0.00316604336366888,-0.005863793728699385,-0.021097046985414813,0.4365045811326427,0.010208711716465658,220.3000030517578,0
2023-08-31,205.99322509765625,220.3000030517578,221.6499938964844,218.75,221.6499938964844,18532999,218.27249908447266,204.37199951171874,180.33075027465821,218.92000738188113,214.51117563564833,-0.7608555697584665,62.440951167660316,76.57663973694356,223.26794628596065,213.27705188298467,3.9004824268281246,2222818700,-0.0004536789813776032,-0.0024903918340848374,0.00547693708267305,1.4977880813448403,0.013163839565644818,230.6999969482422,1
2023-09-01,215.71783447265625,230.6999969482422,231.6499938964844,216.1499938964844,217.8500061035156,29859815,218.802498626709,205.2359994506836,180.6270002746582,220.7323134690136,215.71034758472933,-0.11817714536560153,73.57115229392724,95.21411896018786,226.15446971843937,211.45052753497862,4.729019396340401,2252678515,0.04720832388749896,0.058742558101394726,0.048159884374293416,2.413271917203021,0.06718682360224497,235.8000030517578,1
2023-09-04,220.4866180419922,235.8000030517578,236.5,230.5,233.6999969482422,21895573,219.69499893188475,206.26199951171876,180.9455002593994,223.05041955866656,217.19847021191663,0.5694450536800488,77.14753349017596,97.13702643920979,230.1114729643122,209.2785248994573,4.819803725173229,2274574088,0.022106658738533902,0.07818932941074763,0.08189954738909488,1.7073969142518972,0.025445292291548474,234.6000061035156,0
2023-09-05,219.3645782470703,234.6000061035156,236.8999938964844,231.6999969482422,236.8999938964844,13952922,220.52749938964843,207.21999969482422,181.2687503051758,224.82727902710488,218.4874728705536,0.845841490785114,74.58989192371754,90.25428523213712,232.75670805547048,208.29829072382637,4.846960383963871,2260621166,-0.005089045516164847,0.061058342954904754,0.07639371134851358,1.083711272600415,0.022165374309273265,231.8999938964844,0
2023-09-06,216.83990478515625,231.8999938964844,235.8500061035156,228.3999938964844,235.5,14623019,221.24499893188477,208.15999969482422,181.58675025939942,225.91538900700942,219.4809929465485,0.7523451157558112,69.04349823584,78.8135511030622,234.34415736259896,208.14584050117057,5.032892657040108,2245998147,-0.011509003140604435,0.052177859884157796,0.06596180484222991,1.1388168465316237,0.0321259698279972,234.1000061035156,1
2023-09-07,218.89703369140625,234.1000061035156,238.0,229.3500061035156,233.0,30334731,222.01499938964844,209.12099975585937,181.92800025939943,227.1745608680104,220.56388281002756,0.7429016906221664,70.9396602772412,82.51124052569588,236.19142995697786,207.83856882231902,5.291257031286129,2276332878,0.009486900668109755,0.06264186500494762,0.07041613795229273,2.209446037693214,0.03694999432276607,240.25,1
2023-09-08,224.6476287841797,240.25,243.6000061035156,235.0,236.0,28856420,223.15749969482422,210.14399963378906,182.307250289917,229.1861668883165,222.0221137129885,1.0370214463738794,75.4640563266401,87.79597590613272,239.219671096989,207.09532829265945,5.591881529051406,2305189298,0.026270797676805513,0.04139576583479698,0.10510582679406921,1.9732431480794002,0.03579607119049156,243.1000061035156,1
2023-09-11,227.31256103515625,243.1000061035156,243.8999938964844,238.1499938964844,243.6000061035156,22493483,224.6625,211.22299987792968,182.68750030517577,231.32675753680869,223.58343907524977,1.2930293860838287,77.23302841965065,97.11716110641872,242.20784122894932,207.11715877105067,5.603175705547734,2327682781,0.011862668484976524,0.030958451896862194,0.14131458264561303,1.4653733421459274,0.023652817176613168,235.1000061035156,0
2023-09-12,219.83209228515625,235.1000061035156,244.9499969482422,234.1000061035156,244.1999969482422,21174310,225.7675003051758,212.1,183.02275032043457,231.90725731630204,224.4365181143806,0.8163601011570885,63.41256994826748,65.79864652436068,243.01686034039733,208.51814026995424,5.97794821548908,2306508471,-0.032908267376157485,0.002131287242078672,0.10375589719960376,1.3279981919820822,0.04615053408356481,237.1499938964844,1
2023-09-13,221.7489318847656,237.1499938964844,238.4499969482422,233.1499938964844,236.1000061035156,9151928,226.75250015258788,212.96199981689452,183.361000289917,232.71383217479166,225.3782570612031,0.5449568102593627,65.13429503686666,72.91665894013953,244.23779633194397,209.2672039732318,5.929523560936845,2315660399,0.008719641598248895,0.02263906915988745,0.09059552644156277,0.5749513590747402,0.022348737879669636,237.9499969482422,1
2023-09-14,222.49700927734372,237.9499969482422,239.1999969482422,235.9499969482422,237.9499969482422,7568464,227.8625,213.85299987792968,183.7020002746582,233.51939598609172,226.3094970528356,0.3354245039415318,65.81045625858386,75.6944470199535,245.2312353831815,210.4937646168185,5.738129020869928,2323228863,0.003373405322991463,0.016445923726393197,0.10289685723403097,0.4819786107974943,0.013658331757436103,236.1999969482422,0
2023-09-15,220.86062622070312,236.1999969482422,239.3000030517578,235.6000061035156,235.6000061035156,14098284,228.91500015258788,214.64199981689453,184.031000289917,233.93179613411485,227.0421266747176,0.012156024066137583,62.935200273139706,69.61805877494187,245.61299857491966,212.2170017302561,5.592548158539377,2309130579,-0.007354486330927168,-0.016857452868919043,0.09783873413394395,0.8978220189165659,0.015664678222044964,241.1999969482422,1
2023-09-18,225.5359344482422,241.1999969482422,242.1499938964844,236.0500030517578,237.0,11163399,230.0349998474121,215.61399963378906,184.3862503051758,235.04998087474982,228.0908578060898,0.065287706663133,67.32739882989117,86.97916804640366,246.87326430757707,213.19673538724714,5.628794064695606,2320293978,0.02116850154361183,-0.007815751162360551,0.10237657031104153,0.7158735522126396,0.02529017795151778,241.75,1
2023-09-20,226.0502166748047,241.75,246.0,240.3500061035156,241.5,18936709,231.0375,216.61799957275392,184.73400032043457,236.08075304786524,229.10264611674978,0.06741725529484821,67.77970200668942,85.76214696485621,248.15652201809115,213.91847798190884,5.630308338394806,2339230687,0.0022802780212134444,0.028285809118849592,0.09043754320140418,1.2065885436419739,0.023371226045437034,238.9499969482422,0
2023-09-21,223.4320526123047,238.9499969482422,242.8999938964844,237.1000061035156,240.0500030517578,10134737,231.9,217.54899963378907,185.06775032043458,236.52217518638477,229.83207951167515,-0.17647520088879265,62.998324699896436,76.38190415335461,248.78694817895644,215.01305182104358,5.642428299435806,2329095950,-0.011582225653600009,0.007590145891142042,0.07780784951488817,0.6527690157732313,0.024272809654921713,237.9499969482422,0
2023-09-22,222.49700927734372,237.9499969482422,239.3000030517578,236.0,238.6000061035156,7209300,232.75499954223633,218.49199951171875,185.39675033569335,236.74184007282437,230.43340672919862,-0.44651002557813335,61.33421351260671,54.26136215856297,249.03827137323333,216.47172771123934,5.475112210315949,2321886650,-0.004184975989836914,0.0,0.07742807503800364,0.47036356566286597,0.013868472763526088,239.6499938964844,1
2023-09-25,224.0865936279297,239.6499938964844,240.25,237.1499938964844,239.1499938964844,8027642,233.84249954223634,219.52699951171874,185.71925033569335,237.18924835338746,231.11611688973832,-0.5454495244438018,63.117834512579186,63.92043237844568,248.86875214906073,218.81624693541195,5.3054617741159245,2329914292,0.007144345324837209,0.0146062531448643,0.09981643235076243,0.5227083321551849,0.012935556780588229,240.1999969482422,1
2023-09-26,224.6008758544922,240.1999969482422,243.1999969482422,239.0500030517578,239.75,10681642,234.91749954223633,220.58199951171875,186.04425033569336,237.65244044490356,231.78899689407194,-0.6041099498090539,63.70123821396579,67.04544863425211,248.45966499299584,221.37533409147682,5.2229283542850995,2340595934,0.00229502635412282,-0.004145937034213953,0.09830818609973835,0.6825645639567594,0.01727724375191648,239.3000030517578,0
2023-09-27,223.7593536376953,239.3000030517578,240.5,237.8500061035156,239.8999938964844,9679279,235.82749938964844,221.6379995727539,186.38150032043458,237.9059116151888,232.3453677205672,-0.7256076848152446,61.973732201890236,59.75976333746962,247.89955342460695,223.75544535468993,5.03914732158505,2330916655,-0.0037468522394623616,-0.010134423777630519,0.08231567818103658,0.6167786104463201,0.011073940086458086,237.0500030517578,0
2023-09-28,221.6554412841797,237.0500030517578,241.1999969482422,235.6499938964844,239.6000061035156,32887087,236.6599998474121,222.63199951171876,186.71500030517578,237.77423337466095,232.6938592265813,-0.964621945085776,57.75674719590909,30.350251383977294,246.440571326968,226.8794283678562,5.075637016597389,2298029568,-0.009402423615988642,-0.007951428837623786,0.07554450824120007,1.9273819978115745,0.02341279468596332,245.5500030517578,1
2023-09-29,229.6034393310547,245.5500030517578,251.5,239.5,239.5500030517578,35038887,237.9224998474121,223.69199951171876,187.09525032043456,238.97050563267587,233.6461661765944,-0.5765253096671543,66.91556168529718,67.5749592960503,245.10306290545924,230.74193678936496,5.745234154572017,2333068455,0.03585741358604455,0.031939509144724765,0.1146164305502424,1.9587510978599403,0.04886988332665833,241.1999969482422,0
2023-10-03,225.5359344482422,241.1999969482422,246.6999969482422,240.5500030517578,244.3500061035156,14885044,238.4474998474121,224.6579995727539,187.45675033569336,239.31350429660915,234.20570919671644,-0.6344557326847333,59.773167649648265,43.86921184846647,244.94161053742013,231.95338915740408,5.774145564708614,2318183411,-0.017715357562421707,0.006467778390293999,0.04551365469829505,0.8684570617952778,0.025497487455624093,235.1499938964844,0
2023-10-04,219.8788146972656,235.1499938964844,241.0,231.5,241.0,25424437,238.41499938964844,225.4589993286133,187.78650032043458,238.6729642350515,234.27565621151408,-1.075954247232021,51.53436634048311,18.249969482422017,244.96802233922966,231.86197644006722,6.0545635206752975,2292758974,-0.0250829317093898,-0.021024159516729535,-0.002756612158019034,1.4682553959566222,0.04039974589232609,233.8500061035156,0
2023-10-05,218.66326904296875,233.8500061035156,237.3999938964844,232.0500030517578,237.25,22472389,238.37749938964845,226.2179995727539,188.09775032043456,237.93097067635367,234.24412657388456,-1.4291345346402657,49.941470254230126,11.750030517577983,245.0253172845353,231.7296814947616,6.004236900964676,2270286585,-0.005528334368322674,-0.022774746672541646,-0.0031969308631180082,1.2666167045978605,0.022877873444905425,235.5500030517578,1
2023-10-06,220.25286865234372,235.5500030517578,237.5,233.6499938964844,234.25,8825123,238.55999984741212,226.9159997558594,188.4150003051758,237.56466796487737,234.34085816483815,-1.513735069656124,52.02959961067699,20.250015258789062,244.66471840936111,232.45528128546312,5.850363272575456,2279111708,0.007269604036228561,-0.006327778868125522,0.015739582800087026,0.5056749765097193,0.0163447508114429,234.6999969482422,0
2023-10-09,219.45806884765625,234.6999969482422,236.3000030517578,230.5,233.8500061035156,10659145,238.58999938964843,227.5779995727539,188.7395002746582,237.1239493469335,234.3674610376829,-1.5848452483557844,50.886612234769245,19.99998546781994,244.61209242012114,232.5679063591757,5.846766113945625,2268452563,-0.003608601538964362,-0.044186544364361646,0.002562968086644579,0.6472489384197648,0.024712412131121044,235.8999938964844,1
2023-10-10,220.58010864257807,235.8999938964844,236.8500061035156,233.75,234.8999938964844,11665907,238.37249908447265,228.25699951171876,189.06000022888185,236.93564850840286,234.4809819901867,-1.5093336315121926,52.47393621444432,25.71425664992573,244.45299942918436,232.29199873976094,5.65056897034348,2280118470,0.005112897161676733,-0.021973478933729362,-0.018106164842936923,0.7473900816253087,0.013141187722437647,238.6999969482422,1
2023-10-11,223.19830322265625,238.6999969482422,239.6999969482422,236.0,236.25,14313043,238.152498626709,228.8309994506836,189.40475021362306,237.2070867299166,234.79350161670934,-1.2403320292168711,56.043778919332794,39.04760451543899,243.83848755419638,232.4665096992216,5.518385690444502,2294431513,0.011869449445541136,0.015096760127157438,-0.0180995847174098,0.9416576142674364,0.015500615817119033,241.6000061035156,1
2023-10-12,225.9099578857422,241.6000061035156,242.75,238.6000061035156,238.9499969482422,13170027,238.47749862670898,229.29599945068358,189.77300025939942,237.88292047970106,235.29768713425054,-0.8549470375788917,59.44176668498316,52.85717192150285,244.1714857643135,232.78351148910446,5.420643419447352,2307601540,0.012149179691452794,0.033140901422809455,0.0276478087250156,0.8898893182327646,0.017177126621041157,242.0500030517578,1
2023-10-13,226.33074951171875,242.0500030517578,243.8000030517578,239.6000061035156,240.5500030517578,11880728,238.72249908447264,229.63399963378907,190.15375030517578,238.52401010617132,235.79785868369552,-0.5712231684428928,59.95901736654998,55.00001453218006,244.5860724350527,232.8589257338926,5.3334543857898415,2319482268,0.0018625701029553188,0.027594990090370475,0.02066206738935139,0.7954390312202506,0.017351773994169817,243.4499969482422,1
2023-10-16,227.63980102539065,243.4499969482422,245.0,241.0,242.8500061035156,6936948,238.99749908447265,230.1209994506836,190.556000289917,239.2818542357207,236.36468374032862,-0.30416327642129337,61.59982077996812,61.666652134486604,245.19665126343432,232.79834690551098,5.23820764394771,2326419216,0.005783903651449318,0.03728163661599715,0.02311409989719948,0.46542679425244393,0.016430478743651025,245.9499969482422,1
2023-10-17,229.9774475097656,245.9499969482422,247.1999969482422,243.3000030517578,244.8500061035156,10084205,239.48499908447266,230.63799926757812,190.95750030517578,240.30772234533936,237.0747069409148,0.00934530608894768,64.40487281965034,73.57141403924851,246.2363770480165,232.73362112092883,5.142620947700329,2336503421,0.010269049214781889,0.0426028118346109,0.04127857801004331,0.6858238034904743,0.0158568568606451,242.0,0
2023-10-18,226.2839813232422,242.0,246.8000030517578,241.6000061035156,245.8999938964844,6987265,239.52499923706054,231.11899932861328,191.34150032043456,240.56807275374868,237.43954346381,-0.07611264671753482,57.28474062045261,54.76190476190476,246.325845268568,232.72415320555308,5.146719233453321,2329516156,-0.016060162623516616,0.013824897754285859,0.0033167622797669605,0.48204732602132,0.021487590695215768,239.5,0
2023-10-19,223.9463348388672,239.5,241.8000030517578,238.5,240.1999969482422,11485237,239.41249923706056,231.54999938964843,191.709750289917,240.40375386855658,237.59216987389814,-0.31444635359822737,53.27066645515767,42.857142857142854,246.136402943809,232.6885955303121,5.029096431063798,2318030919,-0.010330578512396715,-0.008692078023441074,-0.009307135470527417,0.813263614700829,0.013778718378947025,241.0,1
2023-10-20,225.3488922119141,241.0,242.1499938964844,237.5500030517578,238.9499969482422,9040953,239.51499938964844,232.0189993286133,192.081000289917,240.4954840426248,237.84460173509086,-0.38011843257817146,55.29480559605157,62.8742629866481,246.27000538472626,232.7599933945706,4.998446032039712,2327071872,0.006263048016701411,-0.004337959258497892,0.008579213550698794,0.6426739087054539,0.019087098940774237,236.5500030517578,0
2023-10-23,221.18788146972656,236.5500030517578,240.8999938964844,235.0,240.8000030517578,7058625,239.44499969482422,232.3759994506836,192.43150032043457,239.88848696710681,237.74870553632547,-0.7129754474646233,48.572824706586474,36.22756980440422,246.29181649483098,232.59818289481746,5.069985601179732,2320013247,-0.018464717627560967,-0.028342550761877083,-0.005883563414329052,0.5020294671676213,0.024941846630175134,232.0500030517578,0
2023-10-25,216.98016357421875,232.0500030517578,236.3000030517578,228.3500061035156,236.0,23949207,239.06500015258788,232.66899963378907,192.75175033569337,238.6825663647454,237.3265794263575,-1.197415951886451,42.894132719600414,19.628640558609685,246.63005747095013,231.49994283422564,5.293557840255623,2296064040,-0.019023462024709392,-0.05651552782661551,-0.03171287727221628,1.6120617687942957,0.034259844187414214,231.6499938964844,0
2023-10-26,216.6061248779297,231.6499938964844,233.3000030517578,227.75,230.8500061035156,17410264,238.6375,233.04199951171876,193.0720002746582,237.6006321388591,236.90609160932988,-1.4870898885960937,42.419386584358755,20.05138564732201,246.83737114036788,230.4376288596321,5.311875355362923,2278653776,-0.0017238058608608497,-0.04276862026246109,-0.035595350376295465,1.1459632231026895,0.023958571974916167,236.6000061035156,1
2023-10-27,221.23468017578125,236.6000061035156,238.4499969482422,232.0,232.0,10519462,238.50250015258788,233.51399963378907,193.42200027465822,237.4466896718832,236.8834186088992,-1.2946874841130624,49.82070552549909,45.50132386686788,246.74309971210766,230.2619005930681,5.418170190819699,2289173238,0.021368497031962752,-0.0121085340145487,-0.01128289558633322,0.690493582868028,0.027261186736488204,234.6000061035156,0
2023-10-30,219.3645782470703,234.6000061035156,238.3999938964844,230.6499938964844,237.4499969482422,8812268,238.38000030517577,233.85699981689453,193.74550033569335,237.0087383536728,236.71427694183376,-1.250797708206409,47.181846586429174,35.2185459038577,246.77472475836177,229.98527585198977,5.584729462904006,2280360970,-0.00845308515810006,-0.02655599127171948,-0.010335359277372724,0.6280588876674154,0.03303495225221933,235.8000030517578,1
2023-10-31,220.4866180419922,235.8000030517578,237.1999969482422,233.5500030517578,234.5,6583581,237.8925003051758,234.25799987792968,194.07950035095215,236.82277907645513,236.64655294997627,-1.0952263948532759,48.92971764117755,41.38819699138996,245.67519026002108,230.1098103503305,5.446534065302603,2286944551,0.005115076372643967,-0.003170577004118269,-0.03970678020290985,0.5221668999052196,0.015479193593068808,232.6000061035156,0
2023-11-01,217.49444580078125,232.6000061035156,236.6999969482422,232.1000061035156,236.6999969482422,6718059,237.46250076293944,234.6070001220703,194.39050041198732,236.1731216960029,236.34680873912734,-1.1561116515652587,44.6832748477557,24.93576794084752,245.41516425853,229.50983726734887,5.386066692404316,2280226492,-0.013570809613347667,0.0023701919608900557,-0.035655020537052606,0.5506676308921385,0.01977640036122538,235.25,1
2023-11-02,219.97235107421875,235.25,235.6999969482422,233.75,234.1999969482422,6057787,237.46750106811524,234.93600006103514,194.72700042724608,236.0311029735409,236.26556364734012,-0.9735082257920377,48.657135687388894,38.560417361288174,245.4144659595447,229.52053617668577,5.222775560427335,2286284279,0.011392922729782873,0.015540713137788043,0.0004252864389169275,0.5393563625674715,0.008289041225259032,234.3500061035156,0
2023-11-03,221.2468414306641,234.3500061035156,235.25,233.3000030517578,233.3000030517578,6825146,237.49250106811525,235.18900024414063,195.06850044250487,235.77247268584472,236.1236704959457,-0.8721962896750423,47.411421127735025,33.93319865848143,245.3968196341077,229.5881825021228,4.989005659556967,2279459133,-0.0038256913771919088,-0.009509720802862498,0.002138122672439291,0.6531772108905711,0.008320874322404956,235.8500061035156,1
2023-11-06,222.66297912597656,235.8500061035156,237.1999969482422,234.5500030517578,235.3500061035156,5338605,237.50750122070312,235.4720004272461,195.41800048828125,235.78440090394793,236.1033990594694,-0.6719973080764337,49.72182490098006,41.64528213073906,245.3981444268948,229.61685801451145,4.836218887069083,2284797738,0.0064006825727900285,0.005328218105196569,0.0012736278831286807,0.5195812081669805,0.011235928886604655,239.1499938964844,1
2023-11-07,225.7784881591797,239.1499938964844,239.5500030517578,235.1999969482422,236.3000030517578,7002346,237.73000106811523,235.83800018310546,195.77475044250488,236.30218444126123,236.32907275110017,-0.30390996991511,54.461819849945535,59.842478058986366,245.54200246782364,229.91799966840682,4.80148940252955,2291800084,0.013991891912525256,0.014206916036346495,0.0189603621904757,0.6938523277260922,0.018189446851495705,236.6999969482422,0
2023-11-08,223.46543884277344,236.6999969482422,240.8999938964844,235.9499969482422,239.8500061035156,9777991,237.77000122070314,236.21400024414064,196.12850044250487,236.36338636541217,236.35654861755515,-0.21614712977532166,50.64441823565233,62.15278292879852,245.5522478287184,229.98775461268787,4.81209708436617,2282022093,-0.010244603850179002,0.017626787347984507,0.0033912805106253163,0.9780350656301093,0.02091253490520578,237.9499969482422,1
2023-11-09,224.64556884765625,237.9499969482422,239.6999969482422,236.0,237.1999969482422,13987058,237.7325012207031,236.59900024414063,196.4797504425049,236.60748030123216,236.47458182723565,-0.07206912290866913,52.47474776767333,70.83334216365468,245.503681217956,229.96132122345023,4.732661360357314,2296009151,0.00528094641367205,0.011477138993590597,-0.003142019311221933,1.401327950848348,0.01554947256018244,242.75,1
2023-11-10,229.1772003173828,242.75,243.25,235.8000030517578,237.8500061035156,9589671,237.79000091552734,237.03200012207031,196.84625045776366,237.55248333181183,236.9394276178108,0.32647049367668884,58.794049998875494,96.7741935483871,245.69073212766318,229.8892697033915,4.926756759491947,2305598822,0.020172318190035066,0.035843796363179914,0.0047599083916896046,0.9783112183715235,0.030689997727053296,245.6999969482422,1
2023-11-13,231.9622344970703,245.6999969482422,250.6000061035156,243.3000030517578,244.9499969482422,18792969,237.97250061035157,237.53800018310548,197.23125045776368,238.8059469651088,237.58835867932422,0.7448024523681919,62.12707294954606,78.55576434826634,246.40887500575084,229.5361262149523,5.135560284065065,2324391791,0.012152407613768013,0.04176379304566735,0.015079503616878265,1.8519104136046671,0.02971104250072727,247.3000030517578,1
2023-11-15,233.4727783203125,247.3000030517578,248.9499969482422,245.9499969482422,248.9499969482422,10965645,238.16500091552734,238.07800018310547,197.62425048828126,240.11272482459327,238.30773974394893,1.0657593977823587,63.83568465185747,85.55797737292481,247.2437703586812,229.0862314723735,5.0008774066318455,2335357436,0.006512031434223742,0.03407906904986646,0.015814360861684973,1.059552508449543,0.012131014811884678,252.3500061035156,1
2023-11-16,238.2404327392578,252.3500061035156,254.25,247.6499938964844,248.8000030517578,22145147,238.48500137329103,238.51100036621094,198.05175048828124,241.995383482889,239.34790762243534,1.526600142073335,68.64397026928694,91.94918048685858,248.97957593450317,227.99042681207888,5.1401002310325845,2357502583,0.02042055394031217,0.06611748777798043,0.026021586642345884,2.0219512785928786,0.026154174534904633,251.6000061035156,0
2023-11-17,237.53237915039065,251.6000061035156,253.1000061035156,251.0,253.0,5618928,238.9650016784668,238.8270004272461,198.47950050354004,243.47301773221616,240.25547047288572,1.6773372327601013,67.21465417342799,88.7712152070603,250.8454107957731,227.0845925611605,4.922950650495657,2351883655,-0.0029720625395679434,0.0573650318568506,0.03966944670874217,0.5162582809052427,0.008346605932320974,251.0500030517578,0
2023-11-20,237.0131072998047,251.0500030517578,255.3999938964844,250.3000030517578,251.0,6283832,239.5425018310547,239.15600036621095,198.9052505493164,244.6387077813764,241.0550654787281,1.6347458208623769,66.12724045226967,81.33050161494384,252.54105183046994,226.54395183163945,4.935596378655008,2345599823,-0.0021860216153234413,0.03419156766944509,0.04822548247080505,0.5914819873859235,0.020314641636053475,250.0,0
2023-11-21,236.02183532714844,250.0,252.8000030517578,247.3000030517578,252.6000061035156,6851869,239.99250183105468,239.51800048828125,199.3237505340576,245.46352196885698,241.71765322104454,1.4375778128211998,63.9985566041066,76.82404838806846,253.76200783147098,226.22299583063838,4.9759109230367935,2338747954,-0.004182445883266328,0.01750103013905857,0.03734439834024905,0.6516638145526388,0.022,253.6499938964844,1
2023-11-22,239.46774291992188,253.6499938964844,254.0,249.3500061035156,250.8000030517578,5275418,240.847501373291,239.90900024414063,199.74775047302245,246.72297918849196,242.60153030811418,1.4505263563092368,67.87043629140871,92.08144468341452,255.73408785108924,225.96091489549278,4.952631135425909,2344023372,0.014599975585937619,0.025677277664236886,0.07228911699056306,0.5060225509042691,0.01833232410162046,252.75,0
2023-11-23,238.61805725097656,252.75,255.6999969482422,251.6999969482422,254.0,8200025,241.88250122070312,240.15900024414063,200.15575050354005,247.6502131594932,243.35326880380944,1.3008174652921727,65.98598146690992,86.83036717833578,257.05419386169336,226.71080857971288,4.884586054324059,2335823347,-0.003548172356162893,0.0015850758343960436,0.08920489840987056,0.8508188569583367,0.01582591493570722,253.8999938964844,1
2023-11-24,239.7037506103516,253.8999938964844,256.8500061035156,253.0,253.3000030517578,7149443,242.99500122070313,240.375,200.57525047302246,248.6117178882611,244.13450769956313,1.1848666386451012,67.23773732430327,86.77124751873662,258.2649985162867,227.72500392511958,4.828544629266314,2342972790,0.004549926395586157,0.009141445696239536,0.09605007807573118,0.7835209957519442,0.015163474580803972,257.54998779296875,1
2023-11-28,243.14968872070312,257.54998779296875,258.29998779296875,253.6499938964844,254.8500061035156,6151585,244.0425003051758,240.82399963378907,201.02850044250488,249.9868363351392,245.1282469657413,1.2529966554760197,70.89840097635296,96.75324546645344,260.25897755497454,227.82602305537705,4.815791005496173,2349124375,0.014375714786241556,0.025891195627155028,0.08854598964079163,0.6906950791892047,0.018054723808499026,258.3999938964844,1
2023-11-29,243.9521484375,258.3999938964844,259.54998779296875,256.1000061035156,259.54998779296875,8637363,245.2324996948242,241.24899963378905,201.49275039672852,251.28116826765384,246.11133933098154,1.251388978200346,71.691659840728,95.1579173249366,261.9867566254971,228.47824276415133,4.718233197207384,2357761738,0.003300353887800922,0.033599975585937525,0.10144922068956475,0.9707494475434867,0.013351322642968774,261.29998779296875,1
2023-11-30,246.6899871826172,261.29998779296875,261.6499938964844,256.0,257.95001220703125,21687673,246.50749893188475,241.7159994506836,201.96900032043456,252.8225251177023,247.23642440223983,1.3341286055924053,74.26869108013938,98.64601072542729,264.05859773661746,228.95640012715205,4.784787532870027,2379449411,0.011222886861391057,0.03015964549798622,0.10814242752835646,2.2467688225668168,0.02162263360287998,268.95001220703125,1
2023-12-01,253.91229248046875,268.95001220703125,275.45001220703125,261.75,262.3500061035156,29121320,248.32499923706055,242.37099975585937,202.48750038146972,255.30367697759905,248.84483831370588,1.7654932432184927,79.55587314256935,83.60656116233078,267.2161995399272,229.43379893419393,5.453733024383775,2408570731,0.029276788256583197,0.06409500378647381,0.15627689230299735,2.703178705416264,0.0509388792906442,274.79998779296875,1
2023-12-04,259.4351501464844,274.79998779296875,279.0,273.25,276.0,20464526,250.302498626709,243.0429995727539,203.03400032043456,258.3031094107329,250.76744197883647,2.273857608977373,82.51465244297475,88.23525891859201,271.4502955884744,229.15470166494362,5.782036936425558,2429035257,0.021751163117383898,0.08231585033044664,0.16811897042707225,1.7805570327410825,0.020924309517553495,285.45001220703125,1
2023-12-05,269.48974609375,285.45001220703125,286.54998779296875,272.79998779296875,275.20001220703125,18883076,252.85749893188478,243.91699981689453,203.63125038146973,262.47955599477876,253.33652125499907,3.104979933488533,86.37940239461662,97.29069991630215,277.7028274411546,228.01217042261493,6.351177155252303,2447918333,0.0387555490798861,0.10832857983472288,0.21804994569082314,1.561071886521286,0.04816955478014622,281.1000061035156,0
2023-12-06,265.3829345703125,281.1000061035156,288.25,278.95001220703125,288.0,13415314,255.11999893188477,244.76,204.2117504119873,265.3442406268921,255.39307568822252,3.130488105902722,78.72544240903954,82.53969614327092,281.5489906557484,228.69100720802115,6.5618064865177645,2434503019,-0.01523911689434665,0.08784834652946993,0.19185922759798268,1.0732199728370104,0.03308426748857491,283.79998779296875,1
2023-12-07,267.9319763183594,283.79998779296875,288.25,281.29998779296875,281.8500061035156,25133786,257.352498626709,245.67699981689452,204.79150032043458,268.18358634475004,257.4972913996852,3.0924944898384013,79.91504652549884,89.13305851364106,285.49597964876324,229.20901760465478,6.6038198729439515,2459636805,0.009605057384661997,0.08610792595148165,0.1867028853691337,1.8747278282671138,0.02448912088079885,285.04998779296875,1
2023-12-08,269.112060546875,285.04998779296875,291.8999938964844,281.0,286.45001220703125,20815064,259.76999816894534,246.5849996948242,205.38650024414062,270.7784173367837,259.53823187326174,2.9171080066364308,80.45980585005614,84.64123876759594,288.6975511936841,230.84244514420658,6.910689446053981,2480451869,0.0044045104079140085,0.059862334468102185,0.2042669686020273,1.4912121985496765,0.03823888568064426,287.29998779296875,1
2023-12-11,271.2362670898437,287.29998779296875,288.5,284.3999938964844,286.04998779296875,8071675,262.2374977111816,247.52699951171874,205.99400016784668,273.32019740696603,261.5946582376845,2.7219693699167955,81.4358428200174,89.68608285250461,291.7130245617876,232.76197086057562,6.709926350158384,2488523544,0.007893352381527441,0.04548762938598583,0.2073964760565261,0.5907811253742297,0.01427081892697514,283.3999938964844,0
2023-12-12,267.5543518066406,283.3999938964844,288.6000061035156,280.8500061035156,287.45001220703125,8640883,264.26999740600587,248.40899932861328,206.5740001678467,274.8709353284304,263.2098682864845,2.1259977940649186,74.4903436471956,80.02349603163789,293.69617960201765,234.8438152099941,6.784217325147071,2479882661,-0.01357463996585595,-0.007181706858922943,0.16745620554679452,0.6346461381775554,0.027346507293259825,294.04998779296875,1
2023-12-13,277.6088256835937,294.04998779296875,294.8999938964844,284.5,284.75,23629670,266.6874969482422,249.5489990234375,207.20400009155273,277.82155878451323,265.4943215832611,2.2337343626968984,79.60561424641719,98.03239313990227,297.52454551932436,235.85044837716006,7.121058944779422,2503512331,0.03757937235656539,0.04606894844635567,0.19678466196689337,1.7052377024502818,0.035368115382499794,295.3999938964844,1
2023-12-14,278.8833923339844,295.3999938964844,298.5,293.6000061035156,297.75,24900443,269.09249649047854,250.54599884033203,207.84150009155275,280.5259334171242,267.7095565694258,2.1782992073145486,80.14901120765299,93.18679977249313,300.9906780321585,237.19431494879862,6.962411441329777,2528412774,0.004591076890185564,0.04087387809184051,0.19450056712963182,1.71091770068845,0.01658765740598308,305.1000061035156,1
2023-12-15,288.041015625,305.1000061035156,307.0,295.0,298.0,28843558,271.7299964904785,251.8239990234375,208.50075012207031,284.3065599842613,270.4792194978769,2.5514102768004445,83.5421453588028,96.43862478141466,306.2685881453369,237.19140483562018,7.322239195520507,2557256332,0.0328368734172364,0.07033860434721073,0.20903506528294535,1.9372690329667235,0.03933136597817238,303.20001220703125,0
2023-12-18,286.2472839355469,303.20001220703125,306.54998779296875,301.75,306.0,13307504,274.3099967956543,253.18499938964842,209.16425018310548,287.2132449416105,272.9029819207772,2.427466248999476,80.63473936757627,92.54904354319854,310.13342184751656,238.486571743792,7.142078381052525,2543948828,-0.006227446274910009,0.0553429345270986,0.2050874596651875,0.8712976209142951,0.01583109366661641,309.6499938964844,1
2023-12-19,292.336669921875,309.6499938964844,312.5,302.5,305.0,15650536,277.2399963378906,254.7009991455078,209.86450012207033,290.66505247312955,275.6249828078666,2.525818314743285,82.82049525258857,94.95574140970686,314.5301533555338,239.94983932024738,7.346215639548774,2559599364,0.021273025823788316,0.0926252666384606,0.2334195982170344,0.9942190808558646,0.03229452671438769,297.6499938964844,0
2023-12-20,281.0075988769531,297.6499938964844,313.3500061035156,295.1499938964844,312.5,23497233,279.6224960327148,255.94299896240236,210.49775009155275,291.7396588459534,277.2564651107272,1.5751539077652126,67.54546860283281,69.57362335280504,315.7162726595495,243.52871940588014,8.12148682294038,2536102131,-0.038753432057265225,0.012242837112614646,0.19059997558593755,1.417733185254279,0.061145683118544875,301.95001220703125,1
2023-12-21,285.06719970703125,301.95001220703125,303.1499938964844,293.20001220703125,295.79998779296875,17868637,282.03749694824216,257.28799926757813,211.14550018310547,293.31048243996537,279.08561674749046,1.0534606920111607,69.70188907844486,71.8865875492853,317.31101698465784,246.7639769118265,8.252093599119862,2553970768,0.014446559377529589,0.02217338674977154,0.19041994666973383,1.0386649592355104,0.0329524136022586,302.79998779296875,1
2023-12-22,285.8695983886719,302.79998779296875,308.95001220703125,299.6000061035156,304.0,15207726,284.5399963378906,258.6259991455078,211.80700012207032,294.7704063404274,280.8422368249333,0.605411612024298,70.12445528859345,73.98270395403776,318.21247638756125,250.86751628822,8.330515920862416,2569178494,0.002814954633466593,-0.00753857182738471,0.19802171233617716,0.86634700366243,0.030878489037154247,309.6000061035156,1
2023-12-26,292.2893981933594,309.6000061035156,310.70001220703125,304.6000061035156,306.45001220703125,9917180,287.3249969482422,260.04399932861327,212.4937501525879,297.05188322705635,282.97244195668014,0.6053466935251084,73.32926674886218,89.09883527513287,319.58410212903726,255.0658917674471,8.299766527519564,2579095674,0.02245712874729766,0.021108158439368196,0.2193777611107004,0.5605384815768018,0.019702861703032624,306.04998779296875,0
2023-12-27,288.9378967285156,306.04998779296875,312.25,303.54998779296875,311.6000061035156,12630732,289.7499969482422,261.33299896240237,213.17000007629395,298.4362070064275,284.6818897964052,0.2241781065369537,69.15830517661091,77.5384051983173,319.915244990539,259.5847489059454,8.328355504627542,2566464942,-0.011466467185274887,-0.011626049328194443,0.1883129578673739,0.7010765611192501,0.02842676867844373,313.8999938964844,1
2023-12-28,296.3489685058594,313.8999938964844,315.5,307.75,309.1000061035156,37591916,292.5249969482422,262.7699987792969,213.87650001525878,300.8152511433593,286.84619380381844,0.3511345888444328,72.83749914066433,95.38237695424829,320.79546956021437,264.25452433627,8.40847384051352,2604056858,0.025649424658124254,0.054594323309985926,0.21478328680701675,1.9313638248849179,0.024689392006027683,311.1499938964844,0
2023-12-29,293.7527160644531,311.1499938964844,314.3500061035156,308.1499938964844,314.3500061035156,12682889,295.01749725341796,264.1239987182617,214.5482499694824,302.40521156691705,288.64647529216404,0.11265081924524445,69.7006152565041,87.44586761974298,320.4880145927671,269.5469799140688,8.250726580979073,2591373969,-0.008760752002138883,0.03046855875980281,0.19077691707744138,0.6670400854576132,0.019926120291340627,309.75,0
2024-01-01,292.4310302734375,309.75,313.29998779296875,307.79998779296875,312.0,8024960,297.05749664306643,265.3999987792969,215.20274993896484,303.5351790181606,290.20969934459634,-0.2564846255548119,68.09284847643956,83.405480482398,320.28694854365835,273.8280447424745,8.054246110909139,2583349009,-0.0044994180425731445,0.02295248509647596,0.15170100740341996,0.44685228277283046,0.01775625504439064,306.0,0
2024-01-02,288.89068603515625,306.0,310.79998779296875,302.04998779296875,310.79998779296875,13506040,298.617497253418,266.67999877929685,215.83549995422362,303.9143822461359,291.37935124499666,-0.8375466383838397,63.844687055721835,69.35483870967742,319.7548424320359,277.48015207480006,8.103942817272772,2569842969,-0.01210653753026636,-0.011627926461706739,0.11353716736893382,0.7669118829771112,0.028594771241830064,306.20001220703125,1
2024-01-03,289.0795593261719,306.20001220703125,308.0,303.29998779296875,307.20001220703125,14259987,299.65499725341795,268.0139990234375,216.4627500152588,304.26601762473524,292.4771779829252,-1.2669903981704351,63.97378758762323,58.29599603681818,320.13191377703134,279.17808072980455,7.860804916541235,2584102956,0.0006536346635008794,0.0004901957851537464,0.07269223721367513,0.820492638210838,0.015349484061592483,317.1000061035156,1
2024-01-04,299.3701171875,317.1000061035156,321.75,308.6000061035156,310.8999938964844,40057506,301.45499725341796,269.5359991455078,217.14975006103515,306.24047739070147,294.30109117704296,-0.8931550610575876,70.21546318884565,83.71279900291387,321.41376068596657,281.49623382086935,8.410032264857486,2624160462,0.03559762724344551,0.010194368490770156,0.12806830031424088,2.140750753681632,0.04146954791351101,314.95001220703125,0
2024-01-05,297.3403015136719,314.95001220703125,325.6499938964844,312.70001220703125,322.8999938964844,27456415,303.0124984741211,271.10399932861327,217.8350001525879,307.58040582398297,295.83064088296805,-0.8662210669609429,67.72307927114915,67.02623196569992,322.0580284340989,283.96696851414333,8.734314366614317,2596704047,-0.006780176143492467,0.01221281820693565,0.10976048539081096,1.4582735609635842,0.04111757798866349,316.45001220703125,1
2024-01-08,298.7564392089844,316.45001220703125,318.3500061035156,312.6000061035156,316.45001220703125,10136462,304.5824996948242,272.79199951171876,218.52625022888185,308.94496065214423,297.35800172178756,-0.8232216620953512,68.56153892522615,71.64873072195508,322.59515061562706,286.56984877402135,8.521149054713295,2606840509,0.0047626605552058,0.021630386463377782,0.11015620332833786,0.5540837390088046,0.018170326364968424,319.75,1
2024-01-09,301.8719177246094,319.75,321.45001220703125,316.04998779296875,317.8500061035156,12229517,306.20500030517576,274.5539996337891,219.22700019836427,310.6072743979682,299.0166682609144,-0.6556595643185936,70.38425290452801,81.81819036772526,323.53125581080315,288.8787447995484,8.298211580381095,2619070026,0.010428148730200704,0.04493464052287588,0.11294818512284466,0.6609838832631066,0.016888270255082095,313.3500061035156,0
2024-01-10,295.82977294921875,313.3500061035156,319.75,308.0,319.6499938964844,14455000,307.70250091552737,276.08899963378906,219.90900024414063,311.0292331218985,300.07839698999595,-1.0363436555758394,62.78196894975827,62.09554781669881,321.75332493569925,293.6516768953555,8.54476789606816,2604615026,-0.020015618128176316,0.023350730279037446,0.10568106158100665,0.7691818324593674,0.03749800469484711,312.8999938964844,0
2024-01-11,295.4049377441406,312.8999938964844,317.29998779296875,312.3500061035156,314.95001220703125,10316319,308.64500122070314,277.6549993896484,220.59350021362306,311.31704247183484,301.0281449089951,-1.3586257797109447,62.27264358750621,51.055639252770014,321.37280511964445,295.9171973217618,8.287997452738514,2594298707,-0.0014361327533614077,-0.013245071353483961,0.06410476750907845,0.5691125428834777,0.015819692508817082,312.6499938964844,0
2024-01-12,295.1688842773437,312.6499938964844,315.29998779296875,309.70001220703125,315.20001220703125,12341629,309.50750122070315,279.19199920654296,221.2712501525879,311.52211192178095,301.88902261177213,-1.611547226033494,61.97185919735879,44.91526848349659,320.7832857412053,298.231716700201,8.095995890824156,2581957078,-0.000798977324629524,-0.007302804322595113,0.05839539727967913,0.7052727258523934,0.017911324788931874,317.29998779296875,1
2024-01-15,299.55889892578125,317.29998779296875,318.0,309.6000061035156,314.8999938964844,9706124,310.1175003051758,280.88599884033204,221.98600006103516,312.4110159019637,303.0305755881571,-1.491356977788552,65.32654722988448,64.61862735589823,321.6896344114998,298.54536619885175,8.1177100340856,2591663202,0.014872841795173564,0.002685971095433004,0.03998682872957349,0.5867487303212273,0.026473350834054193,311.5,0
2024-01-16,294.08319091796875,311.5,317.25,310.1499938964844,317.25,10162832,310.5324996948242,282.410998840332,222.6705000305176,312.27085960935386,303.65794035940473,-1.8071024333168317,58.40566585152422,40.042414250153556,321.66970412703057,299.3952952626178,8.04858745282837,2581500370,-0.01827919324331373,-0.025801407349491767,0.027374628821918767,0.620252863262224,0.022792956993629616,309.29998779296875,0
2024-01-17,292.0061950683594,309.29998779296875,314.1000061035156,307.1000061035156,309.75,13502940,310.51499938964844,283.9099984741211,223.3534999847412,311.8138024068331,304.075869798928,-2.145671260288717,55.98290885726977,30.720331038049977,321.6587936870525,299.3712050922444,7.973688349054915,2567997430,-0.007062639508928603,-0.012924902606221589,-0.0011303281460184333,0.8295410978897125,0.022631750004094665,299.29998779296875,0
2024-01-18,282.5653076171875,299.29998779296875,311.29998779296875,296.54998779296875,308.95001220703125,32481018,310.59749908447264,285.17899810791016,223.99374992370605,309.88860015854624,303.72210076144955,-2.9736835768776775,46.53394221914626,9.450169839200711,321.3775988195945,299.8173993493508,8.457710609836706,2535516412,-0.03233107143442093,-0.04346438596612712,0.005543403091949006,1.9418558602283524,0.049281659210099416,308.45001220703125,1
2024-01-19,291.2037353515625,308.45001220703125,309.45001220703125,301.70001220703125,303.79998779296875,28651237,310.92249908447263,286.56499847412107,224.67599998474122,309.66727893523625,304.0723164240852,-2.836176370258661,54.15819821961703,40.89354611037293,321.00984682398405,300.8351513449612,8.578590167281407,2564167649,0.030571415927994394,-0.013433493591698875,0.02152674196794968,1.659409669097041,0.025125627146346845,302.6000061035156,0
2024-01-23,285.6808166503906,302.6000061035156,315.29998779296875,300.29998779296875,313.45001220703125,21652362,310.9125,287.88299865722655,225.31900001525878,308.58000619189465,303.9632564003393,-3.0515112718834576,49.316169174275174,20.790436569069865,321.032377688913,300.79262231108703,9.037262298189878,2542515287,-0.018965815762682192,-0.04632833991485852,-0.0006604415373684391,1.2310764917857422,0.0495703889538875,308.8500061035156,1
2024-01-24,291.58135986328125,308.8500061035156,310.70001220703125,298.25,302.95001220703125,23922028,310.875,289.30099884033206,225.9877500152588,308.6215446398363,304.3252378598338,-2.6975634267490607,54.04352481521751,42.26809529452603,321.019582180036,300.730417819964,9.281030148821404,2566437315,0.020654328730786542,-0.008507203520013995,-0.0024224805723978005,1.3080440984444692,0.040310869227758554,314.75,1
2024-01-25,297.1514587402344,314.75,317.20001220703125,309.20001220703125,310.0,32525422,311.31000061035155,290.74099884033205,226.6725,309.5643839260153,305.0974424628091,-2.0215429948363104,58.023758922039114,62.54298415708055,321.3351002070578,301.2849010136453,9.214528431299565,2598962737,0.01910310435450313,0.01762047339839934,0.028426768678443626,1.6867293715797484,0.025416997617156472,324.54998779296875,1
2024-01-29,306.403564453125,324.54998779296875,325.75,316.1499938964844,317.79998779296875,24694773,311.8425003051758,292.31799865722655,227.41574996948242,311.8698614440081,306.53837174652466,-0.9255958084472367,63.65456344645636,95.89037087202898,323.3788011550435,300.3061994553081,9.342062114778168,2623657510,0.031135783297756126,0.08436351830881428,0.03392798376414263,1.3249496345503684,0.029579437573849156,315.45001220703125,0
2024-01-30,297.8123474121094,315.45001220703125,323.95001220703125,314.5,321.8500061035156,20918448,312.0575012207031,293.68099884033205,228.11700004577636,312.4206538690886,307.1984932621177,-0.8279399191678491,56.12572091694401,64.7260839483877,323.69400632847226,300.42099611293395,9.392628234648924,2602739062,-0.02803874881592172,0.022694114841861568,0.013819760227851585,1.0980783229873725,0.02995724153223099,317.5,1
2024-01-31,299.7477111816406,317.5,320.0,312.6000061035156,318.54998779296875,20931224,312.44500122070315,294.9839987182617,228.81650001525878,313.2020917353827,307.9615678352942,-0.6476613008401984,57.34954246407749,71.74658715377717,324.26307518979627,300.62692725161,9.250297210494313,2623670286,0.00649861376966232,0.049239899523952024,0.025020177562550483,1.0627487687248474,0.02330706739050197,322.0,1
2024-02-01,303.9960632324219,322.0,326.95001220703125,317.1000061035156,320.04998779296875,24020951,313.2450012207031,296.3919985961914,229.5359999847412,314.55561608378537,309.0014516993465,-0.26721665319183785,59.987966802319335,83.71707818516927,325.37178416287105,301.11821827853515,9.293133559995836,2647691237,0.014173228346456623,0.04257728229436064,0.05228758169934644,1.187914578199435,0.030590081066818712,332.5,1
2024-02-02,313.9090270996094,332.5,333.70001220703125,323.1000061035156,324.0,32346639,314.56000061035155,298.02099853515625,230.31949996948242,317.31629053243375,310.7420849068023,0.6022596704005991,65.37094969878129,96.76982121557636,328.8556850117695,300.2643162089336,9.465053463355506,2680037876,0.032608695652173836,0.05639396346306591,0.08589153084418077,1.5311697876261743,0.03187971760455827,336.1000061035156,1
2024-02-05,317.3077392578125,336.1000061035156,341.04998779296875,333.04998779296875,338.0,19651482,315.51000061035154,299.74299865722656,231.1347499847412,320.2060929279848,312.6204494398922,1.290958026289399,67.00971610894544,88.87644564167837,332.60563263297615,298.4143685877269,9.399691629756452,2699689358,0.010827086025610999,0.03558779462322659,0.0599180057845774,0.977435666939935,0.02380243931782636,334.20001220703125,0
2024-02-06,318.5947265625,334.20001220703125,336.0,329.0,336.0,12024661,316.4725006103516,301.3539990234375,231.9577500152588,322.3590035862996,314.2189355707914,1.4763060429639694,65.25453937694552,84.60679643609551,335.40278319005495,297.5422180306482,9.235428377882107,2687664697,-0.005653061178163776,0.05943889451395634,0.06112081045847395,0.6219581445384996,0.020945540826801702,330.70001220703125,0
2024-02-07,315.2581481933594,330.70001220703125,337.8999938964844,329.6499938964844,337.8999938964844,8080437,317.18500061035155,302.91299926757813,232.76075004577638,323.6422356817968,315.4397560623647,1.2309741175103106,62.031286456681855,76.74162789676966,337.1050731415572,297.2649280791459,9.165040636604813,2679584260,-0.01047277041340089,0.0415748415969488,0.04503080881753041,0.420183097206627,0.024947081026520115,330.8999938964844,1
2024-02-08,315.4487609863281,330.8999938964844,335.25,328.0,333.95001220703125,17754869,317.7425003051758,304.45299926757815,233.5797499847412,324.7588138686718,316.58495886489214,0.9618796014862792,62.146339579312546,77.19102495172051,338.52399278775584,296.9610078225957,9.02825201970447,2697339129,0.0006047223528009571,0.027639732597777522,0.034870973874853384,0.9101784499910602,0.021909942984973344,324.8999938964844,0
2024-02-09,309.7289733886719,324.8999938964844,335.0,319.6000061035156,332.95001220703125,18304439,318.3199996948242,305.79999938964846,234.35574996948242,324.7805338729506,317.20088738575083,0.29413686792515037,56.6043229043141,62.26635863868746,339.2227160126369,297.41728337701153,9.483376439474464,2679034690,-0.01813236660825379,-0.022857161213580834,0.03685970182861009,0.9291833149177143,0.04739918185837495,316.1499938964844,0
2024-02-12,301.38751220703125,316.1499938964844,326.70001220703125,314.5,326.1499938964844,11714289,318.48249969482424,306.95499938964844,235.08799995422362,323.4527584919558,317.12304342358294,-0.7646356407214148,49.65058762983262,41.82242757420836,339.26432870300135,297.70067068664713,9.677421851442805,2667320401,-0.02693136400238838,-0.05935736936846958,0.01038670522018359,0.5925468050096963,0.03858931659832911,321.54998779296875,1
2024-02-13,306.5353698730469,321.54998779296875,323.95001220703125,315.8999938964844,318.54998779296875,15426888,318.92749938964846,308.1599993896484,235.84099990844726,323.1600245382655,317.4509652287226,-1.1082331196411523,53.45114631771461,54.43923934201801,339.5713989699229,298.28359980937404,9.561178741378809,2682747289,0.01708048078676372,-0.03785165754639774,0.028466317192480384,0.7743001689426621,0.025035044677811997,328.0,1
2024-02-14,312.6842041015625,328.0,329.3500061035156,318.3500061035156,320.8999938964844,14085723,319.4625,309.3409991455078,236.62549987792968,323.9046361477631,318.2323752117802,-0.9160251945609019,57.570878877205054,59.02669451737156,340.4614995460176,298.46350045398236,9.66395168842318,2696833012,0.02005912751327532,-0.008164536157745705,0.03372206939387845,0.6992989908553713,0.03353658536585366,339.25,1
2024-02-15,323.4089050292969,339.25,340.8999938964844,330.1499938964844,331.0,21973316,320.85,310.62999938964845,237.4724998474121,326.2654613557995,319.7892363072039,-0.08964886555853635,63.6188907984848,93.67314955553721,343.1857584812705,298.51424151872953,9.89509756042755,2718806328,0.03429878048780477,0.025234228641683787,0.0890850722311396,1.0598152361483313,0.03168754605747973,337.75,0
2024-02-16,321.9788818359375,337.75,342.95001220703125,336.79998779296875,341.8999938964844,20307449,322.2725006103516,311.67599914550783,238.3064998626709,328.0323134549073,321.11966324741104,0.2774210346736883,62.34286694548771,82.86652006165856,345.10303977593696,299.4419614447662,9.627592335687188,2698498879,-0.004421518054532059,0.03955065049219342,0.09198193769756746,0.9636539724501516,0.018208806555329384,338.75,1
2024-02-19,322.9322509765625,338.75,341.8999938964844,337.5,340.3999938964844,8496898,324.2450012207031,312.8289990234375,239.14024986267088,329.6811883079985,322.4256141179732,0.496276013762186,62.87743633308421,86.16141231502178,345.5622433537321,302.92775908767413,9.254192447172702,2706995777,0.002960769800148144,0.07148507524853986,0.13180759711330015,0.42753458957740226,0.01298891187154059,345.70001220703125,1
2024-02-20,329.5577392578125,345.70001220703125,346.5,337.79998779296875,340.6000061035156,19340526,326.1075012207031,314.06699951171873,239.99074989318848,332.14562275400357,324.1496436060516,0.9893447773510848,66.44286652884358,97.50003814697266,348.07830800731136,304.13669443409486,9.214608144305455,2726336303,0.020516641201568264,0.07510503912570998,0.12076511112276389,0.9964904704405583,0.025166363609559338,336.1000061035156,0
2024-02-21,320.40594482421875,336.1000061035156,348.04998779296875,334.70001220703125,347.0,17751633,327.7825012207031,315.0879998779297,240.78949989318846,332.7539894231593,325.0348556429008,0.5699995277260594,58.136794633901566,64.38156173649176,347.30027302703786,308.2647294143684,9.509991532993459,2708584670,-0.027769759226292434,0.02469514055949884,0.11070720199701545,0.9239095542443695,0.039720247972342596,339.54998779296875,1
2024-02-22,323.6948547363281,339.54998779296875,340.25,330.6000061035156,339.0,16083122,329.31750030517577,316.1329998779297,241.60549980163574,333.7995276338992,326.11005061697995,0.4322742115094611,60.068720748233055,74.66467036455558,347.4151631736251,311.21983743672644,9.519991701814238,2724667792,0.01026474747635242,0.000884267628500357,0.09940094247290898,0.8545007438225645,0.02841995065058931,337.75,0
2024-02-23,321.9788818359375,337.75,340.0,334.8500061035156,340.0,9665454,330.4675003051758,317.22,242.42299980163574,334.40729261329926,326.97226908979627,0.1422565744745805,58.550530074685696,69.29957812048035,347.61434836808314,313.32065224226847,9.207849001433532,2715002338,-0.005301098093592804,0.0,0.07307386814932482,0.5467299798702798,0.015247946399657661,337.6000061035156,0
2024-02-26,321.8359680175781,337.6000061035156,338.5,334.54998779296875,338.0,7711995,331.1200012207031,318.09100036621095,243.22574981689453,334.8984793041018,327.7595088685903,-0.12303721081352048,58.41803078196749,68.85250226039372,348.30960580136804,313.93039664003817,8.832289230404799,2707290343,-0.0004440973989174868,-0.0033948159305812187,0.04020957880568932,0.4582420660113633,0.011700272913561764,336.1000061035156,0
2024-02-27,320.40594482421875,336.1000061035156,338.0,334.1000061035156,336.1000061035156,8882923,332.15250091552736,318.9050006103516,244.02624984741212,335.0833295809347,328.37732347858474,-0.44480123518007897,57.02815994317374,64.38156173649176,347.87091883048356,316.43408300057115,8.479982420839054,2698407420,-0.0044431278817573805,-0.027769759226292434,0.0654620164761055,0.5473910581752454,0.011603671007620315,333.29998779296875,0
2024-02-28,317.7367248535156,333.29998779296875,336.5,331.79998779296875,335.70001220703125,12977628,332.94250030517577,319.4690002441406,244.80749977111816,334.808969305863,328.74196527965023,-0.8670426490537917,54.425117778180116,56.035751514964076,347.15152751387336,318.7334730964782,8.209984548424211,2685429792,-0.008330908240699375,-0.008330908240699375,0.04976374108021653,0.8198088320048139,0.014101447282232397,335.6000061035156,1
2024-02-29,319.9292907714844,335.6000061035156,336.0,330.6000061035156,333.29998779296875,13149469,333.62250061035155,320.1170001220703,245.58774978637695,334.9306672747326,329.24996830364023,-1.0026781633393327,56.19392808925518,62.89124822852444,346.94585069151503,320.29915052918807,8.009270930428508,2698579261,0.006900745258879404,-0.011632990226645212,0.042236043799738,0.86020186972917,0.01609056554909224,343.5,1
2024-03-01,327.4603881835937,343.5,344.3500061035156,335.0,335.6000061035156,13027254,334.17250061035156,320.79400024414065,246.43049980163573,336.249026155543,330.3055262070743,-0.5919017487704377,61.69327233220066,85.84762470680813,348.1568724124631,320.18812880824004,8.10503772850616,2711606515,0.023539909871299614,0.01702442635085122,0.03308270676691727,0.909691233163957,0.027219813984033843,353.8500061035156,1
2024-03-04,337.3271484375,353.8500061035156,358.29998779296875,345.75,348.0,38075510,335.06000061035155,321.9180004882812,247.3199998474121,338.95686922446185,332.04956175495886,0.2975246178110984,67.45732992054846,88.86111707373341,351.46456761777836,318.65543360292475,8.583248447396345,2749682025,0.03013102213541674,0.04813388538570518,0.05281166223642719,2.4981104253877997,0.035466970683893005,358.25,1
2024-03-05,341.521728515625,358.25,359.95001220703125,353.54998779296875,354.8999938964844,15918221,336.2625,323.04400024414065,248.2239998626709,341.9250431899293,333.9903349582952,1.0599403039537538,69.55467559397326,94.29526455549332,355.5169306044179,317.0080693955821,8.427303873586785,2765600246,0.012434629986122436,0.06590298570141173,0.0719628573145299,1.0312131574001524,0.017864687827110957,351.95001220703125,0
2024-03-06,335.515869140625,351.95001220703125,359.45001220703125,345.0,359.45001220703125,13120921,337.325,324.02700073242187,249.10374992370606,343.46734611563727,335.3206814211645,1.0175174134339287,63.26731258375218,72.74276546388269,357.55489932402304,317.09510067597694,8.857497325975675,2752479325,-0.017585450922452894,0.05595567085843123,0.06425763294709719,0.8363439842390566,0.041057001579335554,352.20001220703125,1
2024-03-07,335.7541809082031,352.20001220703125,353.8999938964844,349.70001220703125,352.0,9172926,338.39000091552737,324.8790008544922,249.98924995422362,344.81083320662094,336.57100222011763,0.8885469643715904,63.40866571601126,73.59455404313636,359.38307062449644,317.3969312065583,8.524817637652635,2761652251,0.0007103281469782452,0.0494636644863331,0.06436995679489255,0.6011355990668319,0.011924990187065295,347.95001220703125,0
2024-03-11,331.7026672363281,347.95001220703125,353.1499938964844,346.70001220703125,352.25,10664917,339.54250183105466,325.7170013427734,250.8625,345.2937838220687,337.4138918487779,0.4228863609272633,59.23547517108771,59.11414819582403,359.96990126584416,319.1151023962652,8.376615069924098,2750987334,-0.012067006963934368,0.012954911810862502,0.07094496381520643,0.7168558095189661,0.01853709286728051,344.75,0
2024-03-12,328.6520690917969,344.75,349.45001220703125,342.54998779296875,348.0,9637912,340.97250213623045,326.33400146484377,251.71574996948243,345.2101247725197,337.9573072673869,-0.16335048578460132,56.23445129694852,48.211212790137886,358.4390635070141,323.5059407654468,8.271144308791126,2741349422,-0.009196758427262863,-0.025717128575810988,0.0904634086846765,0.6523768677762398,0.02001457407994924,322.5,0
2024-03-13,307.4410095214844,322.5,344.5,319.5,343.8500061035156,23722232,341.020002746582,326.5610015869141,252.4575,341.7162594229013,336.8123215438768,-2.009784089514298,40.76853273825307,7.41656142066262,358.27895970345463,323.7610457897094,9.483919715306046,2717627190,-0.06453952139231323,-0.09979064898813672,0.0029544775092416042,1.5618752418164574,0.07751937984496124,321.8500061035156,0
2024-03-14,306.82135009765625,321.8500061035156,326.95001220703125,316.5,321.04998779296875,20859127,340.71250305175784,326.80300170898437,253.19200004577635,338.6599127583804,335.7040018816278,-3.1662488734289473,40.41881250965095,12.313014040189076,359.07243308824627,322.3525730152694,9.552926321857845,2696768063,-0.002015484950339097,-0.08552352623817949,-0.018749981391720683,1.3434124483636833,0.03246857855789583,316.29998779296875,0
2024-03-15,301.530517578125,316.29998779296875,326.04998779296875,305.75,322.6499938964844,43285007,339.56500244140625,327.0090014648438,253.90099998474122,335.21992430216324,334.2666675046901,-4.135122362166731,37.46368650589538,19.464917743321326,360.79202290021215,318.33798198260035,10.320573569794337,2653483056,-0.01724411435543627,-0.10193078696703639,-0.0676492622167465,2.608700339975344,0.06417954023525262,317.1499938964844,1
2024-03-18,302.3408508300781,317.1499938964844,322.8999938964844,314.95001220703125,317.1000061035156,13690352,338.53500213623045,327.22800109863283,254.61424995422362,332.4399350089819,332.99876575593413,-4.5177679252737155,38.208815199710585,21.033194333866735,361.905292461454,315.1647118110069,10.151245578341394,2667173408,0.0026873415628203556,-0.08851851481534301,-0.06099187595415434,0.8418769786348339,0.02506694574318026,313.45001220703125,0
2024-03-19,298.8136291503906,313.45001220703125,317.8999938964844,310.1000061035156,314.29998779296875,13388060,337.270002746582,327.1550012207031,255.3,329.51840842406637,331.5507099374969,-4.79299095340159,36.18756274748642,14.206661388966152,363.0694538104189,311.4705516827451,9.983298593671918,2653785348,-0.011666346399681116,-0.09079039243790787,-0.07468631082795207,0.81108988020905,0.024884311658016207,313.6499938964844,1
2024-03-20,299.0042419433594,313.6499938964844,317.45001220703125,308.29998779296875,316.0,10026655,335.66750183105466,327.1290008544922,255.98424995422363,327.0771138813614,330.224730971496,-4.726645224084522,36.38344832208444,14.575631212606122,363.10301877849594,308.2319848836134,9.923779009414103,2663812003,0.0006380018556868539,-0.02744187939074616,-0.0927104922731472,0.6250811263460474,0.029172723073867913,325.0,1
2024-03-21,309.82427978515625,325.0,326.3500061035156,317.0,317.25,23370426,335.1125015258789,327.30000061035156,256.7399999237061,326.7575578996135,329.8377138624963,-3.7273472774661633,46.43374637039785,35.516597166933366,362.9369008166512,307.2881022351066,10.122081380672471,2687182429,0.03618685262038146,0.009787148785920019,-0.03302590271330408,1.431879303560939,0.028769249549278845,324.75,0
2024-03-22,309.5859680175781,324.75,327.25,321.1499938964844,324.5,14709219,334.3725021362305,327.4000006103516,257.4917499542236,326.4487028381345,329.46084616897804,-2.9274677163415257,46.26038725681949,35.0553426582719,362.47134250743187,306.2736617650291,9.834790289446982,2672473210,-0.0007692307692307443,0.026715183475005677,-0.043587066190656554,0.905026185502047,0.01878369854816205,329.1000061035156,1
2024-03-26,313.7328186035156,329.1000061035156,330.29998779296875,320.1000061035156,320.1000061035156,11208959,333.94000244140625,327.7150006103516,258.2644999694824,326.8565956481932,329.4341172752401,-1.994276810035934,49.774167811515674,43.08118237007792,362.0838285988641,305.7961762839484,9.86087538944742,2683682169,0.013394937963096654,0.03767937076149419,-0.025610640700175824,0.6864034813159802,0.030993562747746676,331.6000061035156,1
2024-03-27,316.1161193847656,331.6000061035156,334.1000061035156,326.29998779296875,332.0,45209520,333.64000244140624,328.0890008544922,259.05199996948244,327.5863511028582,329.594553484742,-1.1399660518982553,51.7276669219627,48.137803030389136,361.74927034350833,305.53073453930415,9.713671312383095,2728891689,0.007596475094605815,0.0579039501982741,-0.017772511527029633,2.4833761578823075,0.023522370829245225,335.79998779296875,1
2024-03-28,320.1199645996094,335.79998779296875,340.0,330.29998779296875,331.8999938964844,19868037,333.62500152587893,328.5520007324219,259.8539999389648,328.84998751672134,330.05421528535135,-0.26879315091557565,54.901200717459545,62.40912066899103,361.7293219343598,305.52068111739806,9.71269566200082,2748759726,0.012665807033013232,0.07062009988048867,-0.0008926459538786125,1.0593959909902666,0.028886279212766416,342.3500061035156,1
2024-04-01,326.3641662597656,342.3500061035156,344.3999938964844,336.1499938964844,339.0,8580656,334.07750244140624,329.0530010986328,260.67899993896486,330.9269134531512,330.96501460521534,0.7178667725202289,59.38560377383269,77.21521269273882,362.4365893713302,305.7184155114823,9.633217836394735,2757340382,0.019505713367045097,0.05338463416466355,0.027152771203125203,0.46296166306855696,0.024098144743439746,344.79998779296875,1
2024-04-02,328.69970703125,344.79998779296875,345.6000061035156,340.75,343.0,9745257,334.5375015258789,329.7190008544922,261.4927498626709,333.0612325823539,331.9898274339378,1.4618984584003705,60.94971930487088,89.35921483949993,363.2763628431056,305.7986402086522,9.2915598554748,2767085639,0.007156365257117381,0.0617397622570246,0.02741353254509593,0.5306701159260091,0.014066143489621456,351.25,1
2024-04-03,334.8485717773437,351.25,354.1000061035156,342.0,344.3500061035156,21679943,334.9250015258789,330.5580010986328,262.3349998474121,335.859504492761,333.41650688327576,2.266792735575621,64.79378295760455,94.10546898915821,364.33788594887557,305.5121171028822,9.492163158906285,2788765582,0.01870653258521604,0.06730475079212628,0.022561863173216956,1.153391353096457,0.0344484159530694,354.6499938964844,1
2024-04-04,338.0897827148437,354.6499938964844,362.7000122070313,352.6499938964844,355.0,28962927,334.96500091552736,331.6650012207031,263.17974983215333,338.7503490164108,334.98935777314307,2.867829095486468,66.65704030365308,85.86476455653325,364.48271213146086,305.44728969959385,9.632009519486644,2817728509,0.00967969792593415,0.06951142149790313,0.002260810454062012,1.579130167897514,0.028337849946447037,354.54998779296875,0
2024-04-05,337.9944152832031,354.54998779296875,358.20001220703125,351.54998779296875,356.3999938964844,11208130,334.7800003051758,332.58700073242187,264.0257497406006,341.1810626743428,336.4382933301672,3.0796857571154854,66.54548117789798,85.68916125174015,363.7529960123694,305.8070045979822,9.41901058338492,2806520379,-0.00028198535242274225,0.05583680965337012,-0.01032801732597699,0.6190435714878212,0.01875623929775913,363.5,1
2024-04-08,346.52655029296875,363.5,366.0,353.25,355.6000061035156,11447140,335.35749969482424,333.80500061035156,264.90724975585937,344.6147453398285,338.4428641945993,3.6070380465352976,71.19224219866291,95.6672452840567,366.0838120804824,304.6311873091661,9.656938398857424,2817967519,0.025243301410737606,0.06177886233216334,0.03281712570640449,0.6351804744170251,0.035075653370013754,362.8999938964844,0
2024-04-09,345.9545288085937,362.8999938964844,366.8999938964844,360.3500061035156,365.0,10010148,335.8924987792969,334.88600036621096,265.7882497406006,347.42786050239096,340.2545034317759,3.6868111775368932,70.48541776813647,93.17406214440646,368.1096545905169,303.67534296807685,9.43501335557966,2807957371,-0.001650635773082887,0.05249421909603891,0.030380412602494244,0.554157271782255,0.018049015990992564,362.5,0
2024-04-10,345.5732421875,362.5,368.3500061035156,361.3500061035156,364.1000061035156,12886638,336.6199981689453,335.84100036621095,266.65974975585937,349.7466511943308,341.90231799238506,3.4862298470940667,69.98656094846027,90.25811104126149,370.50721117542633,302.73278516246427,9.261083830181112,2795070733,-0.0011022152196521473,0.03202846975088969,0.04181631637452421,0.7090381060090164,0.019310344827586208,361.75,0
2024-04-12,344.8582763671875,361.75,374.5,361.0,362.5,30924494,337.4699981689453,336.5850006103516,267.5392497253418,351.5933202413569,343.3725166596158,3.090160181511499,69.0004603865868,77.82608695652173,372.9458662738669,301.99413006402375,9.563863556596747,2764146239,-0.002068965517241339,0.020019755324140798,0.049311094996374205,1.6073734997083173,0.03731859018659295,361.1499938964844,0
2024-04-15,344.28631591796875,361.1499938964844,366.0,352.79998779296875,355.5,18126999,339.40249786376955,337.49900024414063,268.4074996948242,353.06357772676114,344.6893668253098,2.594854000977448,68.17290429981739,75.45954485046666,375.60922745940434,303.19576826813477,9.823588460199213,2746019240,-0.0016586208804855174,0.018615163815403957,0.11984494231468013,0.9560963758491593,0.03654994442783997,359.25,0
2024-04-16,342.4750061035156,359.25,361.9500122070313,354.6000061035156,361.0,15328939,341.2724975585937,338.3340002441406,269.26624969482424,354.01533499956713,345.76793224565716,1.9744366827488413,65.4941719321522,71.96690861947773,377.5231023451021,305.0218927720854,9.64690400615039,2730690301,-0.005260955084022467,-0.011691884456671242,0.1162031790810516,0.8204807211874929,0.02045930717749668,351.1499938964844,0
2024-04-18,334.75323486328125,351.1499938964844,361.25,349.20001220703125,359.54998779296875,22966560,343.0149978637695,338.9170001220703,270.0994996643066,353.57451329140054,346.1666034790518,0.9079549929500983,55.48475020017772,51.55601620343696,377.6090559679531,308.4209397595859,9.818552848065988,2707723741,-0.02254698984973036,-0.03237806612736305,0.11018023221147377,1.299972896571279,0.03431578528382652,350.54998779296875,0
2024-04-19,334.1812438964844,350.54998779296875,352.3999938964844,343.0,343.1000061035156,12867942,344.68499755859375,339.2779998779297,270.9187496185303,353.10920167625716,346.491298613416,0.09435859475400044,54.81644900694033,45.81446698509887,377.2909600316426,312.0790350855449,9.788655780095874,2694855799,-0.0017086889191075816,-0.03296555091594833,0.10531292618402488,0.730061518314274,0.026814988514664892,342.8999938964844,0
2024-04-22,326.8884582519531,342.8999938964844,355.0,341.8999938964844,355.0,37382916,346.1574966430664,339.41399963378905,271.70874961853025,351.53855432552285,346.2252760417914,-0.9682129474845613,47.03731537599873,17.601040223514367,375.4830513728761,316.8319419132567,10.025180803197285,2657472883,-0.021822833156115773,-0.05210782613273146,0.09395431661365405,1.9857515907780825,0.0382035763683049,347.1499938964844,1
2024-04-23,330.9399719238281,347.1499938964844,348.6499938964844,344.0,346.0,14651106,347.8324966430664,339.6729992675781,272.5142495727539,350.86339118259383,346.29377366065756,-1.3694989674237963,51.182187822368086,18.96294487847222,373.08353866922573,322.5814546169071,9.71981074582605,2672123989,0.012394284268441913,-0.03876505672602282,0.10680695250087013,0.7688125861313384,0.013394768769233921,351.6499938964844,1
2024-04-24,335.2298889160156,351.6499938964844,353.1499938964844,347.29998779296875,349.79998779296875,11132307,349.1649963378906,340.09199890136716,273.3269995117187,350.98440698473087,346.6905307151632,-1.3161921758339323,55.181681418308436,29.907969860620817,372.168539067759,326.1614536080222,9.454109978267045,2683256296,0.012962696468725499,-0.021155201401574453,0.08199998121995189,0.6035441731256342,0.016635877164945148,359.20001220703125,1
2024-04-25,342.4273376464844,359.20001220703125,360.6000061035156,349.1000061035156,351.0,19865014,350.8874969482422,340.65799926757813,274.1772496032715,352.24834624970015,347.61715897382015,-0.7831049356172688,60.96063971688638,53.067530894361454,371.3378476586132,330.43714623787116,9.600244979819397,2703121310,0.021470264301410413,0.022924728607342404,0.10608163882072752,1.0621479007587873,0.03201558911242958,356.0,0
2024-04-26,339.37677001953125,356.0,361.3999938964844,355.0,360.7000122070313,10986589,352.2324966430664,341.2799993896484,275.0009996032715,352.82552374974625,348.2381101609446,-0.6615028981564777,57.572234067911296,43.251544367027165,370.15648429899557,334.3085089871372,9.371655616724038,2692134721,-0.00890871965000617,0.015547032939136729,0.08173805347187746,0.5877833192024481,0.017977510945180828,363.0,1
2024-04-29,346.0498962402344,363.0,363.6499938964844,356.95001220703125,359.70001220703125,13652173,353.8024963378906,342.21699951171877,275.8457495880127,354.39082778824684,349.3315834823561,-0.151737744853933,62.48455839612047,64.72393298490879,369.59672407647577,338.00826859930544,9.248679779564062,2705786894,0.0196629213483146,0.05861769163397379,0.09469238033331706,0.7977337682890617,0.018457249833204202,363.2000122070313,1
2024-04-30,346.24053955078125,363.2000122070313,365.4500122070313,359.29998779296875,364.9500122070313,14566548,355.17249755859376,343.05,276.6947496795654,355.74608692959833,350.3588744989987,0.14098430388396466,62.617740405468055,65.33746724743683,369.1293816879234,341.2156134292641,9.027347253456812,2720353442,0.0005509978155131545,0.046233670150467754,0.08159626387763752,0.8645543003569081,0.01693288603348647,369.0499877929688,1
2024-05-02,351.8173828125,369.0499877929688,372.6000061035156,363.2000122070313,363.2000122070313,27892188,356.5074966430664,343.8709997558594,277.5562496185303,357.7928409085784,351.7434014096632,0.6425690977596412,66.37740392218461,83.28217427406108,370.41071260180365,342.6042806843292,9.05396487081592,2748245630,0.01610676043315462,0.0494810015597682,0.07799030586662226,1.5657279747633208,0.025470787718214385,364.9500122070313,0
2024-05-03,347.90887451171875,364.9500122070313,380.3999938964844,360.3500061035156,372.2999877929688,26844664,357.5149978637695,344.385,278.41799964904783,358.8939441852635,352.7216688761349,0.6123239263784006,61.69423410059408,59.870177429992026,370.78455852985593,344.2454371976831,9.839395079541122,2721400966,-0.011109539958141124,0.016007794556214927,0.05843974804941521,1.4379143002259889,0.054938997458081076,356.79998779296875,0
2024-05-06,340.139404296875,356.79998779296875,368.8500061035156,354.3999938964844,367.7999877929688,15319437,357.792497253418,344.76599975585935,279.2442495727539,358.5717970479874,353.0237665736782,-0.009536726752771507,53.59885035007208,38.70128284801137,370.7549593983806,344.8300351084554,10.168724874361844,2706081529,-0.022331892427610467,0.0022471567218222965,0.015800676990658458,0.8347947068877255,0.04049891452186874,349.1499938964844,0
2024-05-07,332.8466186523437,349.1499938964844,358.45001220703125,346.8500061035156,358.25,10028071,357.51749725341796,344.97399963378905,280.0279995727539,357.1222888708331,352.7368204494416,-0.9376790237364059,47.321986695359065,18.83116883116883,370.95946259502045,344.07553191181546,10.270959247872828,2696053458,-0.021440566586911514,-0.03815428678654442,-0.01550824783492133,0.5761802138294322,0.03322356095172891,355.45001220703125,1
2024-05-08,338.8524475097656,355.45001220703125,358.5,345.20001220703125,345.20001220703125,9595776,357.56249847412107,345.16899963378904,280.8512496185303,356.86501553794045,352.9377976166705,-1.1167436190863205,52.27840112709839,35.19485275466721,370.9704068944982,344.15459005374396,10.487318429665393,2705649234,0.018043873466068838,-0.021338105009705788,0.0025384979411930964,0.5539076715893532,0.03741732265076473,346.04998779296875,0
2024-05-09,329.8913879394531,346.04998779296875,358.0,344.8500061035156,356.5,9043486,356.6899978637695,345.3679992675781,281.6419995880127,355.2011651156371,352.4275894815815,-1.816308725040562,45.41266555994993,10.779204925933442,370.69655970141304,342.683436026126,10.677509534438176,2696605748,-0.026445418740307924,-0.062322180628014756,-0.048005535645202935,0.5256740526063448,0.03800027267838431,355.5,1
2024-05-10,338.9001159667969,355.5,356.3500061035156,347.54998779296875,347.6499938964844,11699095,356.3199981689453,345.68699951171874,282.4822496032715,355.2471397132314,352.65517544590875,-1.5983360734188228,52.207961869899364,35.32469117796266,370.03883865394766,342.6011576839429,10.650545875588799,2708304843,0.02730822869638394,-0.02589399065883702,-0.020391275891272653,0.6767158217656637,0.024753919298303447,350.8999938964844,0
2024-05-13,334.5149230957031,350.8999938964844,356.0,346.5,355.5,10691781,355.73999786376953,345.94999938964844,283.3042495727539,354.57834804911647,352.52516199780325,-1.709691431542582,49.009732790769675,18.956030366672117,369.3450626402877,342.13493308725134,10.568364027332455,2697613062,-0.012939538969101605,-0.01653585789892964,-0.032000016837284484,0.6224002581628509,0.02707324071029338,355.79998779296875,1
2024-05-14,339.1860656738281,355.79998779296875,357.25,350.29998779296875,350.54998779296875,10891985,355.44249725341797,346.3139990234375,284.14649948120115,354.76629262509374,352.76774168633403,-1.4114612352768758,52.357744417682206,30.801646833810914,368.76617751614714,342.1188169906888,10.309910325882369,2708505047,0.013964075182999025,0.019046238043057162,-0.016447856826624085,0.6733140426822346,0.019533480734898988,361.3500061035156,1
2024-05-15,344.4769592285156,361.3500061035156,363.5,356.6499938964844,357.5,8538183,355.4524978637695,346.8189990234375,284.99049949645996,355.779171621774,353.4034649764956,-0.827444423006547,55.89051335682061,46.41351804701168,368.79358793434784,342.1114077931912,10.123489031678718,2717043230,0.015598702925690544,0.016598659991177378,0.000553820325104537,0.5439290020320773,0.018956706760240954,361.4500122070313,1
2024-05-16,344.5722351074219,361.4500122070313,363.8500061035156,353.04998779296875,363.8500061035156,13114162,355.56249847412107,347.38199951171873,285.8332495880127,356.6516086348905,353.9995055120909,-0.4408383563882414,55.953892625804535,46.694829264607826,369.0623545807158,342.06264236752634,10.17181255159787,2730157392,0.00027675688896211526,0.04450231168127061,0.006123903151096233,0.8413795730390169,0.029879701053546627,365.4500122070313,1
2024-05-17,348.385498046875,365.4500122070313,366.5,360.3500061035156,362.4500122070313,8509179,356.2774993896484,347.97899963378904,286.6849996185303,358.0052091844506,354.84769119319753,0.0516612096521607,58.52109816097934,57.94659121539853,370.27248977535817,342.2825090039387,9.884539790518335,2738666571,0.011066537183318292,0.027988782579553506,0.040723390457362285,0.5724832320739737,0.016828550256006936,372.0,1
2024-05-21,354.629638671875,372.0,374.1000061035156,365.3500061035156,367.0,10939593,357.35,348.54899963378904,287.56549964904787,360.15825392530434,356.118232586294,0.7473316459275061,62.387043923564704,76.37131707216572,372.6515441354711,342.04845586452893,9.80350123405274,2749606164,0.01792307449495456,0.06013110991885662,0.061189596217300135,0.7408028352595031,0.023521505376344086,373.8500061035156,1
2024-05-22,356.39324951171875,373.8500061035156,377.3500061035156,370.6000061035156,375.0,14001806,358.8975006103516,348.9489996337891,288.431499710083,362.2646773373368,357.4316972912734,1.2322322823844982,63.4239575313145,81.57527414323265,374.30034857358544,343.49465264711773,9.585394003048973,2763607970,0.0049731346868699955,0.05073080081455683,0.09025958809545664,1.0296840848026234,0.018055369505948295,372.2999877929688,0
2024-05-23,354.9156494140625,372.2999877929688,375.6000061035156,369.5,375.0499877929688,15370357,360.1550003051758,349.2299993896484,289.28499961853026,363.8085712535879,358.53305214325087,1.3398170773264813,61.88461194850896,77.21516488082274,375.6226133461766,344.687387264175,9.336437724510876,2748237613,-0.004146096790801246,0.030302979118578932,0.07244705268231644,1.1273450239695344,0.016384652977500927,374.9500122070313,1
2024-05-24,357.44189453125,374.9500122070313,378.1499938964844,368.7000122070313,373.0,13317821,361.32000122070315,349.68999938964845,290.1499996948242,365.5226390925792,359.74912325908645,1.4702510403857625,63.51501397402466,90.39044185436985,377.5412710010333,345.098731440373,9.344548007721032,2761555434,0.007117981469116019,0.037349562993699514,0.06625911763105496,0.9690342606311101,0.025203310792893625,369.6499938964844,0
2024-05-27,352.3893737792969,369.6499938964844,380.5,368.0,379.9500122070313,21891930,361.8425003051758,350.0389990234375,290.9482496643066,366.1576167547185,360.48252108407894,1.09746470202606,58.15694699043787,69.56519506000365,378.42612044751047,345.25888016284114,9.56993743574096,2739663504,-0.014135266403513258,0.01149262976922194,0.029092375652342906,1.58124515899221,0.033815772234262395,365.3999938964844,0
2024-05-28,348.3377990722656,365.3999938964844,373.25,364.1000061035156,372.6000061035156,10200096,362.3125,350.38799865722655,291.68349960327146,366.0410593919132,360.8467783294423,0.4933200750859221,54.20791469925595,57.64373439344484,378.73921751568014,345.88578248431986,9.539941468651204,2729463408,-0.011497362559649171,-0.017741951891171004,0.02640447723731576,0.7388473910263866,0.025041034617741438,364.6000061035156,0
2024-05-29,347.5751953125,364.6000061035156,366.3500061035156,360.0,361.5,18146672,362.39250030517576,350.78499877929687,292.3807496643066,365.81935888600594,361.1247952015959,-0.005117842379931403,53.47188775143096,55.399728979890924,378.84739178854215,345.93760882180936,9.31208894257009,2711316736,-0.0021893481289859684,-0.024742543397040295,0.004407730312715241,1.2934061997877926,0.017416363130045475,359.70001220703125,0
2024-05-30,342.9040222167969,359.70001220703125,364.7999877929688,357.1499938964844,364.0,14425073,362.2175003051758,351.5289990234375,293.08374969482423,364.87792093539446,361.019255720517,-0.6728130495300206,49.07646037813972,38.8235653147978,378.70872333643604,345.72627727391557,9.193367867849686,2696891663,-0.013439368662800266,-0.03384360998943747,-0.009636563552770427,1.0286674254996735,0.02126770541247953,359.0,0
2024-05-31,342.2366943359375,359.0,366.6499938964844,355.5,363.4500122070313,30515612,361.71500091552736,352.27199890136717,293.77824966430666,363.9736254068722,360.86968122270093,-1.1420272641889824,48.46356589020441,36.76470588235294,377.9533597953209,345.4766420357338,9.33312686989502,2666376051,-0.0019461000369062065,-0.0425390363721988,-0.027232050197510627,2.1559344948037635,0.03105847882029074,391.7999877929688,1
2024-06-03,373.5050659179688,391.7999877929688,393.2000122070313,373.4500122070313,385.0,39261174,363.05749969482423,353.78199890136716,294.6474996185303,368.2546042355024,363.16081504272074,0.6782541955371473,68.38606431433112,96.73654168456935,383.9238197990316,342.19117959061685,11.109332965404755,2705637225,0.09136486850409131,0.059921531887505486,0.07357165279585165,2.6572590686736395,0.05040837318871001,331.25,0
2024-06-04,315.7824401855469,331.25,391.8999938964844,313.95001220703125,391.8999938964844,84042244,361.7800003051758,354.0639990234375,295.21399963378906,362.5615881992713,360.79705096548213,-2.1207982107643057,38.66855374502478,21.829637593651405,386.74772771989893,336.8122728904527,15.883665017122496,2621594981,-0.15454310791087633,-0.09345920762702276,-0.07160871263200264,4.614864580513641,0.23532069943985848,341.0,1
2024-06-05,325.07720947265625,341.0,342.25,315.29998779296875,340.0,46418629,361.37250061035155,354.61499877929685,295.83124961853025,359.24442078399875,359.33060274581675,-3.1772139250971687,42.96639967260837,34.13247671037064,387.3952110458672,335.3497901748359,16.674118387830266,2668013610,0.029433962264150848,-0.06472848521240893,-0.023342385905642304,2.31737049738575,0.07903229386226172,349.75,1
2024-06-06,333.4185791015625,349.75,359.75,345.0,347.79998779296875,33171039,361.0875,355.33699890136717,296.48649963378904,357.7837406633836,358.62092846834884,-3.1425758145955385,46.58405099267458,45.17348617409303,387.4855659770583,334.68943402294167,16.822395645842388,2701184649,0.0256598240469208,-0.027661973503921855,-0.016036044482427236,1.5639711209825857,0.04217298070050036,360.6000061035156,1
2024-06-07,343.7619323730469,360.6000061035156,362.0,347.70001220703125,352.0,23930193,361.8150009155273,356.0489990234375,297.2024996948242,358.21701226955776,358.7675268116945,-2.2847220414136187,50.75526379033725,58.8643456107058,387.3015274027764,336.32847442827824,16.642223656351412,2725114842,0.031022176135856006,0.004456841513971188,0.04204600151366478,1.0900235490559844,0.03965609415121231,364.8999938964844,1
2024-06-10,347.8611755371094,364.8999938964844,370.1000061035156,361.7999877929688,365.0,16072588,362.2850006103516,356.8519989013672,297.96199966430663,359.24516328908487,359.22178363279,-1.3686622743856016,52.34357209912391,64.29019771539822,387.6346953335351,336.93530588716806,16.13206482375488,2741187430,0.011924536107008166,-0.06865746486622826,0.02644161433610237,0.7248882065353023,0.022746008356748247,367.3999938964844,1
2024-06-11,350.24444580078125,367.3999938964844,371.9500122070313,364.8999938964844,368.75,11235777,363.11000061035156,357.61799865722656,298.73399963378904,360.4997526133002,359.82757698565626,-0.575893042429245,53.286918035966856,67.44477184789034,387.9935991894774,338.22640203122575,15.4833472156686,2752423207,0.00685119222202335,0.1091320570459906,0.047021944391562265,0.5061227917677368,0.019188945094357535,371.2999877929688,1
2024-06-12,353.9623107910156,371.2999877929688,374.0,365.3999938964844,369.5499877929688,12134524,363.8850006103516,358.4119982910156,299.5032495880127,362.16132725632616,360.67738519360535,0.18869871411811645,54.79036830691499,72.3658997929811,388.77513718649953,338.99486403420366,14.991679993371958,2764557731,0.01061511693324424,0.08885626918759182,0.0435638013821944,0.545081989341704,0.02316188092177061,369.9500122070313,0
2024-06-13,352.67535400390625,369.9500122070313,376.3999938964844,367.9500122070313,376.3999938964844,11243702,364.3150009155274,359.0949987792969,300.2742496490479,363.35958647951156,361.36424645385915,0.56007734163977,54.140804347634734,70.66246056782336,389.3120193663972,339.3179824646576,14.524415828806324,2753314029,-0.0036358083229731664,0.05775557457335623,0.023799656726869012,0.5020157836400717,0.02284087420092932,368.4500122070313,0
2024-06-14,351.24542236328125,368.4500122070313,370.8500061035156,366.1000061035156,370.0,10298434,364.6650009155274,359.6169989013672,301.0407497406006,364.14272889913,361.8891179911312,0.6546785791889658,53.383492567891956,68.7697160883281,389.6877698080648,339.64223202299,13.826243269605872,2743015595,-0.0040546018394521655,0.02176928999070027,0.019366440070807123,0.46271948844881367,0.012891843785123787,369.6499938964844,1
2024-06-18,352.3893737792969,369.6499938964844,372.25,368.7000122070313,371.7999877929688,10228382,364.87500000000006,360.1139990234375,301.79499969482424,364.99000043718456,362.46399768782396,0.7416563364405744,53.93857239736713,70.28388856713323,389.99091820033465,339.75908179966547,13.110082164131788,2753243977,0.00325683715482894,0.013017265221844543,0.01149262976922194,0.45780381174397744,0.009603646291315293,362.5,0
2024-06-19,345.5732421875,362.5,370.8999938964844,361.5499877929688,369.7999877929688,8337334,364.40000000000003,360.3389990234375,302.498999710083,364.6069234468485,362.46666452576295,0.28473000653241654,50.10984448949893,61.261814249802796,389.31750081861946,339.4824991813806,12.8415053026592,2744906643,-0.01934260520639053,-0.01333694604759561,-0.025537634408602128,0.3753498304747978,0.02579312028556019,357.6499938964844,0
2024-06-20,340.94970703125,357.6499938964844,364.8999938964844,357.04998779296875,362.5,14338604,363.5899993896485,360.3989990234375,303.1787496948242,363.53662659294633,362.10987410877937,-0.3430211443089297,47.63957555346414,55.141932731171096,388.2782442948463,338.9017544844507,12.484969645577516,2730568039,-0.0133793271821121,-0.036762710329243165,-0.043332919466492203,0.6450401742488816,0.021948850097807282,359.79998779296875,1
2024-06-21,342.9992980957031,359.79998779296875,362.9500122070313,356.75,359.95001220703125,17931844,362.9649993896485,360.5039990234375,303.8734996032715,362.9617590852575,361.93877141871934,-0.5974287695502043,48.843506493853035,57.85485878351731,387.37087971555405,338.5591190637429,12.036044114252787,2748499883,0.006011446758493966,-0.02743620510649536,-0.03357507496602752,0.8020654357619345,0.017231829953809875,362.75,1
2024-06-24,345.8115539550781,362.75,364.6499938964844,355.54998779296875,357.6000061035156,9335598,362.3549987792969,360.4889990234375,304.5977496337891,362.92918076444863,361.99886242474014,-0.5520784771038838,50.52447695155043,62.60423252873136,386.13397541843875,338.5760221401551,11.826327113485847,2757835481,0.008199033649574972,-0.015470245672914995,-0.03253770318667171,0.42132004726813355,0.02508616431017402,360.8500061035156,0
2024-06-25,344.00030517578125,360.8500061035156,364.7000122070313,357.75,364.25,14983828,361.9149993896485,360.4479992675781,305.30849967956544,362.6093077396897,361.9137619565013,-0.6294808268991521,49.39860988253171,74.54994068801898,385.4622909959493,338.36770778334767,11.478018905881951,2742851653,-0.005237750231521399,-0.02380627062970564,-0.02380627062970564,0.6869355523158992,0.019260113868579468,365.0499877929688,1
2024-06-26,348.0041809082031,365.0499877929688,366.8999938964844,359.6499938964844,363.0,15918394,361.8974990844727,360.4989990234375,306.02824958801267,362.98479697865577,362.14607498142476,-0.38904369028526675,51.94766742295464,63.85347672062336,385.434922691671,338.36007547727445,11.176017555461812,2758770047,0.011639134317343869,0.00703444908405193,-0.0009578711257852701,0.7203387915928027,0.019860293774647927,377.1499938964844,1
2024-06-27,359.5391540527344,377.1499938964844,381.1000061035156,364.1000061035156,365.0499877929688,55378829,362.52499847412116,360.8069989013672,306.81199958801267,365.1640580429371,363.2574763825403,0.5430527783044194,58.44277833576706,88.17361398545938,386.96885862118364,338.0811383270587,11.592016301500253,2814148876,0.03314616219184163,0.054522578869787175,0.034421249541629395,2.3112946891631263,0.045074904613854924,378.3500061035156,1
2024-06-28,360.68310546875,378.3500061035156,389.5,376.7000122070313,377.9500122070313,25141039,363.45749816894534,361.1509991455078,307.6022496032715,367.19266543687223,364.375441547057,1.1629560061782898,59.03417458408163,67.15761447009099,388.80536080029924,338.10963553759143,11.678299979462285,2839289915,0.0031817903392585833,0.05155647287353626,0.051848744130011504,1.026337097453465,0.033831075952108346,369.75,0
2024-07-01,352.4847412109375,369.75,382.0,367.7999877929688,381.75,23389211,363.99499816894536,361.36099914550783,308.29749961853025,367.5861015235073,364.7735569880157,0.9266213214837296,53.191980265072424,41.82623593899723,389.39782818553056,338.59216815236016,11.858422281431492,2815900704,-0.02273029196453269,0.019297036526533473,0.029944289693593307,0.9689158754158087,0.03840436026242378,370.3999938964844,1
2024-07-02,353.1043701171875,370.3999938964844,372.6000061035156,365.1499938964844,372.6000061035156,13702830,362.9249984741211,361.7459991455078,308.9704995727539,368.01900804242683,365.1903300923467,0.7542037888578021,53.566007931868775,43.74079753774021,385.1579802786244,340.6920166696178,11.54353584754576,2829603534,0.0017579280499915306,0.026465256010635096,-0.054619690054182435,0.5993805919831823,0.02011342421650607,372.6499938964844,1
2024-07-03,355.2492980957031,372.6499938964844,374.25,368.6499938964844,370.5499877929688,9207317,364.9949981689453,362.1879992675781,309.66074951171873,368.7314674045895,365.74289778154207,0.731276369460097,54.90917358549183,50.36818838013293,382.1827812284026,347.807215109488,11.118998008686464,2838810851,0.006074514138973752,0.020819083297232588,0.12498111364976405,0.4815566341104376,0.015027522327214122,372.9500122070313,1
2024-07-04,355.5353088378906,372.9500122070313,380.8500061035156,371.75,373.8999938964844,14916930,366.5924987792969,362.78899963378905,310.36599960327146,369.3804742972729,366.27675810935614,0.6771383474635111,55.09569618051418,51.25189442629687,380.10975870660315,353.0752388519906,10.974784301174262,2853727781,0.0008050940975736776,-0.011136104354825593,0.0936950504605023,0.8502184763099747,0.02440006919335894,379.7999877929688,1
2024-07-05,362.0654296875,379.7999877929688,381.25,371.0,374.3500061035156,15946104,368.0949981689453,363.44199951171873,311.09449951171877,370.9834763735338,367.2784788266608,1.0227357651358258,59.24131497007561,71.42854574578838,380.41733148946184,355.7726648484288,10.92301399394753,2869673885,0.01836700727103069,0.00383238183180179,0.08591847832156918,0.9557966932155558,0.026987889229705124,377.4500122070313,0
2024-07-08,359.8251953125,377.4500122070313,381.25,376.1499938964844,380.8500061035156,8898299,368.93749847412107,363.9579998779297,311.7804995727539,371.97832804022573,368.03192574372525,1.0113124118106311,57.28733970580486,64.50667611108231,381.3981945912492,356.47680235699295,10.50708485891668,2860775586,-0.006187403005443182,0.020824914691092156,0.046727692230483786,0.5585181436098356,0.013511739140488548,377.0499877929688,0
2024-07-09,359.4438171386719,377.0499877929688,380.25,375.0499877929688,379.2000122070313,8355819,369.5449981689453,364.31499938964845,312.4502494812012,372.7585833868016,368.69993033996553,0.8988505297169769,56.94303511444326,63.32840138286394,382.33933020126966,356.75066613662096,10.12800824092486,2852419767,-0.0010598076596248784,0.017953547532570724,0.0332967774724906,0.5374851266535781,0.0137913071883891,381.3999938964844,1
2024-07-10,363.5906982421875,381.3999938964844,383.7999877929688,370.0,378.7999877929688,17715196,370.2449981689453,364.8229992675781,313.181749420166,374.088031157522,369.6406757885965,1.0300422814450902,59.77427148819867,76.14137498943795,383.9899211671865,356.5000751707041,10.390292494642285,2870134963,0.011536948002512704,0.023480478044581865,0.03810560760092052,1.1162616387261666,0.036182454152619246,377.1000061035156,0
2024-07-11,359.49151611328125,377.1000061035156,383.2999877929688,374.6000061035156,382.3999938964844,19873143,370.53499908447264,365.1049993896484,313.88149948120116,374.5514119184441,370.1932187748868,0.7527040448615359,55.86383276393215,63.4757306687617,384.5977915610328,356.4722066079125,10.269556008557348,2850261820,-0.011274220927585565,0.011127480253789512,0.015620841640805017,1.2224329114340073,0.02307075457077823,377.1499938964844,1
2024-07-12,359.5391540527344,377.1499938964844,379.3999938964844,372.0,378.9500122070313,16151583,370.89499816894534,365.3839990234375,314.57749946594237,374.95119376121954,370.7085354505607,0.5097353695704707,55.89995142846649,61.10234298105315,385.24515232208057,356.5448440158101,10.064587286266422,2866413403,0.00013255845176263215,-0.006977340657338238,0.019462039334719128,0.9787393265984448,0.019620824648655402,385.6499938964844,1
2024-07-15,367.6422424316406,385.6499938964844,388.9500122070313,376.8999938964844,378.6000061035156,22951140,371.75499725341797,365.7159991455078,315.3247494506836,376.5971630127988,371.81531015025877,0.8391439371613099,61.647358927813876,87.10215974440895,387.4175295847722,356.09246492206375,10.206403788000744,2889364543,0.022537452306927497,0.021724682538771134,0.04668199516787763,1.3394248399738193,0.031245996373025695,380.4500122070313,0
2024-07-16,362.68505859375,380.4500122070313,388.75,380.0,386.6499938964844,11893034,372.2949981689453,366.0259991455078,316.02099952697756,377.1899090426807,372.4549177100197,0.6338259258258621,56.77274331841134,64.37011823762168,388.3692933092557,356.22070302863494,10.10237494600069,2877471509,-0.013483681503308476,0.009017436743505192,0.02921687674522544,0.6907204181169111,0.022999079298855352,377.75,0
2024-07-18,360.11114501953125,377.75,382.8999938964844,374.2000122070313,382.8999938964844,15709153,373.0574981689453,366.44499938964844,316.7009995269775,377.27607688226834,372.847146027796,0.2622123581097533,54.36879989276252,51.74539197218703,388.6401921089301,357.4748042289605,10.002203999104433,2861762356,-0.0070968908408446385,-0.009569989394061285,0.042068965517241486,0.8932306256054668,0.023031056755666628,364.6499938964844,0
2024-07-19,347.622802734375,364.6499938964844,378.0,362.8999938964844,377.75,13330099,373.4074981689453,366.75499938964845,317.3294995117187,375.33360257676316,372.23994957362476,-0.8584523945793623,44.51913354089212,6.717845565933723,387.8639617221228,358.95103461576787,10.36633272084809,2848432257,-0.03467903667376737,-0.033015147190460836,0.019572207799410712,0.760135841481662,0.041409588252460425,373.5,1
2024-07-22,356.0596008300781,373.5,377.25,362.3500061035156,364.75,18715538,374.0924987792969,367.1159991455078,318.00724952697755,375.05150987264574,372.3332866422452,-0.9871057338537668,50.980145516242295,41.91726066939021,387.13402011351656,361.0509774450772,10.690165661964969,2867147795,0.024269864943499586,-0.009677830983834457,0.03807674450204357,1.064855839050361,0.03989288861173862,382.4500122070313,1
2024-07-23,364.5916748046875,382.4500122070313,385.6499938964844,361.5499877929688,376.7000122070313,49882257,375.07749938964844,367.84399963378905,318.7212496185303,376.18974100101275,373.0826737211182,-0.47860934748783857,56.49756065337099,76.2773934001898,387.5048693579328,362.65012942136406,11.64801140779001,2917030052,0.023962549416415735,-0.008297631894458202,0.05430740787603394,2.5446252970685648,0.06301478712064869,392.6000061035156,1
2024-07-24,374.2677612304688,392.6000061035156,395.0,381.7000122070313,384.1000061035156,36868466,376.6649993896484,368.58599975585935,319.48324966430664,378.71439717062856,374.5284020457403,0.48025479800473425,61.75490288980469,92.82513297265734,389.5212132411184,363.8087855381784,11.766009721017058,2953898518,0.026539400111170064,0.03193584835495433,0.08798669658576097,1.7813246267981109,0.03387668768772746,392.1499938964844,0
2024-07-25,373.8387756347656,392.1499938964844,396.2999877929688,386.25,390.9500122070313,25973101,378.0199996948242,369.4109997558594,320.2474996185303,380.78141205152946,375.83370514579536,0.9935732630804388,61.400605064425704,88.05757152090811,391.3958526913164,364.644146698332,11.643436726156468,2927925417,-0.0011462358635638825,0.03812043387553765,0.07423642517387186,1.2251489088108605,0.02562791775950326,396.2999877929688,1
2024-07-26,377.7949523925781,396.2999877929688,399.5,389.7000122070313,394.9500122070313,20381410,378.9774993896484,370.2209997558594,321.04374954223636,383.1688852425201,377.349726082623,1.4920204137947417,63.481353438148155,91.56782298362921,394.5314838205667,363.42351495873015,11.511761802357341,2948306827,0.010582669797465138,0.08679554209856688,0.050775538131761166,1.0478829076694784,0.024728710812093962,393.8999938964844,0
2024-07-29,375.5070495605469,393.8999938964844,408.2999877929688,392.6499938964844,404.0,27751449,379.7549987792969,370.87199951171874,321.78549949646,384.8198250354377,378.57567184661275,1.5336115541780888,61.419339616023706,69.19787401821512,396.60628446823216,362.90371309036163,11.807349809080705,2920555378,-0.006056002953344075,0.05461845755417505,0.041099478107882836,1.4172928001028284,0.03973088128708425,406.9500122070313,1
2024-07-30,387.9476623535156,406.9500122070313,412.7000122070313,397.0,397.0,34447139,381.61499938964846,371.78199951171877,322.6142495727539,388.22446921568286,380.67747483627335,2.269162195810118,67.5849700423791,88.75855864025908,401.5654673350442,361.6645314442527,12.306826130614008,2955002517,0.033130283099157554,0.06406065947969553,0.10060855228406029,1.7109364194587255,0.038579706932270835,416.0,1
2024-07-31,396.5750732421875,416.0,417.3999938964844,408.5499877929688,409.5,29727771,383.8949996948242,372.7929992675781,323.5184996032715,392.4976277978855,383.2939581817346,3.140669946041231,71.0412520365747,97.49329678874243,408.1548007951278,359.6351985945206,12.174194384816799,2984730288,0.022238573587668675,0.05960263253361897,0.12311016969470967,1.4200205253013944,0.021274053133450883,423.4500122070313,1
2024-08-01,403.67724609375,423.4500122070313,424.3500061035156,415.6000061035156,419.8999938964844,28803487,386.43500061035155,373.82199951171873,324.46649963378906,397.25953309160025,386.2684807021269,3.9424421754909087,73.54222888212011,98.56688911771676,415.5959557166234,357.2740455040797,11.9296090716156,3013533775,0.01790868318997907,0.07981644472193761,0.13632099595487523,1.314354127523068,0.020663596050912354,419.7000122070313,0
2024-08-02,400.1023254394531,419.7000122070313,426.2999877929688,413.3500061035156,416.25,24233263,388.7725006103516,374.73899963378904,325.38724967956546,400.71191449397423,388.74489044323093,3.9347310694087003,70.2532920200498,89.80698751206563,420.60721271157706,356.9377885091261,12.002492830032569,2989300512,-0.00885582687896247,0.059046240562305785,0.12535191974748683,1.0827908671252213,0.03085532836026024,413.25,0
2024-08-05,393.9534912109375,413.25,415.6499938964844,404.6499938964844,407.6499938964844,42489503,390.44500122070315,375.55799987792966,326.2799996948242,402.64085072567053,390.5600837437323,3.2387792004828846,64.87882186680494,79.84557869811768,423.70140300177127,357.188599439635,12.220173221497882,2946811009,-0.015368148723926223,0.04912415943982151,0.08807270479762352,1.79223565664809,0.02661826981246219,415.0,1
2024-08-06,395.6217346191406,415.0,424.9500122070313,413.25,413.25,18230579,392.32250061035154,376.35899963378904,327.1754997253418,404.54225830633663,392.3704479108633,2.663858091214424,65.64671268165316,82.54828140082039,426.65475787241445,357.99024334828863,12.183018863321697,2965041588,0.004234724742891771,0.01978126932423674,0.09948333972333412,0.7541350615480626,0.02819280049887062,416.2999877929688,1
2024-08-07,399.9934997558594,416.2999877929688,421.0,415.0,421.0,15556736,394.2850006103516,377.29199951171876,328.06349967956544,406.3511397658185,394.1430064206489,2.160144832728566,66.2372590492084,84.55598455598455,429.379620033784,359.1903811869191,11.741374658798719,2980598324,0.0031325007059488374,0.0007211245023288626,0.10409760315799677,0.6340836265255634,0.014412683583800332,407.7000122070313,0
2024-08-08,391.73040771484375,407.7000122070313,417.0,405.7999877929688,416.3500061035156,16447385,395.6000015258789,378.1379998779297,328.893999710083,406.5586586029282,395.147229071492,1.0907528151960744,59.010291742575916,71.27416897924711,430.63574371109223,360.56425934066556,11.702705912243896,2964150939,-0.020658121158087517,-0.03719447289164224,0.06895652525281637,0.6721225733917009,0.027471208907749047,410.6499938964844,1
2024-08-09,394.56488037109375,410.6499938964844,416.3500061035156,408.2000122070313,413.7999877929688,10954753,397.27750091552736,379.0589996337891,329.73699966430667,407.1880948019368,396.29558202149144,0.45746885136422044,60.598379881986226,75.83012525639471,431.818747297284,362.7362545337707,11.484655053975356,2975105692,0.007235667405266266,-0.021563064206161386,0.08896840957292151,0.4559751137781375,0.019846570114740458,400.8500061035156,0
2024-08-12,385.1487121582031,400.8500061035156,410.0,400.1000061035156,410.0,26254763,398.4625015258789,379.88199951171873,330.523999710083,406.2130042329489,396.63294676830805,-0.6839891715522448,53.221424342713505,42.93722954979008,431.7643039804368,365.160699071321,11.417893106760598,2948850929,-0.0238645755232596,-0.030006034837227746,0.06283975232818406,1.0703101546306182,0.02469750217224095,396.2000122070313,0
2024-08-13,380.680908203125,396.2000122070313,404.5,395.0,403.0,11355664,398.9900024414063,380.62599975585937,331.27524978637695,404.67254392126927,396.60087754154677,-1.7539042051764717,50.104647589188275,24.843983120459615,431.79379367186914,366.1862112109435,11.280900741991983,2937495265,-0.011600333854762335,-0.045301175404743876,0.02735645916638796,0.4741349656595837,0.023977788256694568,396.3500061035156,1
2024-08-14,380.8249816894531,396.3500061035156,400.0,393.6499938964844,398.8999938964844,9424614,399.7850021362305,380.7170001220703,332.0469998168945,403.3921534877687,396.582294472063,-2.4125692553545868,50.205945987052964,18.169394350742106,431.5057885323364,368.0642157401246,10.928693982100814,2946919879,0.0003785812515471054,-0.04792212893211656,0.04179259662589252,0.395545841307266,0.016021208542273062,398.0499877929688,1
2024-08-16,382.4583740234375,398.0499877929688,400.9500122070313,393.2999877929688,398.0499877929688,13844122,400.80000152587894,382.05299987792966,332.8397497558594,402.5702818424149,396.6910124958338,-2.6745271395833736,51.40999662251386,16.047533063738815,430.8928775211865,370.7071255305714,10.694503298669506,2960764001,0.00428909212381634,-0.023669423902695885,0.05373921321765396,0.5833130714514568,0.019218753042749448,403.1000061035156,1
2024-08-19,387.3106384277344,403.1000061035156,407.5,401.4500122070313,402.2999877929688,10677045,402.7225021362305,383.295,333.65024978637695,402.6517778825842,397.16575276306946,-2.454217093319789,54.89889142396042,29.697025183475205,427.83207292452,377.612931347941,10.6056110778382,2971441046,0.012686894775571167,-0.01838545697110594,0.10544361127274926,0.4523989069127497,0.015008652198866658,406.25,1
2024-08-20,390.3372192382813,406.25,408.2000122070313,403.1000061035156,404.5499877929688,10126083,404.3600021362305,384.425,334.4987497711182,403.2053505160328,397.83865996580505,-2.058841330085425,56.97414831233771,39.24246123342786,425.6076524107314,383.11235186172956,10.212353579672307,2981567129,0.007814422844924174,0.013471357900116665,0.08768406961178044,0.43700632063653944,0.012553861177884755,408.9500122070313,1
2024-08-21,392.9314270019531,408.9500122070313,409.7000122070313,405.2000122070313,407.5,9726854,405.68500213623054,385.3920001220703,335.38324981689453,404.0891446223403,398.66172309478475,-1.5984882822060946,58.727178927166854,47.42431640625,424.463826618556,386.90617765390505,9.804328323981427,2991293983,0.006646183894230884,0.03218071581819526,0.06929010106987477,0.4596006228936422,0.011003789865940562,403.3500061035156,0
2024-08-22,387.55078125,403.3500061035156,410.0499877929688,402.25,409.7999877929688,10445288,406.2225021362305,386.16100036621094,336.2417498779297,403.9754310040596,399.0090033176537,-1.6475856986846145,53.82849190327197,30.454600941050963,424.0644650606767,388.3805392117843,9.661161143194809,2980848695,-0.013693620091349112,0.01766115779539512,0.027381558412827856,0.5264085393820934,0.01933801332574424,401.9500122070313,0
2024-08-23,386.2056274414063,401.9500122070313,405.8999938964844,399.5499877929688,403.3500061035156,11513586,406.71250305175784,386.85200073242186,337.0684999084473,403.6638281122091,399.22685582797794,-1.7416328806874786,52.6461861723079,27.33022983141582,423.4880499524081,389.93695615110755,9.424650068932007,2969335109,-0.003470915768686078,0.009797825734618515,0.024990484414322944,0.6021883949123618,0.01579799952896851,414.8500061035156,1
2024-08-26,398.6003723144531,414.8500061035156,415.9500122070313,401.9500122070313,402.4500122070313,13772637,407.6400039672852,387.72300109863284,337.9697499084473,405.38477857241014,400.3841262187585,-0.9423622490136179,61.12020772221103,68.08847294592253,424.0576054487219,391.22240248584853,9.751460778294005,2983107746,0.03209352781370223,0.02914909407613009,0.046808021402810596,0.7330106591037218,0.03374713702307779,409.6499938964844,0
2024-08-27,393.6040344238281,409.6499938964844,416.2000122070313,409.1000061035156,415.5,8441188,408.4275039672852,388.5170007324219,338.8389998626709,406.04096554534465,401.07048678747896,-0.7780286758396349,56.71438168584305,59.02526678080448,423.5967969619249,393.2582109726455,9.562071158666981,2974666558,-0.012534680319454372,0.008369215745192227,0.03998476832710751,0.47359551983342557,0.01733188382595168,409.0499877929688,0
2024-08-28,393.0275268554688,409.0499877929688,414.3999938964844,407.3500061035156,410.0499877929688,15884745,408.53250274658205,389.3290002441406,339.72124977111815,406.5038920449791,401.66156093603377,-0.724941059807974,56.21088233565028,66.4556619735722,423.6884999696266,393.3765055235375,9.38263663254568,2958781813,-0.0014646798790559634,0.0002444689643068543,0.005160278960427034,0.9401758987552623,0.017235027510957752,409.8999938964844,1
2024-08-29,393.8442687988281,409.8999938964844,412.6000061035156,403.75,409.0499877929688,19014705,408.2275024414063,390.1340002441406,340.5944997406006,407.026369252903,402.2718152294005,-0.65017451620065,56.79604987681864,72.01732284924057,423.0110559534465,393.44394892936606,9.34459159475782,2977796518,0.002078000559544657,0.0162389678786512,-0.014663476210374116,1.1622786883742822,0.02159064707317511,416.2000122070313,1
2024-08-30,399.8974914550781,416.2000122070313,419.2000122070313,411.5,412.7000122070313,22633988,407.8650024414063,391.20800048828124,341.5037497711182,408.4376989381535,403.30353352403984,-0.2164505004715922,60.96019732008762,88.41699933544795,421.44421637753106,394.2857885052816,9.341407788742755,3000430506,0.015369647241658457,0.03545216959132791,-0.017121265299327337,1.4100965138186088,0.018500749594406722,410.0,0
2024-09-02,393.9403381347656,410.0,419.1000061035156,407.7000122070313,417.7999877929688,11107165,407.38000183105476,392.25500061035154,342.3744997406006,408.6780529476684,403.7995680778147,-0.37770483578525305,55.31025847861385,64.47875083068983,419.8840931790669,394.8759104830426,9.488449653581439,2989323341,-0.01489671317920871,-0.011690987181293244,-0.02311177489851124,0.7214754393308171,0.027804863162156874,406.3999938964844,0
2024-09-03,390.4813232421875,406.3999938964844,411.5499877929688,405.6000061035156,410.5,7538160,407.03750152587895,393.1870007324219,343.2107497406006,408.3275823244093,403.99219221253094,-0.7366396750084627,52.28033856170897,50.5791264675522,419.251582826285,394.8234202254729,9.235701941857993,2981785181,-0.008780502691501546,-0.007933601973447724,-0.01657593733458107,0.5523471949410819,0.014640703195897989,405.1000061035156,0
2024-09-04,389.2322692871094,405.1000061035156,408.25,399.8999938964844,400.0,11052003,406.5425018310547,394.0340008544922,344.052749786377,407.83103213657955,404.07425250075204,-1.0522001208474663,51.189828057516245,45.55987331093001,418.21615526662004,394.8688483954894,9.172437953404966,2970733178,-0.003198788908692407,-0.00965647673225789,-0.02385540697948041,0.8316921615262531,0.020612209276002675,403.25,0
2024-09-05,387.4547424316406,403.25,408.3999938964844,401.8500061035156,405.3500061035156,14246871,405.8900024414063,394.8820007324219,344.87924980163575,407.12625796172114,404.0131967599556,-1.3567348439275353,49.604103906205,18.82955526703207,416.73885352904824,395.04115135376435,8.985120084802379,2956486307,-0.004566788634021601,-0.016223454490130518,-0.03134755747208606,1.0774244711857415,0.01624299514685369,394.7999877929688,0
2024-09-06,379.335693359375,394.7999877929688,404.6499938964844,392.7000122070313,403.25,17956121,405.2450012207031,395.47700073242186,345.63949974060057,405.22990870499,403.33073683647507,-2.0564993417425246,43.04511756185473,7.924436173349057,417.07614324221464,393.41385919919156,9.196895913706,2938530186,-0.020954772987058168,-0.051417644849605204,-0.03164097137066513,1.3502347658256877,0.030268444931461295,389.8500061035156,0
2024-09-09,374.57958984375,389.8500061035156,392.75,385.2999877929688,391.2000122070313,12293356,404.2050018310547,395.7310009765625,346.3602497863769,402.8637698432247,402.3321641895892,-2.739252445297576,39.73091798733786,13.421873255817973,417.5169480590822,390.89305560302716,9.218546205584143,2926236830,-0.012537947929342153,-0.04914632657679119,-0.05065137733378844,0.9197863095931114,0.019109945082450546,396.2999877929688,1
2024-09-10,380.7769470214844,396.2999877929688,399.3999938964844,389.75,390.1000061035156,15852309,403.97750091552734,396.0900006103516,347.105249710083,401.8539572201084,401.8853363083581,-2.641789749746223,45.60760441988538,32.44835421250301,417.66134305995956,390.2936587710951,9.249363897791303,2942089139,0.016544777705455704,-0.02485237759646275,-0.011350924887779112,1.2340916834086848,0.024350225066183024,389.6499938964844,0
2024-09-11,374.3874206542969,389.6499938964844,399.2999877929688,387.5,399.0,11492592,403.65,396.4880004882813,347.79174964904786,399.9764244010893,400.97901464821933,-2.890400726901259,41.152280382159894,12.8318671703112,418.3393203991554,388.96067960084457,9.43155131887541,2930596547,-0.016780202122939403,-0.038138760736239785,-0.016532100223975443,0.8942140174972454,0.030283556981406314,404.8500061035156,1
2024-09-12,388.9920654296875,404.8500061035156,406.25,390.6499938964844,391.0,24028069,404.075,397.1770007324219,348.5579996490479,400.72620620146256,401.265754756019,-1.9418872274621295,52.559899420785484,57.66962900014027,418.381769535468,389.768230464532,9.943583803492569,2954624616,0.03900939932022518,0.003967777070094547,0.02144569160869403,1.7690663983202577,0.03853280441726578,401.3999938964844,0
2024-09-13,385.67718505859375,401.3999938964844,407.2999877929688,399.3500061035156,404.8500061035156,12017217,404.2425003051758,397.7520007324219,349.3097496032715,400.8298658468505,401.27569839605354,-1.4785369776869608,50.18209809741521,47.492609170030335,418.34010315969874,390.1448974506528,9.801183652489755,2942607399,-0.008521704717843415,0.01671734120462176,0.008416043728804112,0.890758120352999,0.019805634804028856,411.1000061035156,1
2024-09-16,394.9972534179688,411.1000061035156,412.0,402.0,402.4500122070313,11479712,404.64250030517576,398.51500061035154,350.11524963378906,402.40988742479897,402.0034248929026,-0.5009935172700608,56.18401466433183,76.1061938936079,419.038556181649,390.2464444287025,9.858242398991603,2954087111,0.024165451804996074,0.05450814330462661,0.019846191711407668,0.8483925526868965,0.024324981395115776,416.2999877929688,1
2024-09-17,399.9934997558594,416.2999877929688,417.6499938964844,410.1000061035156,411.8500061035156,14432501,405.1449996948242,399.24500061035155,350.92849960327146,404.54682594297896,403.06242955216675,0.46155227331663573,59.0333845067712,91.4453618715994,420.4060283005241,389.8839710891243,9.693367069989971,2968519612,0.012648945785089127,0.050466819621625136,0.024738431490384682,1.049907247530142,0.018135930853602267,414.1499938964844,0
2024-09-18,397.9277648925781,414.1499938964844,419.75,413.0,418.5,10303840,405.4049987792969,399.97900024414065,351.7354995727539,406.0242363973644,403.8837306147088,0.8941293321280408,57.372125767311616,83.74454537240288,421.08782237962663,389.7221751789671,9.483126564990688,2958215772,-0.005164530289522018,0.06287694182925807,0.012715445737217834,0.7479937291976666,0.016298442833460824,423.9500122070313,1
2024-09-19,407.3439025878906,423.9500122070313,431.8500061035156,420.5499877929688,424.0,59601773,406.4349990844727,400.91700073242185,352.58574966430666,408.7820480603901,405.3701218437697,1.7324398128742322,62.545961038159746,83.02902086142807,424.03176751483727,388.8382306541081,10.070046967993585,3017817545,0.023662968622417457,0.047177981513064404,0.05107228410014919,3.6716138158200438,0.026654128989689895,423.9500122070313,0
2024-09-20,407.3439025878906,423.9500122070313,429.8500061035156,416.5499877929688,428.0499877929688,36084164,407.53499908447264,401.7680010986328,353.41774978637693,411.1155810060272,406.74641001882617,2.151747666763901,62.545961038159746,83.02902086142807,426.56493273307984,388.50506543586545,10.300759206747388,3053901709,0.0,0.05617842215603597,0.05473317410590983,2.066480087186233,0.03137166629930866,428.3500061035156,1
2024-09-23,411.5715637207031,428.3500061035156,430.5,425.0,427.5,14139629,408.20999908447266,402.7930010986328,354.2674998474121,413.76703102102545,408.34667639546984,2.56234504409479,64.7723312323916,92.48120596505329,429.0970025213763,387.32299564756903,10.032846962906053,3068041338,0.010378567684379725,0.04196059290657472,0.03254188212939635,0.8089030109796191,0.012839967133491444,428.1000061035156,0
2024-09-24,411.3313293457031,428.1000061035156,431.4500122070313,427.0,431.4500122070313,12539885,409.1324996948242,403.81200134277344,355.1014999389648,415.9721041106393,409.80988600347325,2.6433668205641814,64.53759285287894,91.94414924827137,431.75042713967684,386.5145722499716,9.634073051772143,3055501453,-0.0005836348697041416,0.028344988365493595,0.045038477924873144,0.7090713806624255,0.010394795943906814,436.1000061035156,1
2024-09-25,419.0180358886719,436.1000061035156,437.0,425.6499938964844,428.1000061035156,19443168,410.48500061035156,404.82100158691406,355.93724990844726,419.06870441723567,411.7573023071801,3.0340406587629545,68.47479050157405,98.25919983755445,435.9742439442048,384.99575727649835,9.756639698325248,3074944621,0.018687222345111554,0.05300015098519495,0.06612888184276766,1.088468838480715,0.026026154424821337,434.6000061035156,0
2024-09-26,417.5767211914063,434.6000061035156,437.9500122070313,430.5499877929688,437.9500122070313,20041825,411.7200012207031,405.90400146484376,356.73625,421.4581354458941,413.44935444024196,2.9851356434876095,66.97335386548104,93.63721832839092,439.2851761905472,384.15482625085906,9.588310035163621,3054902796,-0.0034395780302831636,0.025120871776938447,0.060258630336230246,1.118766427385212,0.017027207340397317,436.8999938964844,1
2024-09-27,419.7866821289063,436.8999938964844,442.5,433.5,436.0,53885913,412.75500030517577,407.0870013427734,357.4934999084473,423.8338059767541,415.1864388444081,2.898977416145203,68.12737326251202,89.81817072088069,442.39190778962217,383.1180928207294,9.546287889794792,3108788709,0.005292194571255848,0.030546010889437314,0.04973565853514739,2.7666698448901577,0.020599679848318765,443.2000122070313,1
2024-09-30,425.83990478515625,443.2000122070313,448.4500122070313,433.6000061035156,436.8999938964844,20903229,414.41500091552734,408.6580017089844,358.30399993896486,426.8132223198737,417.26151835275056,3.0426514007378858,71.10563432854886,91.38638400568794,446.83699378673566,381.993008044319,9.925124905060569,3129691938,0.014419817803979162,0.03466792550932518,0.08097563952934461,1.0469089058520196,0.033506330538138215,440.1000061035156,0
2024-10-01,422.8612976074219,440.1000061035156,447.75,438.7999877929688,446.0,15984996,416.1000015258789,409.9900018310547,359.08550003051755,428.85734290197246,418.9532581861406,2.7160257195572655,67.75084653618194,85.55362723476502,450.1429823635123,382.0570206882455,9.855473998058471,3113706942,-0.00699459841636374,0.02803083351766733,0.08292325962882541,0.7840025709209039,0.02033631466236805,435.3500061035156,0
2024-10-03,418.29736328125,435.3500061035156,442.5,432.0,432.0,13563784,417.6125015258789,411.0480017089844,359.8370001220703,429.85621416374835,420.16783210594616,2.000258449222075,62.857208187070285,73.31974648659424,452.24899203373604,382.9760110180217,9.901511569625724,3100143158,-0.010793001440865146,-0.0017197890151415818,0.07467291914152718,0.6611787984972245,0.02411852498631493,430.4500122070313,0
2024-10-04,413.58929443359375,430.4500122070313,439.3500061035156,426.2999877929688,432.8999938964844,18347292,418.97250213623045,411.8050018310547,360.5527502441406,429.9475677088688,420.9294750763969,1.0639752191134342,58.18806021831935,61.248664650995984,453.381688615161,384.5633156572999,10.126404908262945,3081795866,-0.01125529764049027,-0.009548996406354981,0.06745198315444845,0.8855054958612495,0.03031715167955488,415.4500122070313,0
2024-10-07,399.1768493652344,415.4500122070313,433.0,409.0499877929688,430.6000061035156,23431004,420.00500335693357,412.2710021972656,361.2130003356934,427.7171745547399,420.5235889379254,-0.6084254372351641,46.741698997279784,16.2437067216086,452.6446629168007,387.36534379706643,11.113805429603534,3058364862,-0.03484725188667326,-0.04909586172833702,0.05230502799531811,1.116117504255367,0.05764836082155698,420.9500122070313,1
2024-10-08,404.4613952636719,420.9500122070313,427.7000122070313,411.2999877929688,414.0,18706355,421.56000366210935,412.76400268554687,361.84750045776366,426.6760726550924,420.55517584674806,-1.344891396564261,50.58043790183356,30.203088934673833,451.12331046060973,391.996696863609,11.491392499922032,3077071217,0.013238656489096945,-0.050203067209317664,0.07977428656306795,0.8776572959073164,0.03895955324499825,418.4500122070313,0
2024-10-09,402.059326171875,418.4500122070313,424.75,417.0,424.4500122070313,13916492,422.6675048828125,413.2550030517578,362.4627505493164,425.41052489385225,420.39923779936163,-1.9636008883343923,48.85663801715022,23.857915201462365,449.9329335806179,395.40207618500716,11.22415017849903,3063154725,-0.00593894744625989,-0.04919335059357399,0.05589206433595417,0.6559070172028582,0.018520730729876592,422.7000122070313,1
2024-10-10,406.1428833007813,422.7000122070313,429.8999938964844,420.5,420.7000122070313,15866037,424.3200057983398,413.5700030517579,363.05075057983396,424.9935229420336,420.5696655332631,-2.040824459243602,51.8602361301826,34.64471054792186,447.0014865694578,401.6385250272218,11.240281000710032,3079020762,0.010156529755093624,-0.029057066082770366,0.08481975831706823,0.7401638496230444,0.02223797876750573,422.5,0
2024-10-11,405.95068359375,422.5,426.6499938964844,419.6000061035156,423.9500122070313,8639087,425.20250549316404,413.7000030517579,363.64725051879884,424.6099040278746,420.7126532715399,-2.0539448893435353,51.70633261468512,34.13706566697118,446.08744393509016,404.3175670512379,10.940974343014227,3070381675,-0.0004731776703459367,-0.018469071858703168,0.04359637799282012,0.418025830692587,0.01668636164016272,424.5,1
2024-10-14,407.8723449707031,424.5,426.0,420.0,424.6000061035156,8483177,426.35750579833984,413.72100280761725,364.22150054931643,424.5929957158939,420.9931974736481,-1.881117922745939,53.20188152197918,39.21320465354036,444.17972064483934,408.53529095184035,10.588047604227498,3078864852,0.004733727810650956,0.021783578113024227,0.05754859605073337,0.41402167118349453,0.014134275618374558,426.6000061035156,1
2024-10-15,409.8901062011719,426.6000061035156,427.2000122070313,423.5499877929688,426.6499938964844,9365964,427.1325057983398,413.85900268554695,364.8662506103516,424.90176654475874,421.4085166314161,-1.5901330013192787,54.78519299695917,44.543166080584804,443.52403848832574,410.7409731083539,10.092474519215711,3088230816,0.004947010844559729,0.013422006729163716,0.03770372116242937,0.45947612627611234,0.008556081485795413,424.25,0
2024-10-16,407.6321716308594,424.25,429.3999938964844,421.25,425.2999877929688,6219440,427.5300064086914,414.0790026855469,365.4777505493164,424.801494768642,421.6189968809408,-1.5207080215686046,52.638952801562105,38.578687280219214,443.22215080179814,411.8378620155847,9.953725903306331,3082011376,-0.00550868745872779,0.013860646729050963,0.019096835071215068,0.31138688098167916,0.0192103568567693,417.75,0
2024-10-17,401.38677978515625,417.75,425.6000061035156,416.6000061035156,423.6499938964844,11968387,427.7100067138672,414.13400268554693,366.05250061035156,423.7166494196201,421.3324045193897,-1.85516880723147,47.138256210777854,22.08123557386939,442.85723594300686,412.5627774847275,9.885602624498736,3070042989,-0.015321154979375362,-0.011710461471685196,0.00869251758196432,0.5967311959548158,0.02154398563734291,424.9500122070313,1
2024-10-18,408.30474853515625,424.9500122070313,425.9500122070313,414.4500122070313,417.7000122070313,8828971,427.7600067138672,414.3070031738282,366.62925064086915,423.90639754076034,421.600375459215,-1.5467133007332605,52.99743281101352,40.35536690781218,442.86379946659554,412.65621396113886,10.000916722748826,3078871960,0.017235217730775076,0.005798845460429192,0.00235876865480944,0.5039959621507893,0.027062006517597926,425.0,1
2024-10-21,408.352783203125,425.0,428.75,419.1000061035156,426.0499877929688,9139781,427.8125061035156,414.65300292968755,367.2240007019043,424.07464407295106,421.8521994992731,-1.3042326468805312,53.03635276633589,41.21448882678472,442.8701900740806,412.7548221329506,9.97585080658708,3088011741,0.00011763217209725951,0.0011778563015312216,0.0024766782939871224,0.5652055411160151,0.02270586799172794,415.75,0
2024-10-22,399.4651184082031,415.75,426.2999877929688,413.4500122070313,422.8500061035156,14242323,427.18250579833983,414.7550030517579,367.7332507324219,422.79392960018936,421.4001847215492,-1.7063458735346297,45.52433185343552,20.029924549991197,443.1258202112464,411.2391913854333,10.181145433683538,3073769418,-0.021764705882352908,-0.025433675453072624,-0.029415211681987685,0.8804679913220046,0.03090793887176789,408.2999877929688,0
2024-10-23,392.3069152832031,408.2999877929688,414.75,401.7000122070313,414.0,22522821,426.1925048828125,414.90400268554697,368.2190007019043,420.5640923990785,420.42979976387653,-2.3726384935782674,40.543475187631074,17.529818475093546,444.12042732520524,408.26458244041976,10.457491316489621,3051246597,-0.017919452091476162,-0.03759578599182367,-0.0462509180758085,1.3506937267408952,0.03196176385776865,411.8999938964844,1
2024-10-24,395.7658996582031,411.8999938964844,415.25,406.7999877929688,409.25,9400171,424.9825042724609,415.218002319336,368.72975067138674,419.2311541679102,419.79796229221785,-2.4589914024703283,43.746364948917,32.5878136340501,443.3340016272672,406.63100691765464,10.314099951528306,3060646768,0.008817061501704027,-0.014003605274723219,-0.05549188687992579,0.5812314821433989,0.02051471797097134,398.8999938964844,0
2024-10-25,383.2751159667969,398.8999938964844,407.5,391.6000061035156,402.5,19642277,423.1975036621094,415.2690020751954,369.19425064086914,416.1032833569216,418.2499646332746,-3.23109164361251,36.16920822608926,19.06002642201601,444.21161196239564,402.18339536182316,11.027377654488337,3041004491,-0.03156105897701733,-0.061301370895962326,-0.08214452762462232,1.2160235833682127,0.039859599247350365,403.8999938964844,1
2024-10-28,388.0792846679688,403.8999938964844,406.5,397.7999877929688,398.8999938964844,11716022,421.54750366210936,415.3860021972657,369.6827505493164,414.2258542091621,417.1870038379568,-3.236447996843397,40.442036815061044,32.11486087007794,443.1722551418932,399.92275218232555,10.861137265384256,3052720513,0.01253446998371599,-0.049647073184742596,-0.07553215944383551,0.834214225397838,0.021540015693243417,412.1499938964844,1
2024-10-29,396.006103515625,412.1499938964844,414.2999877929688,404.4500122070313,409.0,20284308,419.99500274658203,415.5670019531251,370.15800048828123,413.9064910841347,416.8138919904403,-2.5461594194834345,46.77320933331089,53.655337709380134,439.5368873254292,400.4531181677349,10.828198453319983,3073004821,0.020425848290837934,-0.00865906459053667,-0.070058703644716,1.4474901261624697,0.023899006992127776,408.5,0
2024-10-30,392.4990539550781,408.5,414.7999877929688,405.7999877929688,414.1499938964844,12264297,418.4150024414063,415.61200195312506,370.6257504272461,413.0747232250371,416.1980481392966,-2.209666741949869,44.51841528249189,44.70899300033101,436.2330953435069,400.59690953930567,10.697612849511414,3060740524,-0.008855984351660795,0.0004898658168284165,-0.07180187608559818,0.8869561481896867,0.022031823745410038,408.1499938964844,0
2024-10-31,394.57757568359375,408.1499938964844,410.6499938964844,403.5,409.0,12204072,417.0550018310547,415.59600158691416,371.08425033569335,412.3170725591059,415.60189597316236,-1.896932193397454,44.29788872342691,43.78305062851699,433.601942282558,400.5080613795514,10.444211495723767,3048536452,-0.0008568080869415517,-0.009104151627985724,-0.06247849276603379,0.8869616168752653,0.0175180546451209,411.3500061035156,1
2024-11-01,397.6712036132813,411.3500061035156,415.4500122070313,410.3500061035156,412.0,2145479,416.1000015258789,415.7560015869141,371.54225036621096,412.1682931043997,415.2869411680033,-1.3846054743556633,46.88831925644641,52.24869412173127,431.6170009339409,400.5830021178169,10.219626268211135,3050681931,0.007840284833724231,0.031210860861186296,-0.04437218158174716,0.16568271241510632,0.01239821569914423,400.9500122070313,0
2024-11-04,387.6170349121094,400.9500122070313,414.2999877929688,393.7000122070313,413.8500061035156,13866505,415.37500152587893,415.73600158691414,371.98025039672854,410.44240373557375,414.2249464301535,-1.6388000842654806,40.3247754999627,24.735473870324622,432.2419724655324,398.50803058622546,10.961079790905874,3036815426,-0.025282590840334573,-0.007303742842365901,-0.03490191256216457,1.111891243772812,0.051377914849147485,403.1000061035156,1
2024-11-05,389.695556640625,403.1000061035156,404.1000061035156,397.1499938964844,400.0,6665326,414.4825012207031,415.50100158691413,372.43125045776367,409.3128040998725,413.4008767763285,-1.5554640529133827,42.12832714030354,30.95559055014618,431.9532606548255,397.0117417865807,10.67457496348626,3043480752,0.005362249235633332,-0.021957995698143162,-0.042404099265678896,0.561572136687623,0.017241409332170773,408.8999938964844,1
2024-11-06,395.30267333984375,408.8999938964844,410.7999877929688,403.1499938964844,406.7000122070313,9700643,414.00500030517577,415.48600158691414,372.91250045776366,409.24929483781284,413.0674780444882,-1.0284596665061851,46.799488443672075,46.5679424905798,431.5378282467066,396.4721723636449,10.46210401534104,3053181395,0.014388458707885299,0.0009791772251759312,-0.02282236356064915,0.8320836608266157,0.018708716093600815,403.7999877929688,0
2024-11-07,390.3722229003906,403.7999877929688,410.8999938964844,402.0,410.8999938964844,7589295,413.0599990844727,415.3810015869141,373.34500045776366,408.41093990783685,412.3809972851164,-0.9442670696882871,43.4764085057427,32.83979459982551,430.6536273651595,395.4663708037859,10.350524721136992,3045592100,-0.012472502273518371,-0.010657861493485243,-0.044712618566960405,0.6749389316954645,0.02204059971652963,397.6499938964844,0
2024-11-08,384.4267272949219,397.6499938964844,404.2000122070313,395.5499877929688,403.1499938964844,7536509,411.8174987792969,415.1360015869141,373.77575042724607,406.75540975224413,411.28981184892143,-1.2068894312688312,39.805825963033264,17.435132522872777,430.06664825447166,393.56834930412214,10.229060413488813,3038055591,-0.015230297380884439,-0.03330500061688013,-0.05881658249352806,0.6735467646003297,0.021752859416148414,392.5499877929688,0
2024-11-11,379.4963073730469,392.5499877929688,400.8999938964844,391.7999877929688,398.1499938964844,12243693,410.2199981689453,414.6630010986329,374.1920004272461,404.56996022004796,409.9016767336657,-1.6033630785674036,37.01495800556341,3.983150718410705,429.3223972917259,391.11759904616474,10.148413677062154,3025811898,-0.012825364470754108,-0.020950303425168904,-0.0752650464241017,1.076149676871893,0.02318177655456945,380.2999877929688,0
2024-11-12,367.6536865234375,380.2999877929688,394.7999877929688,379.0499877929688,393.1499938964844,10549517,407.90499725341795,414.0690008544923,374.5970004272461,400.8361183081896,407.7089590343548,-2.515589832891889,31.332482951404003,3.4340636307845025,429.5578309590287,386.2521635478072,10.548526985843427,3015262381,-0.031206216739103954,-0.0565616918018399,-0.10853262458536395,0.9224434501739273,0.041414673956219346,381.3500061035156,1
2024-11-13,368.6688232421875,381.3500061035156,387.6000061035156,379.3500061035156,384.0,20602407,405.75999755859374,413.56800109863286,374.9615003967285,397.8382548920859,405.7564440024408,-2.848750573665278,32.29198482455378,6.318727384309795,428.95574718555724,382.56424793163023,10.38434648685461,3035864788,0.002761026411387757,-0.06737585767717869,-0.10111960847727608,1.694884568893377,0.021633669510839282,372.5,0
2024-11-14,360.1130676269531,372.5,385.2000122070313,371.3500061035156,380.0499877929688,15086601,403.49749755859375,412.9160009765626,375.3110003662109,393.940061831765,403.2930037059637,-3.4268026700072998,28.65734176720686,2.607695549485869,430.14446045434096,376.85053466284654,10.631893602330402,3020778187,-0.023207043298468788,-0.07751359271713631,-0.10831837223219631,1.2254021546546179,0.03718122443896827,366.7000122070313,0
2024-11-18,354.5059814453125,366.7000122070313,380.0,362.6499938964844,380.0,16383636,400.5849975585937,412.1850012207032,375.60025039672854,389.7492849664213,400.58241174307983,-3.925590057973654,26.54835958151888,7.670486564467594,429.8236520293237,371.3463430878638,11.11175878098649,3004394551,-0.0155704370281039,-0.07783221970200738,-0.1370749460565286,1.2911395005682806,0.04731389562572517,366.7000122070313,0
2024-11-19,354.5059814453125,366.7000122070313,378.5,365.0499877929688,368.0,17055094,397.6699981689453,411.6230017089845,375.86000045776365,386.2032430034383,398.0726043700392,-3.9694597183328515,26.54835958151888,7.670486564467594,428.18769806760224,367.1522982702884,11.278776882846826,3021449645,0.0,-0.06585142374165809,-0.13717644186580868,1.303403063853834,0.036678515842092724,356.1499938964844,0
2024-11-21,344.3067626953125,356.1499938964844,364.3500061035156,354.79998779296875,363.7000122070313,21276150,394.6899978637695,410.94900146484383,376.01800048828125,381.5796662177531,394.9672258164426,-4.390126360337156,22.980612151610032,2.2258953999738327,428.97138140562714,360.4086143219119,11.323151706505092,3000173495,-0.028770160783606946,-0.06350248401698988,-0.14335539652078322,1.5834308157376389,0.02681459630551785,365.4500122070313,1
2024-11-22,353.2974853515625,365.4500122070313,367.1000061035156,355.70001220703125,357.04998779296875,15949254,392.54749908447263,410.3320019531251,376.26800048828125,379.0981809853343,392.78076554907875,-3.748121060313684,31.694773912308193,17.55980235284654,428.4752187523484,356.6197794165969,11.328640434360754,3016122749,0.026112644868526935,-0.04169396523404889,-0.10494728598342462,1.2167514180661385,0.031194400097669602,368.3999938964844,1
2024-11-25,356.1494445800781,368.3999938964844,377.2000122070313,367.5,374.0,18388844,390.3724990844727,409.9070019531251,376.52250045776367,377.4523060485881,390.9747824637014,-2.87041032934599,34.236510859923015,22.85715311515229,426.61605203950825,354.1289461294371,11.35873754619213,3034511593,0.00807218933073095,-0.011006727794672821,-0.1056081588846347,1.3563598609682839,0.026330109575834804,361.6499938964844,0
2024-11-26,349.6238708496094,361.6499938964844,370.3999938964844,360.25,370.0,11222231,388.50999908447267,409.04300170898443,376.7207504272461,375.02118110211063,388.8025759031668,-2.503462972231139,31.360874481760675,12.210348232183803,426.5911273910959,350.42887077784945,11.272398714070148,3023289362,-0.018322475873592592,-0.013771524795302748,-0.09338180137868457,0.8542789934557996,0.028065793081112626,369.2999877929688,1
2024-11-27,357.0195007324219,369.2999877929688,371.6000061035156,361.3500061035156,363.7999877929688,14225274,386.7799987792969,408.40100158691416,376.9047503662109,374.1409975160888,387.3579397468559,-1.5512083215536148,37.743124203282946,25.84669950524548,425.0505520491813,348.50944550941244,11.19937023449371,3037514636,0.021153032007720896,0.0070901977076280875,-0.08566478491302776,1.07263764074634,0.02775521348174589,362.0499877929688,0
2024-11-28,350.0105895996094,362.0499877929688,371.8500061035156,359.6000061035156,369.7000122070313,16837860,384.2749984741211,407.42000122070317,377.0345002746582,372.28084217407036,385.4832766391605,-1.2293604447013635,34.4717722953546,12.92334975262279,422.13160291370207,346.41839403454014,11.27441521774416,3020676776,-0.019631736365137376,0.01656603677550339,-0.12155770191785731,1.2863506764037302,0.033835106789189905,363.6499938964844,1
2024-11-29,351.557373046875,363.6499938964844,365.3999938964844,360.20001220703125,363.25,14280017,382.0324981689453,406.3670013427735,377.18175018310546,370.95301936213406,383.86599643599936,-0.7519224427812041,35.79437919599792,17.914983258583817,419.19047567310713,344.8745206647835,10.840527108580515,3034956793,0.004419296112310622,-0.004925484335535302,-0.10979193660591335,1.0826051498806102,0.01429941365799483,358.20001220703125,0
2024-12-02,346.2886047363281,358.20001220703125,363.8999938964844,357.0,363.6499938964844,12510350,379.53499908447264,405.2480017089845,377.31925018310545,368.99101826134904,381.96481241903876,-0.6501916212844971,33.32689011809873,7.37532313212256,416.0444231596535,343.0255750092918,10.559060450573648,3022446443,-0.014986887889250178,-0.02768724717275428,-0.12238143436582172,0.9473422502046791,0.01926296387867329,367.4500122070313,1
2024-12-03,355.23101806640625,367.4500122070313,370.0,358.20001220703125,359.0,14205760,377.3399993896484,404.1180017089844,377.5020002746582,368.75394040683864,380.8896420329641,0.15032072822380727,40.7876654411199,31.625061035156346,411.1103473135523,343.5696514657445,10.647698117887584,3036652203,0.025823561375686976,0.016037656320843308,-0.10672175336114365,1.0287507376754776,0.03211317839423643,372.75,1
2024-12-04,360.3547973632813,372.75,375.1499938964844,368.0,368.9500122070313,22035954,375.92999877929685,403.0940014648438,377.74125030517575,369.36871880578656,380.28670558607786,1.0944284592463802,44.61208957464769,54.72561642216952,407.9489161540107,343.911081404583,10.437146944427976,3058688157,0.014423697419780002,0.009342031738612588,-0.07033298752581196,1.5499480796906104,0.01918174083563883,369.1499938964844,0
2024-12-05,356.8744812011719,369.1499938964844,373.9500122070313,364.3999938964844,372.75,18758283,374.2324981689453,401.9100012207032,378.0062503051758,369.33506881974006,379.4617639794413,1.5085760638691639,42.5994283124616,47.2039295365748,403.81690065070507,344.64809568718556,10.373780613436471,3039929874,-0.00965796406040409,0.019610568548273477,-0.08422230635817185,1.2655815205378356,0.02587029247852273,369.5,1
2024-12-06,357.2128601074219,369.5,371.2000122070313,368.0499877929688,369.4500122070313,9736086,372.2624984741211,400.7380010986329,378.2460003662109,369.36044284747237,378.72385553651975,1.81748682761841,42.86929221152187,58.333353516906975,397.2389980445644,347.2859989036778,9.857798027766902,3049665960,0.0009481406184548291,0.01608691379541405,-0.09635606379211326,0.6567945192546575,0.00852509990274019,369.8500061035156,1
2024-12-09,357.5512084960937,369.8500061035156,373.2999877929688,367.75,370.8999938964844,10878679,370.56499938964845,399.4130010986329,378.4552503967285,369.435760271479,378.06653335629727,2.040101145478026,43.15709138924514,63.50215425662051,390.92527678475227,350.2047219945446,9.550097296709895,3060544639,0.0009472424993657302,0.032523711612133965,-0.08407623257992669,0.7258206028839548,0.015006050294387304,369.1499938964844,0
2024-12-10,356.8744812011719,369.1499938964844,371.2000122070313,366.3999938964844,369.0,7913822,369.13999938964844,398.10400085449226,378.60475036621096,369.39179621378753,377.4060489518667,2.1252971937736973,42.69385782131415,64.06245742529997,385.26759866008075,353.0124001192161,9.210805940555398,3052630817,-0.001892692160278986,0.004626429808077592,-0.07167106862176664,0.527342897792144,0.01300289418911093,365.5,0
2024-12-11,353.3458557128906,365.5,370.75,364.7000122070313,369.25,9998662,367.7875,396.6760009765626,378.7435003662109,368.7930583347433,376.52411939987655,1.9267910933756927,40.26687348322034,45.581338571947555,379.86337874791167,355.7116212520884,8.985033215727777,3042632155,-0.009887563204207694,-0.019450033534540556,-0.06890839035571439,0.6712888380097246,0.0165526341804889,355.6000061035156,0
2024-12-12,343.7750549316406,355.6000061035156,367.0,353.0,366.0,22538216,366.55250091552733,394.92400085449225,378.8277503967285,366.7633579914775,374.9741850816276,1.15762005468709,34.532827340203596,10.743821454603209,378.3049682275944,354.8000336034603,9.343245128890077,3020093939,-0.02708616661144836,-0.03670591363132569,-0.06494867862814546,1.454626611228141,0.039370078064409765,357.1499938964844,1
2024-12-13,345.2734680175781,357.1499938964844,358.29998779296875,348.04998779296875,355.75,14269143,365.3425003051758,393.26500061035165,378.88500030517577,365.28437889994007,373.6538746234688,0.7991611370467275,36.06783559492363,33.57935075274799,375.64552305114336,355.03947755920825,9.408013333969356,3034363082,0.004358795743433008,-0.0334235618498393,-0.06345879590850789,0.9401513390634573,0.028699426501938675,352.8999938964844,0
2024-12-16,341.1648254394531,352.8999938964844,358.8999938964844,351.70001220703125,357.1499938964844,12168143,364.3625,391.616000366211,378.9690002441406,363.37908889940843,372.11655012517366,0.3449565078482042,33.73234059316714,17.896697458257933,375.45429462851405,353.270705371486,9.250296787932482,3022194939,-0.011899762208120945,-0.04582942254241085,-0.05261746604970641,0.809505637297611,0.020402328744627534,349.04998779296875,0
2024-12-17,337.4428405761719,349.04998779296875,353.8500061035156,347.25,352.0,15646176,363.47999877929686,389.9879998779298,379.0165002441406,361.17461180611,370.40791587834366,-0.12070907089616156,31.728055533723563,6.451570561797015,376.3530127161128,350.6069848424809,9.060990310474136,3006548763,-0.010909623604711483,-0.05444942824285126,-0.048132052976583295,1.0434470915953442,0.018908483983188885,341.75,0
2024-12-18,330.3856506347656,341.75,351.0,340.0,349.54998779296875,14672392,362.2324981689453,388.5139996337891,379.0365002441406,358.1862099897854,368.28510729476267,-0.7890418429118142,28.29508966090647,4.978663737904749,378.1024171612036,346.362579176687,9.199491002583127,2991876371,-0.02091387494131236,-0.06497948016415867,-0.06803930018127469,0.9863418429665272,0.03218727139722019,337.3999938964844,0
2024-12-19,326.18023681640625,337.3999938964844,340.6000061035156,335.04998779296875,337.0,14513129,361.2949981689453,386.8429992675782,379.03550018310546,354.988330590816,365.99732111711245,-1.3593080513848008,26.457979811294564,5.860363455928742,380.38085643794386,342.20913989994676,9.02095680290085,2977363242,-0.012728620639401944,-0.05118113581171646,-0.05264635777433069,0.998329499977257,0.016449372883657023,333.25,0
2024-12-20,322.16827392578125,333.25,343.8999938964844,331.0,337.79998779296875,20375797,359.68499755859375,385.1389990234375,379.02125015258787,351.6439720383828,363.571593626956,-1.8223512909292356,24.803436349376938,5.096263445189662,382.21837578137394,337.15161933581356,9.29803088101396,2956987445,-0.012299922855830259,-0.0669186456808718,-0.0881105790982698,1.3805918227075862,0.03870965910422918,333.6499938964844,1
2024-12-23,322.55499267578125,333.6499938964844,338.25,330.5,335.8999938964844,8884187,357.94749755859374,383.3579986572266,379.02300018310547,348.87566770885996,361.3551788321062,-1.8993926604818512,25.288389945987575,7.054858515293991,382.76788353533044,333.12711158185704,9.18745724665582,2965871632,0.0012002817598930626,-0.05454803154699561,-0.09432682023812489,0.6219891478270284,0.023227933888122457,335.29998779296875,1
2024-12-24,324.1501159667969,335.29998779296875,336.8500061035156,331.75,335.1000061035156,7755462,356.62999725341797,381.61399841308594,379.02150009155275,346.78710156795364,359.425164681059,-1.6463557202727763,27.36921973426668,11.047149469366527,383.2560855073849,330.003908999451,8.895496450717234,2973627094,0.004945283760431574,-0.039392638535645785,-0.07286051859040765,0.5496363417205135,0.01521027822603032,334.6499938964844,0
2024-12-26,323.5217590332031,334.6499938964844,337.3999938964844,332.25,335.29998779296875,9030212,354.8974975585937,379.81699829101564,378.97725006103514,344.91985423388144,357.5899668451646,-1.342724174760459,27.049609203706794,9.696250187169767,382.49207551147197,327.3029196057155,8.627960553986316,2964596882,-0.0019385443487869303,-0.020775438488707,-0.09382614416957247,0.6519812599137361,0.01538919465236087,335.0,1
2024-12-27,323.860107421875,335.0,340.0,334.20001220703125,336.6499938964844,9090597,353.5449981689453,377.9849981689453,378.88300003051756,343.3937228132843,355.91663596774504,-0.9564197743504312,27.540298098614997,10.514021690303522,382.23461602122353,324.8553803166671,8.425962499627918,2973687479,0.0010458870757483751,-0.007113200770302086,-0.07471340617317412,0.6752255052157243,0.017313396396921643,331.3999938964844,0
2024-12-30,320.3797912597656,331.3999938964844,336.79998779296875,327.3999938964844,335.0,36657549,351.9324981689453,376.127998046875,378.74875,341.5485337491612,354.1005884069109,-0.7884490221114966,25.63066152133095,9.132416273526557,381.7712582407799,322.0937380971107,8.49553617083195,2937029930,-0.010746286876166078,-0.00555140616208738,-0.08868417583194077,2.513902420714893,0.028364496287288838,333.3500061035156,1
2024-12-31,322.2649841308594,333.3500061035156,334.6000061035156,326.20001220703125,330.1000061035156,8580998,350.6899978637695,374.4399981689453,378.65574996948243,340.28722180367726,352.563508236289,-0.41014463757884556,28.52183568755693,16.04937341332526,381.43706000667834,319.9429357208607,8.488711722664267,2945610928,0.005884164885169962,-0.0008991092415898683,-0.06937466570814321,0.5965048457410199,0.025198721291986158,333.6499938964844,1
2025-01-01,322.55499267578125,333.6499938964844,334.6499938964844,328.79998779296875,333.0,7843971,348.9999969482422,372.6139978027344,378.5629998779297,339.2661098179553,351.16250717408127,-0.02420444887446216,28.979257092342124,18.259764505951676,379.5916649139762,318.4083289825082,8.300232749867934,2953454899,0.0008999183665099331,-0.004920948274842019,-0.09198535089856819,0.5576002751729144,0.017533361937751457,338.0,1
2025-01-02,326.76031494140625,338.0,338.6000061035156,330.0,333.6499938964844,16543382,347.2624969482422,370.8739978027344,378.51324981689453,339.071323692116,350.1875066426678,0.6048079653597558,35.43182482689966,36.085609787282095,376.1616661665136,318.36332772997076,8.32164513227134,2969998281,0.013037632798114762,0.010010477109262617,-0.09322602280348757,1.1994264259651357,0.025443805039987055,339.8500061035156,1
2025-01-03,328.548828125,339.8500061035156,344.5,337.04998779296875,338.04998779296875,8689629,345.79749755859376,369.3559979248047,378.4887498474121,339.19112098617745,349.4217658619899,1.192276832079303,38.01128013320317,41.74312397516409,373.0326510964826,318.5623440207049,8.259385637611334,2978687910,0.0054733908388036046,0.014477630159748234,-0.07937149743305949,0.6538810482854507,0.02192147145279743,327.5,0
2025-01-06,316.6094970703125,327.5,341.70001220703125,326.45001220703125,341.70001220703125,10538077,343.69749755859374,367.7399981689453,378.5137498474121,337.392486988304,347.79793135369437,0.8139818740010938,29.530148252863853,4.701584375879519,369.74959051130594,317.64540460588154,8.75871523492481,2968149833,-0.03633957887808281,-0.011768237683500327,-0.11366711772665761,0.7905883374300446,0.046564885496183206,328.6000061035156,1
2025-01-07,317.67291259765625,328.6000061035156,330.3500061035156,325.1000061035156,327.0,13891401,341.63499755859374,366.0739984130859,378.5474998474121,336.03979762141347,346.3758628166441,0.7066888353286966,31.006740519727643,13.513516698067965,365.51997256853565,317.7500225486518,8.508092718144466,2982041234,0.0033587972626432094,-0.014249287274724076,-0.11153170020079639,1.0305157498613366,0.01597687127962543,325.3999938964844,0
2025-01-08,314.57928466796875,325.3999938964844,330.5,321.8500061035156,330.5,8993608,339.44749755859374,364.60399841308595,378.5929998779297,334.4029047406552,344.82209474848406,0.49885121818434186,29.096701605100563,15.673239512527031,360.72310496032185,318.17189015686563,8.518228516597317,2973047626,-0.009738320595232053,-0.024726510268001323,-0.1185155105603719,0.6645177857156,0.02658264922781804,320.3500061035156,0
2025-01-09,309.697265625,320.3500061035156,325.95001220703125,319.79998779296875,324.04998779296875,12403467,337.1899978637695,362.93299865722656,378.60899993896487,332.2409203349414,343.0093474414494,0.11969129560418423,26.339221361407326,2.226793679034311,356.411405463303,317.968590264236,8.349071080701972,2960644159,-0.015519323563894183,-0.052218916853504105,-0.12352939506562077,0.9083942841996582,0.019197828303069316,308.25,0
2025-01-10,297.9996337890625,308.25,321.0,307.6000061035156,320.3500061035156,15941143,334.82249755859374,360.85499877929686,378.5829998779297,328.55000951418117,340.434580964305,-0.7971624384093055,21.163833240934338,1.7615013658479297,355.95922611153856,313.6857690056489,8.709851281829286,2944703016,-0.03777120609638984,-0.0929822143180733,-0.13315524547469204,1.1963852258774894,0.043471188634174776,298.20001220703125,0
2025-01-13,288.2838134765625,298.20001220703125,309.95001220703125,296.8500061035156,301.1000061035156,29630336,331.87499847412107,358.6489990234375,378.5057499694824,323.880779159235,337.30609438969213,-1.8703249749941175,18.0002258909074,2.833171618968935,355.96956546816324,307.7804314800789,9.023433769092595,2915072680,-0.03260336672495945,-0.08946561158158395,-0.1650566504182528,2.1025632190234074,0.04393026682514247,310.3999938964844,1
2025-01-14,300.0780944824219,310.3999938964844,312.70001220703125,300.20001220703125,300.45001220703125,22732888,329.74999847412107,356.6939990234375,378.43274993896483,321.8068121957349,335.31304990871377,-1.560997966012664,31.404987956333187,28.43649428876101,353.5472826983811,305.95271424986106,9.414617071300267,2937805568,0.04091207642534589,-0.05538652425130475,-0.12043071899986046,1.5548405223722206,0.04027061934855784,321.3500061035156,1
2025-01-15,310.6640319824219,321.3500061035156,324.29998779296875,312.54998779296875,312.54998779296875,21894626,328.36499938964846,354.8939990234375,378.4157499694824,321.73653433539346,334.278750367588,-0.47758102818264625,40.764786841337575,51.41658580948447,350.6865563115564,306.04344246774053,9.735001130241988,2959700194,0.035277101876113326,-0.012446182756405078,-0.0793582084463007,1.4661767224608726,0.03656449284838353,325.5,1
2025-01-16,314.6759948730469,325.5,327.29998779296875,321.6499938964844,324.70001220703125,14865186,327.55249938964846,353.3849987792969,378.39774993896486,322.3155290530253,333.6284725625814,0.6013531955645899,43.889673802631364,60.12591304570592,349.03321805664586,306.07178072265106,9.464642598757068,2974565380,0.012914248693518093,0.016076147333739188,-0.04754937820043892,0.9948071082947086,0.017357892155097927,326.1499938964844,1
2025-01-17,315.30438232421875,326.1499938964844,329.0,323.3500061035156,325.29998779296875,7129232,326.98999938964846,351.84599853515624,378.37049987792966,322.90544672124975,333.0745111799076,1.3961857971703182,44.38454971799292,61.490013737715316,347.9936758337839,305.986322945513,9.192167691451877,2981694612,0.0019969090521794186,0.058069728780160146,-0.03334321340696744,0.4891885439270773,0.01732329910230692,336.04998779296875,1
2025-01-20,324.8751525878906,336.04998779296875,337.0,324.54998779296875,326.20001220703125,17991880,327.1299987792969,350.3889984130859,378.3717498779297,324.9276838092065,333.2949168549491,2.5584137680684087,51.41334446887345,82.26649886799945,348.3350732026245,305.92492435596927,9.424870871136118,2999686492,0.03035411338878169,0.12692814901583382,0.008402063894880074,1.2447345111527715,0.037048095995472444,324.29998779296875,0
2025-01-21,313.515869140625,324.29998779296875,338.25,323.79998779296875,337.79998779296875,12774630,326.6624984741211,348.79899841308594,378.28149978637697,324.83111519132376,332.6286258133209,2.502508953451107,44.26318556934775,57.607524041001795,347.68345659520645,305.64154035303574,9.783809537985771,2986911862,-0.03496503623514147,0.044780909052207996,-0.02802339659690356,0.8720530587875606,0.044557547798170304,322.3999938964844,0
2025-01-22,311.6790466308594,322.3999938964844,327.0,317.3500061035156,327.0,11068145,326.0174987792969,347.29399841308594,378.16949981689453,324.45709653057924,331.87094937503673,2.3089333847926206,43.21656537879905,53.620128154630954,346.7281029861124,305.3068945724814,9.77425127787853,2975843717,-0.005858754141234601,0.003267427331650641,-0.03847299244296276,0.7471132505741646,0.029931743421753223,323.6499938964844,1
2025-01-23,312.88751220703125,323.6499938964844,325.1000061035156,319.54998779296875,321.0,6477347,325.4674987792969,345.91599853515623,378.03149978637697,324.33292689456465,331.26198970995875,2.2349787310848086,44.15217609687278,59.75470266629016,345.81291959322306,305.1220779653707,9.472520351640554,2982321064,0.0038771712892815557,-0.0056835824992799155,-0.032870163456218626,0.4410287379411452,0.01714821076845743,323.6499938964844,0
2025-01-24,312.88751220703125,323.6499938964844,329.8999938964844,322.1000061035156,324.79998779296875,7492600,324.8999984741211,344.7829986572266,377.87649978637694,324.2278602794754,330.6981381682199,2.1550109261875505,44.15217609687278,64.73427957496526,344.77799813720367,305.02199881103854,9.353053740306853,2989813664,0.0,-0.007665184874396935,-0.03388061523437502,0.5129456810781142,0.024100070879233458,322.20001220703125,0
2025-01-27,311.4857177734375,322.20001220703125,325.04998779296875,315.0,323.6499938964844,13803855,324.43999938964845,343.59999877929687,377.7147499084473,323.9158836529455,330.06864735628,1.9780200892780435,43.19470447882865,61.2319078280548,344.11984875505254,304.76015002424435,9.402834744068416,2976009809,-0.0044800918176963744,-0.04121403389090461,-0.027760959139687902,1.0252173855596962,0.031191767263221204,318.25,0
2025-01-28,307.6670837402344,318.25,323.8500061035156,308.1499938964844,322.5,22008929,323.6849990844727,342.5149987792969,377.48849990844724,323.0442092448001,329.1931919965556,1.5854408326856042,40.61102659751167,51.69081413391616,343.09638604579703,304.2736121231483,9.85263313428005,2954000880,-0.012259503592113918,-0.018655528895150653,-0.04529775259349056,1.5569729942095756,0.04933232429546347,321.25,1
2025-01-29,310.5672912597656,321.25,322.8999938964844,313.29998779296875,320.0,16056888,323.06499938964845,341.60599853515623,377.28024993896486,322.76817705329233,328.60480740421815,1.5182345868122402,43.381011894818556,58.93719201382874,341.9485892248344,304.1814095544625,9.834588346368305,2970057768,0.009426551453260101,-0.0035669786546386195,-0.03716467592782724,1.1038421498977569,0.0298832874817607,323.0,1
2025-01-30,312.2591552734375,323.0,326.79998779296875,321.1499938964844,322.25,10375720,322.31499938964845,340.7319982910156,377.08274993896487,322.8038421220166,328.18963648538715,1.5752564594939944,44.99274489093152,63.16424577711108,339.91414599968124,304.71585277961566,9.535688742805165,2980433488,0.005447470817120603,-0.002008323524616773,-0.044378698224852076,0.7287354297223363,0.0174922411655863,324.0,1
2025-01-31,315.66912841796875,324.0,326.25,317.54998779296875,322.45001220703125,13195557,321.52249908447266,340.08899841308596,376.89399993896484,322.98786641093716,327.87929304202515,1.6556993534212516,45.93975719222261,62.54926525197663,337.2161375340776,305.82886063486774,9.475997561678456,2993629045,0.003095975232198178,0.001081433987691005,-0.04663823986717197,0.9123491267184061,0.026851889527874227,317.70001220703125,0
2025-02-01,309.5311279296875,317.70001220703125,330.79998779296875,316.75,326.04998779296875,10097627,321.0324996948242,339.1339984130859,376.67675003051755,322.17435037956704,327.125272239433,1.276963299714632,41.134999070816264,31.727629149654724,336.56009023315664,305.50490915649175,9.802711149627763,2983531418,-0.019444406768422073,-0.013966479917786323,-0.029923626848759488,0.6992209626958796,0.04422407067398217,311.25,0
2025-02-03,303.2469787597656,311.25,314.04998779296875,304.0,310.1000061035156,15881217,320.1649993896484,337.9909985351562,376.4367500305176,320.4936810904029,325.94932614762314,0.6177920818882816,36.88193395587395,21.16788321167883,335.8424312652753,304.4875675140215,10.081089796585156,2967650201,-0.020302209503309854,-0.021995286724273422,-0.05279977413649228,1.09218736987534,0.03228911740712852,319.1000061035156,1
2025-02-04,310.8951110839844,319.1000061035156,320.45001220703125,310.29998779296875,314.8500061035156,12141064,319.85,337.1399987792969,376.27650009155275,320.2792695539587,325.44196910731887,0.7285900685987023,44.414549636748205,44.08760906135949,335.34615372909,304.35384627091,10.086013697833538,2979791265,0.025220903143825302,-0.006692588004620581,-0.01936074957325562,0.8260285398397823,0.03180828649301199,319.6000061035156,1
2025-02-05,311.3822631835937,319.6000061035156,323.04998779296875,318.3999938964844,321.0,12226722,319.8125,336.1459991455078,376.12175018310546,320.17476748465975,325.0092311070372,0.8454607996651333,44.86588279889508,45.54746307595803,335.30726213320276,304.31773786679724,9.69772656916574,2992017987,0.0015669068957580023,-0.010526296893140441,-0.0023411892795708322,0.8323568161913127,0.014549417420781535,312.79998779296875,0
2025-02-06,304.7571105957031,312.79998779296875,322.70001220703125,311.3999938964844,322.6000061035156,13384442,320.0399993896484,335.1609991455078,375.9712501525879,319.0401859936304,324.1048427134025,0.49221416181638933,40.09743071479924,25.693395015967152,334.97242765554427,305.10757112375256,9.812175979264392,2978633545,-0.021276652630427106,-0.03456793891059029,0.014760706546532942,0.9191699322166494,0.036125379640442816,316.95001220703125,1
2025-02-07,308.8004455566406,316.95001220703125,319.25,312.1000061035156,313.5,8937447,320.9774993896484,334.22699951171876,375.82025024414065,318.71862079569206,323.57485526848615,0.5605091270355027,44.00860985934843,48.320963080545944,332.2013305112617,309.75366826803514,9.622020116208676,2987570992,0.013267341994940507,-0.002360717567461923,0.06287726100756297,0.6607214517792719,0.022558743086004397,310.5,0
2025-02-10,302.5162658691406,310.5,316.8500061035156,309.0,316.5,6806132,320.98249969482424,333.27299926757814,375.6145002746582,317.4542175963548,322.6063474708205,0.211690980291122,39.672984937201576,24.253742390529524,332.1875503075935,309.777449082055,9.50259097983886,2980764860,-0.020350250697634076,-0.002409638554216831,0.0003221846181769017,0.5346335301586023,0.02528182319972826,305.6000061035156,0
2025-02-11,297.74224853515625,305.6000061035156,312.3500061035156,304.1499938964844,312.3500061035156,13241830,320.1949996948242,332.0359991455078,375.3465002441406,315.6304927513026,321.34661848064974,-0.28184389967226586,36.713856940577045,5.970174747375829,333.24757583365465,307.1424235559938,9.40954963892403,2967523030,-0.01578097873263884,-0.0423064861854644,-0.049011979775492764,1.0767621666355975,0.026832500141553226,306.25,1
2025-02-12,298.37554931640625,306.25,307.5,300.0,306.20001220703125,7616083,319.23249969482424,330.7059991455078,375.0977502441406,314.187340020333,320.22835044504603,-0.485382876030517,37.38108276996865,20.292215834666,333.3720936249947,305.0929057646538,9.273153236143742,2975139113,0.002126943336068443,-0.04177098200427343,-0.05913978494623651,0.6381104809480372,0.024489795918367346,306.70001220703125,1
2025-02-13,298.8139953613281,306.70001220703125,308.6000061035156,303.1000061035156,306.1499938964844,9086906,318.26000061035154,329.4569995117188,374.8162503051758,313.03544343367116,319.2262513163042,-0.5081442671604028,37.869475221302054,21.753295007996005,333.02439704072594,303.49560417997714,9.003642290704903,2984226019,0.0014694276147959595,-0.019501201483341668,-0.059635082181317745,0.7551497066123289,0.017932832673926806,300.3500061035156,0
2025-02-14,292.62725830078125,300.3500061035156,308.25,298.3500061035156,306.8500061035156,7446248,316.4750015258789,328.0739996337891,374.5020002746582,311.0838376905703,317.82801093017173,-0.8492076993030526,33.85671889413885,6.163331675006889,330.83116281232395,302.11884023943384,9.067667405403437,2976779771,-0.02070429035141086,-0.052374208752743456,-0.10623414071196724,0.6471638945643124,0.03296152387315864,302.3500061035156,1
2025-02-17,294.5758361816406,302.3500061035156,303.20001220703125,292.79998779296875,297.5,6464173,315.37750244140625,326.72399963378905,374.16850036621094,309.7401712925619,316.68149205412317,-0.8370841770103095,36.15151770398866,25.131627133018092,330.50821184450695,300.24679303830555,9.162835763164798,2983243944,0.0066588978170711854,-0.02624796746049718,-0.06768418907084839,0.5776510295844672,0.0343973018161668,311.20001220703125,1
2025-02-18,303.19830322265625,311.20001220703125,312.3999938964844,297.5,301.1499938964844,15793327,314.81750335693357,325.565,373.8997503662109,309.9647622024803,316.2754565098942,-0.16516617829034708,45.21005369117413,48.42111687911184,329.694034499205,299.94097221466217,9.572632772687626,2999037271,0.02927073234615918,0.018324626936096156,-0.034739397957461504,1.38214174886818,0.04787915588696023,314.79998779296875,1
2025-02-19,306.7056884765625,314.79998779296875,316.3500061035156,310.6000061035156,311.20001220703125,13079903,314.3750030517578,324.5509997558594,373.68975036621094,310.70864306255544,316.16616253086266,0.5504069286530484,48.416047783838515,57.89473684210526,328.6902200001451,300.0597861033705,9.29958757463851,3012117174,0.01156804448819404,0.027918327487244987,-0.027344372842306286,1.1125362113871902,0.018265566146659265,325.1499938964844,1
2025-02-20,316.7895812988281,325.1499938964844,327.1499938964844,311.5,312.54998779296875,22888146,314.4500030517578,323.94199951171873,373.56975036621094,312.93038934469837,316.83163152090873,1.6853473765999318,56.328108001881255,94.17758473179629,328.97301688450716,299.9269892190084,9.753188026198929,3035005320,0.03287803845253778,0.06015644263163211,0.0046346362684615006,1.8271619008072,0.048131613686779734,326.25,1
2025-02-21,317.8612670898437,326.25,329.75,321.54998779296875,323.29998779296875,10809296,314.6525024414062,323.3239996337891,373.42375030517576,314.97956021474477,317.5292884452859,2.4294890578153367,57.0815642312989,90.52774331875868,329.70538801159967,299.5996168712128,9.642246896258381,3045814616,0.0033830728099777385,0.08623270640972769,0.012569794039506199,0.8733455855567058,0.025134137033045977,320.1000061035156,0
2025-02-24,311.8694152832031,320.1000061035156,325.3999938964844,319.45001220703125,322.1000061035156,6034113,314.74500274658203,322.6679998779297,373.2940003967285,315.7673211207095,317.7197119755251,2.4214611468326597,51.710066572972806,73.88365166859656,329.9075157393689,299.5824897537952,9.43922838888055,3039780503,-0.018850556004549768,0.0587067955736138,0.005813059241211782,0.5211641879968124,0.018587883711345475,318.70001220703125,0
2025-02-25,310.50543212890625,318.70001220703125,321.5,315.75,320.1000061035156,10686112,314.6175033569336,322.0610003662109,373.11000045776365,316.218504364759,317.79232680748856,2.2400236471349713,50.544047426008746,70.09476551440478,329.6009007684701,299.63410594539704,9.175712075389084,3029094391,-0.004373614088690858,0.02410025612405975,-0.00793770519212067,0.9448706346086897,0.018042045120050806,315.70001220703125,0
2025-02-27,307.58258056640625,315.70001220703125,319.29998779296875,314.5,315.3500061035156,7302366,314.2525039672852,321.54000061035157,372.9340005493164,316.1387363404932,317.63734054078805,1.8521935116557722,48.04399293146557,61.975688359055084,328.7490695902929,299.75593834427747,8.863160340930488,3021792025,-0.009413240932200417,0.002859035733681292,-0.022600581402380082,0.6545722648962417,0.015204268632783553,311.45001220703125,0
2025-02-28,303.4418334960937,311.45001220703125,315.6499938964844,306.54998779296875,314.0,21127180,313.62500457763673,321.0210009765625,372.7122506713867,315.41739416611443,317.1790199234727,1.2713375636738666,44.67286218612195,50.473662388976344,327.45046837303374,299.7995407822397,8.88365063186849,3000664845,-0.013462147087954235,-0.042134343984686295,-0.03873453022521223,1.8287945863778756,0.029218191513399418,314.3999938964844,1
2025-03-03,306.31597900390625,314.3999938964844,317.79998779296875,307.70001220703125,311.29998779296875,9779703,313.4600036621094,320.64400085449216,372.47750061035157,315.2608710477098,316.97316614369583,1.0565345800369066,47.430187474627665,58.457372036822605,327.1652410625441,299.75476626167466,8.97053098573056,3010444548,0.00947176617059231,-0.03632185778855368,-0.010387214931538602,0.8477095177049466,0.03212460490461364,313.75,0
2025-03-04,305.68267822265625,313.75,314.8999938964844,308.0,311.29998779296875,8734999,313.5850036621094,320.2460009765625,372.2390005493164,315.02842934806216,316.7344130960147,0.8502767424563076,46.87585080913929,56.69825517146826,327.2528867659468,299.91712055827196,8.822635479355833,3001709549,-0.002067410652362711,-0.019837569454660087,0.008032128514056325,0.7813540650131025,0.021992012419073705,326.20001220703125,1
2025-03-05,317.8125915527344,326.20001220703125,327.29998779296875,313.5,313.54998779296875,10493615,313.9400039672852,320.0640014648437,372.0427505493164,316.74713440328816,317.43556858571964,1.494261046381887,57.19527867890673,90.39245840277904,328.5019944014742,299.3780135330962,9.178160644613898,3012203164,0.03968131380727091,0.023533102330500988,0.02225009704704428,0.945631651162411,0.04230529514575932,337.8999938964844,1
2025-03-06,329.21173095703125,337.8999938964844,338.79998779296875,323.20001220703125,329.0,26294903,314.8550033569336,320.1290014648437,371.8722505187988,320.0014204791645,318.95145194207254,2.586131012724258,64.22777717018164,98.0434915293818,332.6626356677778,297.0473710460894,9.636861711851298,3038498067,0.03586750843536879,0.07031986325960204,0.05725903455409065,2.228316233637281,0.046167433760642654,329.54998779296875,0
2025-03-07,321.0764465332031,329.54998779296875,338.75,328.70001220703125,335.8500061035156,8992315,315.69250335693357,320.02000122070314,371.65075042724607,321.4704308351344,319.73652867176855,2.6160517111985024,57.026920185567,79.8913043478261,334.577683770148,296.80732294371916,9.666370717645403,3029505752,-0.024711471602078983,0.058115186631958915,0.053548595440119584,0.7764888181992967,0.030496095175953686,329.3999938964844,0
2025-03-10,320.9302978515625,329.3999938964844,334.95001220703125,326.29998779296875,329.45001220703125,11383132,316.31500244140625,319.9800012207031,371.43625045776366,322.6903636138036,320.4523409106364,2.4961378007998922,56.90350409588251,77.23971749433615,336.1231525942029,296.5068522886096,9.593774553103767,3018122620,-0.0004551476317413705,0.04770992459032519,0.039280584350698255,0.9726658599293152,0.026259941027141652,330.29998779296875,1
2025-03-11,321.80712890625,330.29998779296875,333.25,323.70001220703125,327.0,10299324,317.3050018310547,319.9190008544922,371.2130003356934,323.86107502598287,321.1817962352536,2.3499151106895675,57.49786909853837,73.64341085271317,337.81830311796836,296.79170054414107,9.590646927379838,3028421944,0.0027322219585930174,0.05274896507719129,0.06376807662791872,0.8671155302780121,0.028913073405726734,330.1499938964844,0
2025-03-12,321.6609802246094,330.1499938964844,334.79998779296875,326.3999938964844,331.0,6984859,318.5325012207031,319.8490008544922,371.01550033569333,324.82860100606,321.84610717312256,2.122504122318209,57.35589535313343,73.17831349927326,339.0353276092085,298.02967483219777,9.505600282315877,3021437085,-0.00045411414480101,0.012109078913663973,0.08033372808458972,0.6039739355904264,0.025442962446693605,331.8999938964844,1
2025-03-13,323.3659973144531,331.8999938964844,334.54998779296875,328.45001220703125,332.0,8965150,319.8150009155273,319.72700073242186,370.84800033569337,325.91650760458685,322.59083952300125,1.9725426967730906,58.639098542135606,78.60467008842055,340.29310319304295,299.3368986380117,9.262341375431706,3030402235,0.005300621027873431,-0.01775673308191328,0.08375508211096938,0.7707124870570395,0.01837895660775459,331.6499938964844,0
2025-03-17,323.1224365234375,331.6499938964844,334.5,330.5,332.95001220703125,4353561,321.0625,319.56300048828126,370.6832502746582,326.79858241872495,323.2618879951111,1.746855231041048,58.36888663507952,77.82947628997093,341.2303080869591,300.8946919130409,8.886459848615155,3026048674,-0.0007532389412395757,0.0063723446557519825,0.08134979033718182,0.38203805694226634,0.012060907805258373,331.6499938964844,0
2025-03-18,323.1224365234375,331.6499938964844,331.6499938964844,331.6499938964844,331.6499938964844,0,322.62749938964845,319.64600036621096,370.54300018310545,327.5449534153033,323.88322917299064,1.4975080397919287,58.36888663507952,77.82947628997093,340.89115497644843,304.36384380284846,8.251712716571216,3026048674,0.0,0.006830601219461663,0.10421171019447617,0.0,0.0,341.29998779296875,1
2025-03-19,332.5243225097656,341.29998779296875,343.8999938964844,336.3500061035156,339.0,30582397,324.5749984741211,319.9,370.4545001220703,329.66111255032877,325.17335944113717,1.8588295253366747,65.48824206841509,93.03880675063425,342.0646274724091,307.08536947583315,8.537304665387557,3056631071,0.02909692167670097,0.03330305905701336,0.12882414719091417,2.5007643067147196,0.022121265933207544,341.75,1
2025-03-20,332.9627380371094,341.75,344.70001220703125,340.29998779296875,344.70001220703125,15002119,326.10249786376954,320.2270001220703,370.20425018310544,331.52094138873974,326.4012587417937,1.9926072504728953,65.78211376976525,92.26733861291096,343.9846730365518,308.2203226909873,8.241784647435768,3071633190,0.001318523947045236,0.03513556358614589,0.09816833738632647,1.2307250104394833,0.012874979997256767,351.29998779296875,1
2025-03-21,342.26715087890625,351.29998779296875,353.8500061035156,341.75,342.0,36406837,327.92749786376953,320.8459997558594,370.3045001220703,334.563871604775,328.2456090418807,2.552949733136911,71.35631647382512,94.47449913803536,348.12361238801344,307.7313833395256,8.517371894298615,3108040027,0.02794436808476597,0.05845132345056636,0.11594663727879362,2.7258774850762184,0.03444351415874944,366.9500122070313,1
2025-03-24,357.5148010253906,366.9500122070313,368.0,353.6499938964844,357.0,24588471,330.0174987792969,322.02,370.43425018310546,339.54635477435284,331.1126018689289,3.7347520605332516,77.75234860444235,98.25002034505218,356.3503498601258,303.684647698468,9.101846202350945,3132628498,0.04454888971782589,0.10643756659185977,0.12855610978068932,1.829360141095217,0.039106160583582225,366.9500122070313,0
2025-03-25,357.5148010253906,366.9500122070313,371.4500122070313,364.1499938964844,369.0,23189083,332.05249938964846,323.395,370.52025024414064,343.76230207168794,333.7672248569365,4.236861095888615,77.75234860444235,92.23468670908407,362.82289809223505,301.28210068706187,8.97314421007923,3155817581,0.0,0.10643756659185977,0.12475099527059408,1.6492932639363795,0.019893767727764237,354.6499938964844,0
2025-03-26,345.5310363769531,354.6499938964844,369.0,353.29998779296875,366.9500122070313,18668095,333.7799987792969,324.28,370.4905001831055,345.4373315831951,335.31409663764373,3.492015061350811,64.60324346290449,65.18130920093904,365.5359014148304,302.02409614376336,9.45363478129009,3137149486,-0.033519601856852765,0.0391151672458121,0.10793498011304559,1.2706549248394046,0.0442690327850782,360.6499938964844,1
2025-03-27,351.3768005371094,360.6499938964844,364.4500122070313,351.0,353.8999938964844,37930538,335.8774978637695,325.06599975585937,370.4692501831055,347.77774116985495,337.1908297679282,3.164553214180941,67.49134134420547,77.38216060618446,368.8889727032193,302.86602302431976,9.739090311700178,3175080024,0.016918088547186905,0.055303566631995205,0.13162842824807286,2.362694520760205,0.03729380960669529,357.6000061035156,0
2025-03-28,348.4052124023437,357.6000061035156,364.2999877929688,356.45001220703125,362.0,11327077,337.9724975585938,325.7079998779297,370.4202502441406,349.2888588519566,338.7026206076014,2.531104045287554,64.60564620353244,70.994751615674,370.9140922915444,305.0309028256431,9.604153545574276,3163752947,-0.008456919020062958,0.01793344301013655,0.1327209131338487,0.6968292834428367,0.021951832919335015,352.1499938964844,0
2025-04-01,343.0953063964844,352.1499938964844,362.8999938964844,350.8500061035156,352.3500061035156,18736320,340.0074966430664,326.2279998779297,370.3245002746582,349.7290334741916,339.6987223327038,1.5801415539361,59.69410396305261,59.581113485765634,371.1217315379204,308.8932617482124,9.778855991816739,3145016627,-0.015240526045890546,-0.040332518921397,0.13067901780141367,1.1611772160122538,0.034218338781260585,351.75,0
2025-04-02,342.70562744140625,351.75,353.45001220703125,347.04998779296875,352.1499938964844,13593404,341.8749969482422,326.5420001220703,370.2335002136231,350.0399514012391,340.59140956731835,0.7986977970952225,59.33755626408151,56.27080088795609,371.03959571399076,312.71039818249363,9.537510879120008,3131423223,-0.0011358622843025135,-0.04142256901862573,0.1187977316431279,0.8326072481553004,0.018194809990227434,358.8999938964844,1
2025-04-03,349.6717529296875,358.8999938964844,361.3500061035156,351.75,351.75,10317410,344.1324966430664,327.23400024414065,370.1857501220703,351.403034862046,341.94760099910843,0.6444718608896594,63.53079411222451,70.81391090570484,371.150187425744,317.11480586038886,9.541974823719695,3141740633,0.020326919392990472,0.01198364605425728,0.1439043630166832,0.6289021187222121,0.02674841534348007,350.3999938964844,0
2025-04-04,341.39031982421875,350.3999938964844,358.8500061035156,348.54998779296875,358.8500061035156,10872963,345.3424957275391,327.79400024414065,370.0895001220703,351.2487208673442,342.5737041766918,-0.10875624911641957,56.121403614070466,48.595819204829084,371.1812404502471,319.50375100483103,9.59969134370512,3130867670,-0.023683477694490085,-0.02842090717722845,0.0741875560510219,0.6620007056697037,0.02939502993710017,349.79998779296875,0
2025-04-07,340.8057556152344,349.79998779296875,351.3999938964844,324.0,328.0,18025165,345.93749542236327,328.31700012207034,370.0260000610352,351.02583885590184,343.1089844445642,-0.6935348227449563,55.62821307650775,54.37298452189991,371.6108339411366,320.26415690358994,10.871141526046497,3112842505,-0.0017123462156590774,-0.021812131368613485,0.03521750254937839,1.125805083795669,0.0783304598418146,352.95001220703125,1
2025-04-08,343.87481689453125,352.95001220703125,358.25,350.0,356.8500061035156,17506712,347.1074966430664,328.90300048828124,370.0025001525879,351.32186552530635,343.8379494640062,-0.9011785382259561,57.72849159972712,61.01160117876922,371.8010119121426,322.41398137399017,10.698203717545407,3130349217,0.009005215906201958,0.00227181122934228,0.0710059938729628,1.0651034363286196,0.02337441483118795,349.3500061035156,0
2025-04-09,340.3673400878906,349.3500061035156,354.79998779296875,348.20001220703125,354.0,7462119,348.104997253418,329.4460003662109,369.95025024414065,351.0185025373385,344.2462499558217,-1.290273614407436,54.55056939583715,53.42465665321615,371.4306120471483,324.77938245968767,10.405473136716271,3122887098,-0.010199761946470653,-0.006823010366693305,0.06056470120427693,0.4594736707743976,0.01889215820990101,360.1000061035156,1
2025-04-11,350.8409118652344,360.1000061035156,361.5,351.0,351.0,11246077,349.5949981689453,330.28300048828123,369.9370002746582,352.415656932135,345.42060226305836,-0.8539772214780763,61.38629252901416,76.0800775898772,371.96856001496906,327.2214363229216,10.530081762413994,3134133175,0.030771432123045894,0.003343583804510608,0.09022106997238355,0.6904551645930607,0.02915856657048107,362.5,1
2025-04-15,353.17919921875,362.5,368.4500122070313,361.5499877929688,367.0,17497327,351.2124984741211,331.1080004882813,369.94525024414065,353.96709432719115,346.68574283616516,-0.45414431962298174,62.73387876450189,81.13801916850706,372.37371812114463,330.0512788270976,10.374362072492687,3151630502,0.006664798266608374,0.03453198149053116,0.09798578434521699,1.0406687526341305,0.019034550107758622,359.29998779296875,0
2025-04-16,350.0614624023437,359.29998779296875,363.0,357.8999938964844,362.5,11541484,352.58249816894534,331.8340002441406,369.91650024414065,354.7875394757723,347.62013135148396,-0.4544701490885119,59.74018213944625,74.3940541868562,372.0446807387022,333.1203155991885,9.997622360422897,3140089018,-0.00882761988146552,0.027158377162730618,0.08255496957023167,0.6812206443790784,0.014194284099041733,364.0,1
2025-04-17,354.6406555175781,364.0,365.4500122070313,357.25,359.25,12288196,354.1999984741211,332.6340002441406,369.8507502746582,356.2048410948842,348.83345495507774,-0.20039370685629265,62.56575650963469,88.88888888888889,371.7142567803892,336.68574016785306,9.86922163518064,3152377214,0.013081025234377153,0.03130751497605022,0.09754261027851197,0.7086990270313903,0.02252750606327282,364.5499877929688,1
2025-04-21,355.176513671875,364.5499877929688,368.2000122070313,361.7999877929688,365.7999877929688,7375594,355.8449981689453,333.57099975585936,369.7817501831055,357.48870981766646,349.9976425726993,-0.06457008135649112,62.89394134646217,91.22604422267048,370.5299926369238,341.16000370096685,9.621421833672201,3159752808,0.0015109554751890908,0.0435093213794,0.09920094829476556,0.4165150438708341,0.01755595838257751,360.25,0
2025-04-22,350.987060546875,360.25,367.0499877929688,359.70001220703125,367.0499877929688,12077119,356.79249877929686,334.5509997558594,369.7342501831055,357.9135236918716,350.75707645620304,-0.3193520725240653,58.57052163659678,81.55228356555054,369.9692728821248,343.6157246764689,9.459175673119727,3147675689,-0.011795331057344094,0.0004165340015052088,0.05552303804512948,0.7196212173372007,0.020402430495315912,363.7999877929688,1
2025-04-23,354.4457397460937,363.7999877929688,364.25,357.8999938964844,362.9500122070313,9719205,357.89499816894534,335.44499938964844,369.7012501525879,358.81913355357887,351.7232180367042,-0.3039070330543927,60.95673376815432,89.53875559717633,369.44190176647203,346.34809457141864,9.23709213243372,3157394894,0.009854233984646132,0.003586173221982847,0.06452081285433442,0.5883844570060944,0.01745466277236184,363.2000122070313,0
2025-04-24,353.8612060546875,363.2000122070313,366.4500122070313,361.6000061035156,363.75,7491123,358.48999938964846,336.31699951171873,369.6540002441406,359.4931148848793,352.57335093820996,-0.38404688260777053,60.32434578733863,88.18897962154095,369.8409764091403,347.1390223701566,8.92372884465386,3149903771,-0.0016491907808390271,0.01085450750504835,0.03387425228456187,0.49700026354314925,0.013353540585100755,356.45001220703125,0
2025-04-25,347.2847900390625,356.45001220703125,365.7999877929688,351.1000061035156,363.2000122070313,9785640,357.9649993896485,337.19,369.5715002441406,359.02494524213347,352.86051103219677,-0.9115012954723118,53.58855150671005,73.0033819920935,368.65425219159977,347.2757465876972,9.336318333568098,3140118131,-0.01858480113748573,-0.020741724705958142,-0.028614251671086,0.6827572144603292,0.04123995282938923,361.5,1
2025-04-28,352.2049560546875,361.5,362.8999938964844,353.70001220703125,353.70001220703125,5315840,357.6924987792969,338.08099975585935,369.4800003051758,359.4057228971899,353.50047317796,-0.9365486289432798,57.419272406108476,84.36443127470746,367.70829899349775,347.67669856509605,9.326580001845599,3145433971,0.0141674501894411,-0.008366446015905304,-0.014852192466903169,0.39555705515249256,0.02544946525436549,356.95001220703125,0
2025-04-29,347.7719116210937,356.95001220703125,364.3500061035156,354.1000061035156,364.0,9472828,357.8074996948243,339.01,369.3775003051758,359.0279212525501,353.75599458752083,-1.2558973465151633,53.16172911212534,74.12824107575625,367.73333684632485,347.8816625433237,9.392538573142343,3135961143,-0.012586411598807024,-0.009160271458622526,0.006485318906330528,0.7298520586591509,0.028715505391424367,354.54998779296875,0
2025-04-30,345.4336242675781,354.54998779296875,361.0,352.0,357.0,16739088,357.5024993896485,339.98899963378904,369.26500030517576,358.3390084126145,353.8148088990355,-1.6028995983723302,51.01304417212038,31.357904128086332,367.43509545081656,347.56990332848045,9.364500103632176,3119222055,-0.006723698926981658,-0.025426059126928968,-0.016913922658394642,1.404340742483103,0.02538429081897287,348.70001220703125,0
2025-05-02,339.7340393066406,348.70001220703125,358.0,347.6000061035156,354.54998779296875,8221620,357.0574996948243,340.8379998779297,369.1015003967285,356.8560859194478,353.43593506999815,-2.165558610001323,46.11992990557206,5.2758071055439375,367.70452839812623,346.41047099152235,9.438463945978762,3111000435,-0.01649972017303647,-0.039922906147191295,-0.024888125683946605,0.6988640859629976,0.029825045977657318,348.6000061035156,0
2025-05-05,339.6366271972656,348.6000061035156,352.0,345.54998779296875,351.0,9492646,356.8800003051758,341.6759997558594,368.9590003967285,355.58591979391974,353.077718109518,-2.4620062200394015,46.03863119525398,13.318843051861137,367.95801064155347,345.8019899687982,9.225003107482511,3101507789,-0.0002867969601797471,-0.022022740453593315,-0.010080896931698557,0.8399027152351983,0.018502616448939305,341.79998779296875,0
2025-05-06,333.0114440917969,341.79998779296875,349.5,340.0,349.0,8904223,356.3824996948243,342.50499938964845,368.7822503662109,353.4650071783888,352.2423306786625,-2.998025123771847,40.77530275995594,6.326843657817096,369.1084676513741,343.65653173827445,9.244645742662332,3092603566,-0.019506650004267767,-0.054495192827195726,-0.028287170453535904,0.8045292343571334,0.02779403259006034,342.04998779296875,1
2025-05-07,333.2550048828125,342.04998779296875,343.70001220703125,337.0,338.0,8465490,355.5399993896485,343.2989990234375,368.5642503356934,351.7088503498627,351.4873423167592,-3.1993548723157637,41.042169329894044,16.18585197806645,369.644171022415,341.43582775688196,9.062886204402968,3101069056,0.0007314219102647623,-0.04174260794091378,-0.046949028671133375,0.7713414394272406,0.01958781595129464,340.0,0
2025-05-08,331.2577514648437,340.0,343.1000061035156,338.3999938964844,341.04998779296875,14286109,355.01999969482426,343.8749987792969,368.3620002746582,349.9074887575761,350.63642807107334,-3.319841775133169,39.471548202148306,9.615380853357209,370.5396789321078,339.50032045754074,8.751252347447846,3086782947,-0.005993240362895502,-0.04103790239435823,-0.02968034839508804,1.2817619633400124,0.013823565314797795,334.75,0
2025-05-09,326.1427307128906,334.75,338.75,330.6000061035156,334.20001220703125,11322011,354.2675003051758,344.2739990234375,368.1470002746582,347.5755674102567,349.4596556213642,-3.5799925381947553,35.70327882745589,11.037216018154693,372.02476065065184,336.5102399596998,8.797591029521884,3075460936,-0.01544117647058818,-0.04000576919609855,-0.04302455208167755,1.047313943209896,0.02434650902609223,348.54998779296875,1
2025-05-12,339.587890625,348.54998779296875,349.20001220703125,338.1000061035156,340.3999938964844,7978210,354.0474990844727,344.7419989013672,368.0665002441406,347.7254782383663,349.3922728192608,-2.6901591263854328,49.38252930531003,49.24551634177352,371.9728310957987,336.12216707314667,9.201335399343984,3083439146,0.041224758156740204,-0.0001434833897622223,-0.012466423748078936,0.7720277497479957,0.03184623868100317,341.5,0
2025-05-13,332.7191772460937,341.5,349.79998779296875,340.5,348.6000061035156,14738980,353.65499877929693,345.0469989013672,367.9065002441406,346.7677123555407,348.8076600178341,-2.450649766227441,44.208023058153955,30.40444083889696,372.3037510258082,335.00624653278567,9.20838199888861,3068700166,-0.02022661896392408,-0.0008776705783571925,-0.022470319067890876,1.3777399491051572,0.027232760740757686,338.54998779296875,0
2025-05-14,329.8450012207031,338.54998779296875,343.8500061035156,337.75,342.45001220703125,22485535,352.57749786376957,345.41599853515623,367.6870001220703,345.50344703822196,348.0478324456219,-2.364070009067187,42.21469240177641,22.175677366686692,372.0827939383612,333.07220178917794,8.986355149219111,3046214631,-0.008638395921028552,-0.010232422525676022,-0.0598445374764921,1.9969545236466915,0.018018036696093226,341.95001220703125,1
2025-05-15,333.1576232910156,341.95001220703125,343.75,332.6499938964844,339.5,43307763,351.54999847412114,345.88099853515627,367.4337501525879,344.9567647565003,347.59614205757816,-1.9672495221960697,45.2772820978535,32.2443522944115,371.0212859385572,332.0787110096851,9.137330217383148,3089522394,0.010042902190685377,0.005735330020680163,-0.056689621497844844,3.4506981080624204,0.03246090278480588,343.1000061035156,1
2025-05-16,334.2780456542969,343.1000061035156,347.6000061035156,342.0,343.0,6920351,350.73999938964846,346.42899841308594,367.18850021362306,344.6711095791181,347.2630949498698,-1.5358860734959645,46.31369564232922,37.03703703703704,370.20213310565003,331.2778656736469,8.88823476589038,3096442745,0.003363046806350578,0.024944006283840636,-0.04508762104046515,0.5617451377042066,0.016321789577077608,345.1499938964844,1
2025-05-19,336.2753295898437,345.1499938964844,347.70001220703125,342.3999938964844,343.1000061035156,6218209,349.7974990844727,347.102998046875,366.9327502441406,344.74478408948215,347.10656894591534,-1.0445484473419397,48.197168400401075,43.111074942129626,368.406785221343,331.1882129476024,8.6319335905087,3102660954,0.00597489873652246,-0.009754680865184495,-0.05178573105361439,0.5174992937678669,0.015355695796814731,342.6000061035156,0
2025-05-20,333.7908935546875,342.6000061035156,349.70001220703125,341.54998779296875,346.8999938964844,9986143,348.7,347.6669982910156,366.67625030517576,344.4148182454873,346.77274947610795,-0.8325558572235092,46.03373487275699,39.47369213579923,366.25907486132354,331.14092513867644,8.59751150647683,3092674811,-0.007388056897180584,0.003221101328010567,-0.06021117109985685,0.8221479230649666,0.023788745676787855,346.1499938964844,1
2025-05-21,337.2496337890625,346.1499938964844,347.3999938964844,339.8500061035156,342.54998779296875,5930972,347.99499969482423,348.3149981689453,366.37225021362303,344.6817683456407,346.72661943317286,-0.41558057130801984,49.436504611955044,56.751792908114226,364.75665279020734,331.2333465994411,8.522688384083395,3098605783,0.010361902305092485,0.022448697024213704,-0.03913950341017525,0.5009647989015515,0.0218113185789238,341.3999938964844,0
2025-05-22,332.6217346191406,341.3999938964844,347.0,338.25,346.1499938964844,8717514,346.875,348.6189978027344,365.99925018310546,344.1768799688474,346.33205457860333,-0.4207232748254397,45.318931715926276,50.4672470712386,362.1940961797316,331.5559038202684,8.538924928077439,3089888269,-0.013722374935012938,-0.0016084757739791566,-0.06157227775728191,0.7394607763977902,0.025629760270742947,344.6000061035156,1
2025-05-23,335.7394714355469,344.6000061035156,344.95001220703125,340.1499938964844,342.0,4045937,345.9449996948242,348.752998046875,365.6050001525879,344.2419762972579,346.2037546915598,-0.1818616474971393,48.43489380565414,72.91673620548522,359.32218251585283,332.5678168737956,8.271860169682398,3093934206,0.009373205226247183,0.004371903157435186,-0.05121146882812688,0.3482845978306275,0.01392924615649885,343.5,0
2025-05-26,334.667724609375,343.5,351.20001220703125,342.54998779296875,351.0,16655082,345.29749908447263,349.0319982910156,365.22400009155274,344.12782609767976,346.0034765662591,-0.07658697741965947,47.434259376187605,62.62131104069355,357.80335927843026,332.791638890515,8.298871901423833,3077279124,-0.0031921244458282816,-0.004780512605134901,-0.036330514135344494,1.3925388902822338,0.025182021583879183,338.54998779296875,0
2025-05-27,329.8450012207031,338.54998779296875,344.5,336.79998779296875,344.0,24937330,344.1499984741211,349.2149981689453,364.8505000305176,343.2696971277242,345.4513662867561,-0.30608453429777605,43.11742157948542,38.59213268920522,354.52935698657484,333.77063996166737,8.25609620896722,3052341794,-0.014410515886553843,-0.011821419259762544,-0.06348551094614452,1.926956801073969,0.022744092407824833,340.04998779296875,1
2025-05-28,331.30645751953125,340.04998779296875,340.70001220703125,337.1000061035156,338.6000061035156,10985957,343.304997253418,349.4099981689453,364.4757499694824,342.77435723006954,345.05126417610524,-0.32105785704124634,44.758057516928936,45.87368392983329,351.9922823346537,334.6177121721823,7.9235183442921056,3063327751,0.004430660328120561,-0.017622435970170214,-0.047345633383142904,0.8439726530587003,0.010586696758558339,339.3500061035156,0
2025-05-29,330.6244812011719,339.3500061035156,342.25,338.04998779296875,341.0,15884093,342.5449981689453,349.59399841308596,364.0910000610352,342.24753397983045,344.6289487633208,-0.3404525555967268,44.11856650762215,36.118628536457365,349.68621348577386,335.40378285211676,7.657553620202044,3047443658,-0.002058467033027145,-0.00600465093619873,-0.042871195072015644,1.2242822129711763,0.012376638077177681,333.8999938964844,0
2025-05-30,325.3145751953125,333.8999938964844,340.75,332.8500061035156,337.5,19143010,341.804997253418,349.6339984130859,363.7219999694824,340.96329704393105,343.8342113657774,-0.6639616751621586,39.398594520314944,6.7385378228402875,349.3001244033566,334.30987010347934,7.674870782793639,3028300648,-0.016060150608539492,-0.031050528199401795,-0.04244341208040958,1.415873966942951,0.02365976052977566,332.54998779296875,0
2025-06-02,323.9992980957031,332.54998779296875,334.79998779296875,330.29998779296875,333.8999938964844,29479727,341.00249633789065,349.6519982910156,363.33149993896484,339.6689417745522,342.99834295297677,-0.8979588253923243,38.305391375177805,10.765537663611992,348.8445312194808,333.1604614563005,7.448094298308379,2998820921,-0.004043145038014395,-0.03187776479485083,-0.04604135980933077,2.0303356442435527,0.013531800226080614,328.25,0
2025-06-03,319.8098449707031,328.25,334.75,327.0,333.0,14081719,340.3249969482422,349.58399841308596,362.96849990844726,337.9121815015442,341.90587310460813,-1.2497994000253598,34.976408719362624,5.165286650710101,349.91976236682217,330.7302315296622,7.469658991286352,2984739202,-0.012930350175341832,-0.030423831529621692,-0.03964303182238871,0.9528512524786756,0.02361005331302361,329.25,1
2025-06-04,320.7841491699219,329.25,329.95001220703125,324.8500061035156,329.0,15654279,339.68499755859375,349.3429986572266,362.6337498474121,336.57953819361427,340.9684010227853,-1.3159765009059639,36.361533175183894,16.69826518900626,350.3787863801674,328.9912087370201,7.300398070731299,3000393481,0.0030464584920031346,-0.0317600005312868,-0.03742139526318633,1.0341084867947297,0.015489767968156796,328.6499938964844,0
2025-06-05,320.1995849609375,328.6499938964844,331.6000061035156,327.6000061035156,329.20001220703125,16270360,339.117497253418,349.08099853515625,362.2952497863769,335.35960830174815,340.0559264208371,-1.298745432659111,35.86783293891456,14.421202705003376,350.8394130026396,327.39558150419634,7.064655351393349,2984123121,-0.0018223420000474944,-0.03153090324025898,-0.033382370892693025,1.0678079747818607,0.012171002812371538,332.8500061035156,1
2025-06-06,324.2915954589844,332.8500061035156,333.5,329.04998779296875,329.6499938964844,11402511,339.0224975585937,348.71199890136717,361.9692498779297,334.9735156558662,339.52215454547996,-0.9208529625471158,41.82247869006616,30.360524276814637,350.91402780809824,327.1309673090892,6.906466119402083,2995525632,0.012779590095943094,-0.0031446175865886827,-0.005675859287481377,0.7481381318660143,0.01336942203824778,337.1000061035156,1
2025-06-09,328.43231201171875,337.1000061035156,337.54998779296875,332.75,333.8999938964844,19416373,338.4499984741211,348.11499877929685,361.6392498779297,335.30066803242767,339.34273614237145,-0.3314257463017154,47.16811246807293,46.48955279887242,349.5261914804631,327.3738054677791,6.756003381799702,3014942005,0.012768514111663354,0.013682208622961989,-0.032850328763328385,1.227866927798388,0.014239061720736915,339.20001220703125,1
2025-06-10,330.47833251953125,339.20001220703125,340.8999938964844,336.79998779296875,338.79998779296875,12061248,338.33499908447266,347.55999877929685,361.30399993896486,335.9005671362128,339.3321639990129,0.22323640067360495,49.63088671940999,54.45921358477804,349.3295956816016,327.34040248734374,6.566289290493697,3027003253,0.006229623451477373,0.03335875767564733,-0.006734956934022707,0.7692512152233937,0.012087281709804833,338.1000061035156,0
2025-06-11,329.4066162109375,338.1000061035156,342.6000061035156,337.45001220703125,341.0,10807496,338.3125,347.2289990234375,360.94974990844725,336.23894236195173,339.24089304379083,0.5223060653076508,48.359238030413415,50.28461833347424,349.3070863864747,327.3179136135253,6.4651253337787455,3016195757,-0.003242942405450866,0.026879289608247925,-0.001329144013227035,0.7159508821276647,0.015232161501078496,333.70001220703125,0
2025-06-12,325.1197509765625,333.70001220703125,341.6499938964844,332.6499938964844,338.1499938964844,11881618,337.9,346.68999938964845,360.6014999389648,335.8483377227332,338.8304574262531,0.4337096349015197,43.55230650332212,33.58635314446798,348.93671212483366,326.8632878751663,6.646187809937407,3004314139,-0.013013882925329567,0.015365946765048433,-0.024126333398125754,0.8785582016327725,0.026970331647504703,331.95001220703125,0
2025-06-13,323.41473388671875,331.95001220703125,332.8999938964844,326.6000061035156,326.79998779296875,11711773,337.3425003051758,346.17699951171875,360.25149993896486,335.24859533570213,338.3207948174218,0.27490388536135857,41.77376987219368,36.13235780590193,348.3986410938737,326.2863595164779,6.678603402335852,2992602366,-0.0052442311536814445,-0.002703902298275662,-0.032497795680948904,0.8509256744266133,0.018978724390103535,333.70001220703125,1
2025-06-16,325.1197509765625,333.70001220703125,334.6499938964844,330.6000061035156,332.0,8065112,336.77000122070314,345.80799987792966,359.8457499694824,335.01035177744507,337.9785146240595,0.3031524163732606,44.22657828608098,49.859189315580984,347.32411800070804,326.21588444069823,6.490845144523916,3000667478,0.005271878101057448,-0.010086009596334211,-0.03317392986217793,0.5820700645725057,0.012136612660523644,335.20001220703125,1
2025-06-17,326.5811767578125,335.20001220703125,336.8999938964844,333.1000061035156,334.0,6796992,336.4000015258789,345.4770001220703,359.47350006103517,335.0395303050737,337.7726996302056,0.43051675028467207,46.31415591542685,58.309893540933096,346.6243334660688,326.17566958568904,6.298641047984261,3007464470,0.004495055274584159,-0.011792452405805287,-0.02159951478298716,0.4962592090844761,0.011336478683126493,332.3999938964844,0
2025-06-18,323.8531799316406,332.3999938964844,335.8999938964844,330.75,335.20001220703125,17835507,335.7125015258789,344.94700012207034,359.0902500915527,334.6334477806753,337.3747214277077,0.33792994270731214,43.0731746358884,42.53514249559859,345.03097138872954,326.3940316630283,6.216594822877126,2989628963,-0.008353276278574517,-0.016858953280486144,-0.03972266428556381,1.2479641741816265,0.01549336339063887,330.04998779296875,0
2025-06-19,321.5635681152344,330.04998779296875,333.1499938964844,328.54998779296875,332.3999938964844,11610604,335.14500122070314,344.54,358.69100006103514,333.9283000902589,336.8321485658752,0.14028409129877595,40.510890092317986,29.29567148987676,344.39102483419754,325.89897760720874,6.10112420006559,2978018359,-0.007069813918972101,-0.010938040996528287,-0.033245478343379986,0.804262499729502,0.013937301238141787,335.20001220703125,1
2025-06-20,326.5811767578125,335.20001220703125,336.0,329.70001220703125,330.0,16592862,334.6750015258789,344.24800048828126,358.28600006103517,334.1239481082239,336.7112495763312,0.3654648790461539,47.83455362998594,58.309893540933096,342.8436327198843,326.5063703318735,6.115328742415817,2994611221,0.015603770957546503,0.009790630759106689,-0.027277985287268658,1.101514309981829,0.01879471230173362,332.6000061035156,0
2025-06-23,324.0480041503906,332.6000061035156,335.70001220703125,330.3500061035156,333.70001220703125,8277787,334.1300018310547,343.84100036621095,357.89900009155275,333.8894954921149,336.40671302278935,0.34843905318325286,44.833697120727834,43.66197183098591,341.2590577644277,327.0009458976817,6.0606628396372315,2986333434,-0.007756581171929566,-0.0032963921584551192,-0.03173215108146832,0.5652365947138203,0.01608540590901413,329.95001220703125,0
2025-06-24,321.4661560058594,329.95001220703125,331.70001220703125,321.3500061035156,331.0,100814893,333.7000030517578,343.45300048828125,357.51675018310544,333.2834211405636,335.9284388882887,0.1765110689060272,41.94539274329969,40.47061695772059,340.7477722144829,326.6522338890327,6.431329779663144,2885518541,-0.007967510065708172,-0.01566229059907498,-0.025402380434279004,5.467571715842672,0.03136840648765118,330.8500061035156,1
2025-06-25,322.343017578125,330.8500061035156,333.70001220703125,329.3999938964844,331.5,17963666,333.24000396728513,342.86800048828127,357.14550018310547,332.9090495964023,335.5522586820092,0.14265578481943342,43.28180418868402,44.705882352941174,339.7503564015602,326.72965153301004,6.279093246154838,2903482207,0.0027276674138132506,-0.004663019920064904,-0.027054792000328787,0.9561457391415707,0.012996881460541653,337.1499938964844,1
2025-06-26,328.4810485839844,337.1499938964844,337.79998779296875,331.29998779296875,332.3999938964844,13754087,333.13000335693357,342.36100036621093,356.8150001525879,333.56150256564575,335.670609438637,0.5414063979480783,51.66895591098803,74.35288373161765,339.2885313717842,326.97147534208295,6.327013849247573,2917236294,0.019041824623686532,0.02151191142588149,-0.006483018026998799,0.7362575459497495,0.019279252907225927,338.29998779296875,1
2025-06-27,329.6014404296875,338.29998779296875,341.29998779296875,334.45001220703125,338.95001220703125,50845169,333.3500030517578,341.9410003662109,356.5325001525879,334.2905002929262,335.8653782056245,0.8605082865928,53.03421228661925,79.76461971507354,339.9044701219611,326.79553598155456,6.364368259011139,2968081463,0.003410926641859824,0.009248136852760158,0.013177580044665849,2.5088667940316745,0.02024822888888047,334.8999938964844,0
2025-06-30,326.2888488769531,334.8999938964844,337.25,333.6499938964844,335.75,11858890,333.4675033569336,341.35900024414065,356.25775009155274,334.38426853962744,335.7938682567993,0.8206291856953696,48.6578965049646,63.7646484375,340.04460779037555,326.89039892349166,6.241912947402084,2956222573,-0.01005023357720336,0.006915176640895471,0.007066625138409721,0.6117513484150827,0.010749495876755274,332.6000061035156,0
2025-07-01,324.0480041503906,332.6000061035156,335.25,332.1499938964844,335.25,8903292,333.68500366210935,340.7200006103516,355.93925018310546,334.10976662637944,335.5572858750746,0.6261677233376552,45.898685856666056,55.418752536869164,339.83115036052214,327.53885696369656,6.017491029981622,2947319281,-0.006867685383355582,0.00803150113181883,0.013252113034320168,0.4655017682670428,0.009320523291123468,333.75,1
2025-07-02,325.1684265136719,333.75,335.6499938964844,331.29998779296875,332.6499938964844,11326880,333.9100036621094,340.19000061035155,355.65975021362306,334.0544179146288,335.42341284729133,0.5637536314962488,47.501678871419074,62.155414924715586,339.70997026948,328.11003705473877,5.898384963805479,2958646161,0.0034575883204477353,0.008765282886460168,0.013667425968109326,0.5989934561109297,0.013033726152855805,334.6000061035156,1
2025-07-03,325.99658203125,334.6000061035156,336.3500061035156,331.0,334.6000061035156,15786429,334.20750427246094,339.6060009765625,355.30850021362306,334.1383545590729,335.3624197551598,0.5669466944575174,48.71131995877862,66.41610105840259,339.48455518380445,328.93045336111743,5.859215045213347,2974432590,0.0025468347670880576,-0.007563363010920532,0.018104403826355586,0.8358950367496963,0.015989258834204823,335.5,1
2025-07-04,326.8734436035156,335.5,336.0,332.25,335.70001220703125,5899185,334.34000396728516,339.0520007324219,354.97900024414065,334.3478384730617,335.3726108844072,0.6129915833591131,50.024341477362384,70.92735280035367,339.60712751147895,329.07288042309136,5.708556827698108,2980331775,0.0026897605501117194,-0.008276641720372346,0.007961525756019494,0.3169816593495267,0.011177347242921014,337.45001220703125,1
2025-07-07,328.7733154296875,337.45001220703125,339.0,333.75,335.5,9454556,334.3575042724609,338.67200073242185,354.6107502746582,334.82509597059544,335.52649246386085,0.7490940011513729,52.84138656475667,80.70185904996168,339.66337585768935,329.0516326872325,5.675802768576815,2989786331,0.00581225695091292,0.007614268011408409,0.0010382856635373638,0.5219934850939126,0.015557859860971161,343.20001220703125,1
2025-07-08,334.37548828125,343.20001220703125,343.8999938964844,337.0,338.20001220703125,12092302,334.55750427246096,338.3060009765625,354.2452503967285,336.1135446223548,336.0949013337253,1.1753070264370276,60.00114024915007,96.89586665908801,340.7977194910449,328.317289053877,5.763244991998783,3001878633,0.017039560800111264,0.03187013201742572,0.011792452405805287,0.6675682919605354,0.02010487660566293,344.0,1
2025-07-09,335.1549072265625,344.0,345.6000061035156,342.79998779296875,343.25,9079872,334.85250396728514,338.04700073242185,353.8945004272461,337.3268454496848,336.6804641978938,1.442435991678828,60.890784461730085,93.4020366865335,342.1951511713101,327.5098567632602,5.551585943323646,3010958505,0.0023309666798210227,0.030711610486891416,0.01745044007682739,0.5036657789191799,0.008139588112054869,341.45001220703125,0
2025-07-10,332.6704406738281,341.45001220703125,345.0,341.20001220703125,344.0,6426072,335.24000396728513,337.7850012207031,353.4820004272461,337.9611787969689,337.03376405042246,1.3787755891474096,56.571554896898164,82.88662310728093,343.09835102668563,327.38165690788463,5.426471789726868,3004532433,-0.0074127552121184825,0.020472223486440733,0.02322445225201797,0.3619344214956223,0.011128972491190613,342.70001220703125,1
2025-07-11,333.8883361816406,342.70001220703125,344.0,339.5,340.5,17234194,335.77750396728516,337.6650012207031,353.0757504272461,338.6902300908246,337.4534861360972,1.350483837862726,58.13909940387215,88.04126228253865,344.1179793096681,327.4370286249022,5.360295233317806,3021766627,0.0036608579742620773,0.021460543091002204,0.032384394049352894,0.9558134771682764,0.013131017915696685,342.1000061035156,0
2025-07-14,333.30377197265625,342.1000061035156,345.0,339.95001220703125,343.04998779296875,11516965,336.1975036621094,337.5350012207031,352.6445004272461,339.214811015854,337.79767280035037,1.2247024789111496,57.07418269841144,78.39507800814555,344.91470173328065,327.48030559093814,5.338130416150016,3010249662,-0.0017508201988424288,0.013779800646833262,0.025172291247244294,0.632678251252882,0.014761729619615032,342.0,0
2025-07-15,333.2063293457031,342.0,344.1000061035156,340.95001220703125,343.1499938964844,8450777,336.5375030517578,337.53900146484375,352.2140003967285,339.6433016287996,338.1089562966207,1.0735276764690935,56.88715021539683,75.3424342565942,345.59630754141557,327.4786985621001,5.181834950459613,3001798885,-0.0002923300255228689,-0.003496538940410465,0.020286359025454948,0.4621396055045216,0.009210508469252558,342.45001220703125,1
2025-07-16,333.6447448730469,342.45001220703125,343.79998779296875,340.79998779296875,342.0,6001484,337.04000396728514,337.547001953125,351.7457504272461,340.0751032562198,338.4305159936881,0.9470156854575145,57.56109448511658,78.42470835867755,346.23889882491153,327.84110910965876,5.0259895968553545,3007800369,0.001315825166757989,-0.004505778467932431,0.030234712680760945,0.33917231775935686,0.008760402666262202,342.6499938964844,1
2025-07-17,333.8395690917969,342.6499938964844,344.5,342.0,344.20001220703125,7562006,337.6700042724609,337.60000183105467,351.28600036621094,340.4712402777989,338.7430699124137,0.8244790306488421,57.87622838593992,79.79444538505433,346.5893314467091,328.75067709821275,4.845561768508544,3015362375,0.0005839733751629161,0.0035143700294424374,0.038176053838908874,0.43231056654226213,0.0072960748417677124,342.1000061035156,0
2025-07-18,333.30377197265625,342.1000061035156,343.8999938964844,340.6499938964844,343.0,6370338,338.01500396728517,337.747001953125,350.8120004272461,340.7218196356015,338.9917318524953,0.6611171586958422,56.630765239393256,76.02740728199275,347.0584053830988,328.97160255147156,4.731593070757934,3008992037,-0.001605100839823459,-0.0017508201988424288,0.020584706578777423,0.3751463213861007,0.009500145986599562,341.54998779296875,0
2025-07-21,332.76788330078125,341.54998779296875,342.79998779296875,339.29998779296875,342.1000061035156,4463318,338.46250305175784,337.607001953125,350.30375030517575,340.84923012135033,339.18123229253035,0.47922176352771895,55.34801677308364,72.26016015451086,347.2725467066876,329.6524593968281,4.643622137132367,3004528719,-0.0016077705370763917,-0.0016077705370763917,0.02690914469396488,0.2658284603945377,0.01024740191799255,340.8500061035156,0
2025-07-22,332.0858764648437,340.8500061035156,342.6000061035156,340.04998779296875,341.54998779296875,4728372,339.007502746582,337.5940020751953,349.8075003051758,340.8493495032219,339.3048451674182,0.2845826164091596,53.681506540283586,67.46576702556159,346.949561964471,331.06544352869304,4.494079006661975,2999800347,-0.002049426773446217,-0.0033625552528783187,0.03303528865955929,0.39449477134064453,0.00748135034438708,343.04998779296875,1
2025-07-23,334.22930908203125,343.04998779296875,344.0,340.95001220703125,341.79998779296875,5058422,339.6175018310547,337.68400207519534,349.34600021362303,341.187909240106,339.5822631396812,0.2765795048242403,57.96532165845628,80.89874797978297,346.79714638088797,332.43785728122145,4.398072927363575,3004858769,0.0064543982692051305,0.0017520092409131216,0.03687466061474409,0.4460441595376906,0.008890796972741543,338.8999938964844,0
2025-07-24,330.18603515625,338.8999938964844,343.6000061035156,336.5,343.6000061035156,9098453,339.7050018310547,337.62300170898436,348.8882501220703,340.8359222641642,339.53172467722214,-0.019895206926844988,48.79713061558647,43.45984172072696,346.8044324637006,332.60557119840877,4.5910681542315785,2995760316,-0.012097344539154786,-0.010944112262651573,0.005190568090406966,0.8191012646841214,0.0209501511696229,333.20001220703125,0
2025-07-25,324.6325988769531,333.20001220703125,339.8999938964844,332.54998779296875,338.8999938964844,7790739,339.4500030517578,337.4250018310547,348.4770001220703,339.66116687075913,339.0627089386895,-0.5805078894394324,39.54541581289996,4.981023003907648,347.0795497558724,331.8204563476432,4.78813515060901,2987969577,-0.016819066958124962,-0.02601576655275284,-0.01507530526149048,0.8699752375379409,0.022058841039143646,332.95001220703125,0
2025-07-28,324.3890380859375,332.95001220703125,336.6000061035156,330.3500061035156,333.45001220703125,4605823,339.35250396728514,337.1810021972656,348.0370001220703,338.6286815378779,338.6099165881963,-0.9281606974619431,39.1944188070827,17.04922035092213,347.2570228114695,331.4479851231008,4.892554068422653,2983363754,-0.0007503000925601633,-0.025179258946864347,-0.005822579053422872,0.5360299055663708,0.018771586637196743,334.6000061035156,1
2025-07-29,325.99658203125,334.6000061035156,335.5,328.5,332.0,7551356,339.45250396728517,337.0210021972656,347.61775009155275,338.0088853172068,338.31288618192366,-1.0007412094883157,42.802773710357094,36.96973396070076,347.0577271636845,331.84728077088585,5.043085920678179,2990915110,0.0049556805405923665,-0.018336511333674088,0.006013228993680508,0.8858023250223611,0.02092050171043452,338.79998779296875,1
2025-07-30,330.0885925292969,338.79998779296875,342.29998779296875,332.5,335.0,12537358,339.7050033569336,336.87400207519534,347.19824996948245,338.130593390401,338.3489677827418,-0.7320917896898361,50.80540701139679,62.42416844223485,346.85803357301177,332.55197314085547,5.3828646258417905,3003452468,0.012552246302571124,-0.012388865037840757,0.015131049566947663,1.4603112803914966,0.028925584846706813,334.25,0
2025-07-31,325.6556091308594,334.25,340.1000061035156,333.0,336.04998779296875,8935384,339.6875030517578,336.73100219726564,346.7569999694824,337.53357902264696,338.0453405395757,-0.8203831314222074,43.67607176795465,34.84848484848485,346.89193426891524,332.48307183460037,5.505517588532778,2994517084,-0.013429716519792523,-0.01372084384842065,-0.0010460433267516223,1.084016487115474,0.021241603899822364,330.8999938964844,0
2025-08-01,322.3916931152344,330.8999938964844,334.75,330.20001220703125,333.0,7107542,339.457502746582,336.457001953125,346.2889999389648,336.51302746477575,337.51605560305046,-1.0493198022145431,39.30301586691232,14.999961853027344,347.43429757096703,331.480707922197,5.437265460278205,2987409542,-0.010022456555020542,-0.006902815805174045,-0.01371089747694676,0.8559934661378121,0.01375034112086483,332.0,1
2025-08-04,323.46343994140625,332.0,333.29998779296875,327.20001220703125,330.8999938964844,8193399,339.1850021362305,336.227001953125,345.8159999084473,335.81871554711796,337.1074588917134,-1.0680280068282193,41.37856068336544,27.745613756557756,347.7669072353064,330.60309703715455,5.484601897825298,2995602941,0.0033242856567103907,-0.00285331783210907,-0.01615057641096651,0.9943193429758722,0.018373420439570784,333.6000061035156,1
2025-08-05,325.02227783203125,333.6000061035156,334.3500061035156,331.29998779296875,332.45001220703125,9855535,338.7050018310547,336.12800231933596,345.36274993896484,335.4773756327176,336.84764757406913,-0.9196452828674335,44.358940551668255,36.9942104761804,347.4079822930017,330.0020213691077,5.310703070162553,3005458476,0.004819295492517028,-0.0029886431014906067,-0.02797204476124704,1.212485954057372,0.009142740571774626,332.1000061035156,0
2025-08-06,323.5608825683594,332.1000061035156,335.3999938964844,331.6000061035156,333.6000061035156,13872826,338.1100021362305,335.96900268554685,344.93449996948243,334.9577803205327,336.4959704281022,-0.8700507592683364,42.19317399347816,29.166651528968107,346.9102045750385,329.3097996974225,5.202794836077282,2991585650,-0.004496402795432064,-0.01977562553380996,-0.03459300551303601,1.6578388994053508,0.011442299678200828,329.75,0
2025-08-07,321.27130126953125,329.75,332.45001220703125,328.6499938964844,332.1000061035156,8731389,337.5250015258789,335.7770025634766,344.45849990844727,334.15658334814304,335.9962689149095,-0.9372369747722119,38.98204664275437,15.178509796513001,346.89631166888984,328.153691382868,5.10259651282511,2982854261,-0.0070762001214270676,-0.013462976813762184,-0.03426566638965933,1.0292463390356847,0.011523937257155042,334.75,1
2025-08-08,326.1427307128906,334.75,337.5,329.6499938964844,330.0,11247218,337.1275009155273,335.7940026855469,344.00724990844725,334.2478782176595,335.9039526989903,-0.6029007114692548,48.042488415890276,44.94043618370142,346.2584048378834,327.99659699317124,5.298840055017289,2994101479,0.015163002274450443,0.011634953685493388,-0.02319816727122992,1.3743043811001827,0.023450354304751682,336.1499938964844,1
2025-08-11,327.5067443847656,336.1499938964844,339.1000061035156,333.95001220703125,335.0,11993280,336.83000030517576,335.8660028076172,343.6092498779297,334.54051139901713,335.9221779728787,-0.2627942432000465,50.26917073012221,53.273739241637635,345.6767693432032,327.9832312671483,5.288208186550652,3006094759,0.0041822073083923605,0.012499981615916811,-0.017392610642721906,1.4612139273061153,0.01532052354601645,340.1000061035156,1
2025-08-12,331.3551940917969,340.1000061035156,341.8500061035156,335.75,336.25,7221182,336.73500061035156,336.1030029296875,343.26824996948244,335.3958182766323,336.23164672329625,0.22643510719809812,55.998857126036334,78.65852864280464,345.39652650706705,328.0734747136361,5.34619375204815,3013315941,0.011750743057421076,0.019484412113538907,-0.005555537709018621,0.8864401666372217,0.017935918829883754,339.95001220703125,0
2025-08-13,331.20904541015625,339.95001220703125,343.0,339.1499938964844,340.29998779296875,5417151,336.61000061035156,336.31700317382814,342.90850006103517,336.09646349669373,336.5070812035729,0.5213166775862748,55.73625227338508,80.69626487733083,345.00610204273033,328.2138991779728,5.239323205724398,3007898790,-0.0004410287968025228,0.02363747654093329,-0.0073003355552184734,0.6673789077837354,0.011325212429087815,339.3500061035156,0
2025-08-14,330.6244812011719,339.3500061035156,340.45001220703125,336.29998779296875,339.95001220703125,5689423,336.44500122070315,336.53100341796875,342.6107501220703,336.59700851312783,336.7176682331983,0.6490197315159812,54.632575202445295,76.89875495911028,344.4818440280289,328.4081584133774,5.161516149177119,3002209367,-0.0017649833268728043,0.029112982876468907,-0.009630783165767931,0.7091015017102296,0.012229333547725273,336.04998779296875,0
2025-08-18,327.4093017578125,336.04998779296875,341.79998779296875,335.45001220703125,341.45001220703125,6511340,336.14250030517576,336.5950030517578,342.27150009155275,336.51285147925717,336.66821042281094,0.4914564064261443,48.897533567306475,56.01254698358617,343.7490899595988,328.5359106507527,5.246406108945719,2995698027,-0.009724527040498199,0.0038834586795182258,-0.017684940668244886,0.8108286987489097,0.018895925655707944,335.04998779296875,0
2025-08-19,326.4349975585937,335.04998779296875,340.6499938964844,334.1499938964844,338.8999938964844,10316115,335.81750030517577,336.5540026855469,341.88600006103513,336.2877955275205,336.54834207985965,0.3090150381125957,47.27791930789527,49.68342816967787,343.0166835020748,328.61831710827676,5.33594852973531,2985381912,-0.002975747764692893,-0.00327236687041077,-0.019030889276271834,1.2394535659054635,0.019400090245687233,342.0,1
2025-08-20,333.2063293457031,342.0,343.3999938964844,336.5,337.79998779296875,10824544,335.875,336.61000244140627,341.55350006103515,337.16659621559427,336.9521685924626,0.6271913708667436,57.751712586428894,91.3580525995543,343.25025941348025,328.49974058651975,5.551238356433904,2996206456,0.02074320985000533,0.005586574132274702,0.0033739001786465828,1.2545942758338755,0.020175420749954313,338.79998779296875,0
2025-08-21,330.0885925292969,338.79998779296875,344.3500061035156,336.8999938964844,342.3500061035156,11135121,335.6625,336.62400207519534,341.2067500305176,337.41788722749806,337.08904408879636,0.5932855091494307,52.57296571039968,67.63836568079135,342.4174128172081,328.90758718279193,5.686865060048,2985071335,-0.009356760839272615,-0.0033829221143316657,-0.012388865037840757,1.246688488199116,0.021989411084582876,337.0,0
2025-08-22,328.3348999023437,337.0,338.8999938964844,335.5,338.5,8534844,335.56750030517577,336.6900018310547,340.835,337.35359688480605,337.08244823036705,0.42847281990938674,49.86431927367768,57.142806301392774,342.1897548535951,328.94524575675644,5.523517119793455,2976536491,-0.005312833110456494,-0.006925021544861187,-0.005606355652708284,0.9585858144485716,0.010089002660191023,337.8500061035156,1
2025-08-25,329.1630249023437,337.8500061035156,341.3999938964844,337.04998779296875,337.04998779296875,7142387,335.8,336.80800170898436,340.5194999694824,337.4299675338383,337.1393043691188,0.35838986415189916,51.14441149824516,58.59875830485676,342.39992404779076,329.20007595220926,5.443265460985664,2983678878,0.0025222733042007395,0.005356400464016087,0.013955563403746707,0.8051242808882222,0.012875554313835956,333.20001220703125,0
2025-08-26,324.6325988769531,333.20001220703125,337.3999938964844,331.75,336.1499938964844,13113388,335.8125,336.7980017089844,340.17,336.77920517586796,336.84750494970496,-0.0004584595236707678,44.457114161973635,28.98098581419669,342.3917000773126,329.2332999226874,5.490175506880661,2970565490,-0.013763486199433794,-0.005521491279923962,0.0007508634654878055,1.4105666483992951,0.016956763773987485,330.79998779296875,0
2025-08-28,322.2942810058594,330.79998779296875,332.8999938964844,328.70001220703125,331.25,10486948,335.6224990844727,336.71000122070313,339.7794999694824,335.8593255784989,336.39954071587266,-0.3778990584483495,41.44499273277571,13.694217992528058,342.54149465471477,328.7035035142306,5.419448684960614,2960078542,-0.00720295416007144,-0.03274857370476969,-0.011356898509354063,1.1105150988920878,0.012696438465655822,327.54998779296875,0
2025-08-29,319.1278381347656,327.54998779296875,331.5,327.0,331.0,11813425,335.0599990844727,336.6130010986328,339.39824996948244,334.5809659191866,335.74401827713905,-0.8005890232216188,37.71820537538806,3.169957345763159,342.6508274656704,327.469170703275,5.353773778891998,2948265117,-0.00982466783533864,-0.033205432129101986,-0.033205432129101986,1.2557958679828118,0.013738361067637317,330.70001220703125,1
2025-09-01,322.1968688964844,330.70001220703125,331.6000061035156,328.0,328.0,6897558,334.8824996948242,336.6260015869141,339.06350006103514,333.9838961173166,335.37038819787176,-0.8192229966594823,43.062340142281755,21.325711270392684,342.70332630014013,327.0616730895083,5.260648388295918,2955162675,0.009616927282725118,-0.018694325795159505,-0.010620756299083767,0.7412559865858244,0.01088601744974197,336.29998779296875,1
2025-09-02,327.65289306640625,336.29998779296875,338.25,331.1000061035156,331.1000061035156,9224639,335.1524993896484,336.6480010986328,338.78225006103514,334.34021791357077,335.4392474271382,-0.425408343737381,51.096065515444366,53.602216261378125,342.7750654578771,327.5299333214198,5.424172631486834,2964387314,0.016933702386535465,-0.004587888952329755,0.0163191115022312,0.9801886192598227,0.021260761689013256,334.25,0
2025-09-03,325.6556091308594,334.25,338.0,333.5,336.5,10778333,335.26499938964844,336.6810009765625,338.5520001220703,334.32633823455984,335.3511550251279,-0.2809564965904373,48.403631088926886,41.78672881579526,342.76354184894194,327.76645693035493,5.358160300666346,2953608981,-0.006095711767407974,0.0031512237530062492,0.006777108433734913,1.129764945399229,0.013462976813762155,330.04998779296875,0
2025-09-04,324.8190612792969,330.04998779296875,334.8999938964844,329.29998779296875,333.5,7934237,335.0874984741211,336.68300048828127,338.2955000305176,333.66843816662276,334.9584759708939,-0.4369420082348052,43.362209265662486,17.579174178796006,342.8969121125387,327.2780848357035,5.3754350008698655,2945674744,-0.012565481546839896,-0.0022672310389243444,-0.010641541503585317,0.8401114309829897,0.016967145313237685,328.70001220703125,0
2025-09-05,323.4904479980469,328.70001220703125,331.79998779296875,325.95001220703125,330.04998779296875,5678244,334.91749877929686,336.64000061035154,338.07650009155276,332.90406494207025,334.4948860624596,-0.5901802594824148,41.8532942288608,14.945657131578903,343.1178838812605,326.7171136773332,5.409330756946125,2939996500,-0.004090215530576868,0.003510989030441891,-0.01023786158987483,0.6285040598034766,0.017797308696943098,326.70001220703125,0
2025-09-08,321.52215576171875,326.70001220703125,330.95001220703125,326.3500061035156,328.75,5239184,334.76499938964844,336.4310009765625,337.8765000915527,331.9495952905258,333.91748799909453,-0.7738014781294329,39.651860002999236,4.076088308612428,343.443599504379,326.0863992749179,5.351521853129661,2934757316,-0.006084575374887158,-0.012095554437100642,-0.009249394368366137,0.5913348246659859,0.014080214054600589,324.1000061035156,0
2025-09-09,318.9633483886719,324.1000061035156,328.1499938964844,323.6499938964844,327.6000061035156,9735495,334.23249969482424,336.1470013427734,337.66350006103517,330.74196618483194,333.19026711794055,-1.0033677621354435,36.93222515481577,2.173970732627842,344.0779172895107,324.3870821001378,5.2906988636204,2925021821,-0.007958389979697889,-0.036277080381470594,-0.03181476892153656,1.108278242220968,0.013884603255955282,325.6499938964844,1
2025-09-10,320.4888000488281,325.6499938964844,328.04998779296875,325.1499938964844,325.5,6509477,333.7074996948242,335.9620013427734,337.51100006103513,329.9585858327785,332.63172836079565,-0.9825674856351752,39.5922065514512,9.661830051098486,344.1873027448242,323.2276966448242,5.19493335117988,2931531298,0.00478243679043211,-0.025729262837743128,-0.03123605589959766,0.7649072767709459,0.008905247814640548,331.04998779296875,1
2025-09-11,325.8031921386719,331.04998779296875,333.5,326.0,326.45001220703125,10309925,333.2549987792969,335.9310009765625,337.33899993896483,330.1264938266539,332.51456239280844,-0.5579948190180422,47.84525823189128,41.690106459066904,343.3667192025109,323.1432783560829,5.384581404918147,2941841223,0.016582201743264635,0.0030298440750959887,-0.02660987400215553,1.1898919982227893,0.022655188873440864,331.70001220703125,1
2025-09-12,326.44293212890625,331.70001220703125,333.5,328.3999938964844,332.0,5257048,332.8424987792969,335.89000122070314,337.1555000305176,330.3685735774812,332.4542253420101,-0.20446241391394482,48.752894858828235,45.352215834066904,342.4905670111099,323.1944305474839,5.364254597675109,2947098271,0.0019635234497243914,0.009126863062330681,-0.02426827387485342,0.6072889897241507,0.015375356996768652,331.1000061035156,0
2025-09-15,325.8524169921875,331.1000061035156,333.79998779296875,330.6499938964844,331.0,6566824,332.42999877929685,335.82000122070315,337.00275009155274,330.48110165840956,332.3539128058253,0.0067025625593712945,47.92384518384345,51.02745953809784,341.62468862919377,323.23530892939993,5.206093119018628,2940531447,-0.001808881764951864,0.01346799428246137,-0.024311182706987844,0.7547679869296012,0.00951372346245006,335.04998779296875,1
2025-09-16,329.73980712890625,335.04998779296875,335.79998779296875,331.20001220703125,331.20001220703125,8784889,332.3799987792969,335.8110009765625,336.83150009155275,331.1840072175725,332.5536220641322,0.4079190907323573,53.52668141479699,78.08211733376811,341.5060234247999,323.2539741337939,5.1699423026210924,2949316336,0.011929875012500535,0.03378581142622927,-0.002975747764692893,0.9966823446156421,0.013729221768483926,336.3999938964844,1
2025-09-17,331.06842041015625,336.3999938964844,337.45001220703125,334.54998779296875,335.5,7936518,332.44749908447267,335.79000061035157,336.7032501220703,331.9864667066359,332.83853849615826,0.7403697182157267,55.296919983763615,87.32873061559782,341.6709693938166,323.2240287751287,5.007805310581193,2957252854,0.004029267729297237,0.03301090189308331,0.004029267729297237,0.9127521344826727,0.008620762386086379,336.95001220703125,1
2025-09-18,331.6097412109375,336.95001220703125,337.6000061035156,334.1000061035156,337.0,6497322,332.1949996948242,335.66500061035157,336.569750213623,332.75008909131213,333.1430921043711,0.9595507957433218,56.031760824610295,91.09597774307973,340.59868049051073,323.7913188991377,4.900104931253964,2963750176,0.001635012843419048,0.0178221556611331,-0.014766046178271153,0.7663029477212097,0.010387297442356242,338.6499938964844,1
2025-09-19,333.28277587890625,338.6499938964844,339.5,336.45001220703125,336.95001220703125,10646331,332.1875,335.55800048828127,336.4720001220703,333.65776675364634,333.55101075563874,1.167447845447893,58.31268845350155,94.63718753188941,340.5678247196912,323.8071752803088,4.767953707090735,2974396507,0.0050452044156883424,0.020952612100343382,-0.0004427210799547998,1.2592724446683712,0.009006312853798675,339.20001220703125,1
2025-09-22,333.8240661621094,339.20001220703125,340.3500061035156,336.8500061035156,339.1499938964844,6966213,332.29750061035156,335.51300048828125,336.3307501220703,334.5104199003209,333.96945530759376,1.2813251521339657,59.05282854060079,93.11381403661376,340.9799240111717,323.6150772095314,4.677385585155682,2981362720,0.0016241497725082432,0.024463926167924033,0.006528226133623916,0.8316953389921948,0.010318395855079656,343.0,1
2025-09-23,337.5638427734375,343.0,344.1000061035156,338.1000061035156,339.45001220703125,10738268,332.5550003051758,335.5190002441406,336.1820001220703,335.8165091464254,334.6383845440683,1.534788129411134,63.83075265290643,94.6210002596604,342.13946100604636,322.9705396043052,4.771858043358847,2992100988,0.01120279379780631,0.023727839118572458,0.015243432894615383,1.2550990926729626,0.01749271137026239,347.6000061035156,1
2025-09-24,342.0909423828125,347.6000061035156,350.3999938964844,342.25,343.29998779296875,14653575,333.275,335.6290002441406,336.07425018310545,337.6293548321316,335.59850465958294,1.9100109596821262,68.60625780441659,89.53275591413552,344.89289656125646,321.6571034387435,5.013153461439242,3006754563,0.013411096511707354,0.033293734869916936,0.04321726701359507,1.6974453592575454,0.02344647224792424,340.5,0
2025-09-25,335.1034240722656,340.5,350.79998779296875,340.0,349.29998779296875,13228081,333.76000061035154,335.5990002441406,335.92925018310547,338.07099255026515,335.96157838850274,1.590859959116711,56.25931855489884,62.06265153414092,345.7286933566334,321.79130786406967,5.426498770834208,2993526482,-0.020425793955254568,0.010535651177800087,0.0293228916716346,1.5083710259390448,0.03171802582369677,337.8999938964844,0
2025-09-26,332.54461669921875,337.8999938964844,340.75,336.45001220703125,340.5,6337702,334.27750091552736,335.5079998779297,335.7695001220703,338.0446850650681,336.1051647224273,1.1367729119961134,52.5310115014306,52.48619964457973,346.0203045345489,322.5346972965058,5.346033700986674,2987188780,-0.007635847587417421,-0.0022146759590058185,0.03159824908941067,0.745963642873229,0.01272562258253858,340.95001220703125,1
2025-09-29,335.5463256835937,340.95001220703125,343.75,338.0,339.1000061035156,16922231,334.79000091552734,335.4740002441406,335.62850021362306,338.491658471524,336.4640423138794,0.9798949815998714,56.19811188912243,61.59852658956168,346.75610337748515,322.82389845356954,5.382031729738742,3004111011,0.009026393505888075,0.005159197927539827,0.030994858245070533,1.8808274345157108,0.016864642305712815,340.45001220703125,0
2025-09-30,335.05426025390625,340.45001220703125,343.04998779296875,339.1499938964844,341.1000061035156,8308029,334.9975021362305,335.4410003662109,335.5032502746582,338.79294366160207,336.75929934300177,0.7887385140444862,55.44196928188623,58.2662069338925,347.2026860592069,322.7923182132541,5.2761718845062875,2995802982,-0.0014664906352793716,-0.0074343667433490745,0.01234024550906998,0.9281265985285446,0.011455408302681299,340.25,0
2025-10-01,334.8573913574219,340.25,343.04998779296875,338.04998779296875,340.29998779296875,6022078,335.2975021362305,335.41500061035157,335.42650024414064,339.0171061752018,337.0178697620387,0.6034644868858241,55.12246125899739,52.90182737672734,347.7076797927642,322.88732447969676,5.256445321327267,2989780904,-0.0005874936109845352,-0.021145011433995164,0.017950635751682764,0.6911138184931961,0.014695077149155033,342.0,1
2025-10-03,336.57965087890625,342.0,343.5,338.75,340.25,8506827,335.895002746582,335.43800048828126,335.3507502746582,339.47601291747844,337.3869164463321,0.5546596358952436,57.43385367284163,56.32759077657037,348.3874763093104,323.40252918385363,5.220270655518177,2998287731,0.005143277002204183,0.004405286343612369,0.036206673682797286,0.9730747753853928,0.013888888888888888,339.1000061035156,0
2025-10-06,333.7256164550781,339.1000061035156,341.79998779296875,335.6499938964844,340.6000061035156,8436245,336.4150024414063,335.3590008544922,335.28175033569335,339.4181657153303,337.51381197649386,0.29593352286829777,52.59917816893151,40.30614151454569,348.5262009170215,324.303803965791,5.300966044660852,2989851486,-0.008479514317205727,0.0035513827425486255,0.031639773380762515,0.9500154902306368,0.018136224670568104,338.0,0
2025-10-07,332.64306640625,338.0,341.3999938964844,336.8500061035156,339.1000061035156,16130172,336.98000183105466,335.3410009765625,335.2265003967285,339.1999863745103,337.54982590416097,0.03339220350492411,50.85062686905762,23.353282470647358,348.25078120410086,325.70922245800847,5.247324740968558,2973721314,-0.00324389880187681,-0.00865233055114234,0.03458826865855125,1.7114853714920826,0.01346150234606139,333.79998779296875,0
2025-10-08,328.5096435546875,333.79998779296875,339.25,332.29998779296875,339.25,13223442,337.46500091552736,335.3530004882812,335.1867503356934,338.36921736196547,337.2720601181468,-0.41568881842055694,44.73566865190304,8.108108108108109,347.2083684594686,327.7216333715861,5.368945274258751,2960497872,-0.012426071618435675,-0.01953304207849038,0.02992897718846388,1.3775767842514286,0.020820888140181192,335.8500061035156,1
2025-10-09,330.52716064453125,335.8500061035156,336.3999938964844,331.20001220703125,333.79998779296875,6824759,337.9750015258789,335.41100036621094,335.1790003967285,337.981646399127,337.16672278372965,-0.5583379574735274,48.02126893088392,23.724488207121194,346.1294832434775,329.82051980828027,5.3568764467726355,2967322631,0.006141457116584315,-0.012931649952929836,0.03132200951391262,0.7098163248220474,0.015483047774161384,339.70001220703125,1
2025-10-10,334.3161315917969,339.70001220703125,341.95001220703125,335.95001220703125,336.0,8970962,338.40750274658205,335.51300048828125,335.2112504577637,338.2460103695738,337.35437385212236,-0.38530004433553233,53.60046697640555,43.36740095787946,345.94084942576995,330.87415606739415,5.409957136539992,2976293593,0.0114634689103712,-0.006725110505756526,0.026129058248061332,0.9395767381054537,0.017662642874276026,341.70001220703125,1
2025-10-13,336.284423828125,341.70001220703125,342.1000061035156,336.20001220703125,337.95001220703125,6663149,338.90750274658205,335.5710009765625,335.2515005493164,338.7773952676442,337.67627298952306,-0.14065142693268262,56.22884240303546,53.57149530090992,345.90188263550925,331.91312285765486,5.444959762250305,2982956742,0.005887547624758627,0.007667372623761937,0.03014772273737054,0.6927660338181311,0.017266589656747367,336.6499938964844,0
2025-10-14,331.314453125,336.6499938964844,343.0,335.20001220703125,342.0,7545848,339.1850021362305,335.6190008544922,335.258250579834,338.4501027490042,337.60025231596467,-0.3135386176114179,48.72365878220389,27.806063663484114,345.30392318989374,333.0660810825672,5.613176050158765,2975410894,-0.014779099005378882,-0.00399410089797525,0.016762270282875136,0.7805673865808008,0.02316942799460483,339.25,1
2025-10-15,333.8732604980469,339.25,341.75,336.75,336.95001220703125,8121744,339.395002746582,335.7860009765625,335.28125061035155,338.573163864542,337.72245584811543,-0.25014482737952104,52.25694245066128,41.07141744984835,345.2127316897552,333.57727380340884,5.576521053969969,2983532638,0.007723172881788587,0.016327179168177386,0.012535479361445168,0.8430314764784312,0.014738393515106854,341.5,1
2025-10-16,336.08758544921875,341.5,342.6000061035156,339.6499938964844,340.20001220703125,6788416,339.65000305175784,335.9760009765625,335.3137506103516,339.02344634692014,338.0022739334402,-0.06374434426092468,55.137881619137076,82.07169570905413,345.36647543589675,333.9335306676189,5.417484271794659,2990321054,0.006632277081798144,0.016822967973217695,0.015160541605375277,0.7088567423051284,0.00863839592102855,341.0,0
2025-10-17,335.59552001953125,341.0,344.20001220703125,340.1499938964844,341.5,7032129,339.8525024414063,336.1240008544922,335.36175064086916,339.327531524317,338.2243277161483,0.014629640342286976,54.35297258093457,75.384521484375,345.45790525896746,334.2470996238451,5.319808131705531,2983288925,-0.0014641288433382416,0.0038268700213541784,0.012019550812422342,0.732260956210614,0.011876886541193182,341.95001220703125,1
2025-10-20,336.53045654296875,341.95001220703125,344.45001220703125,340.29998779296875,341.3999938964844,6896835,340.0175033569336,336.3210009765625,335.4047506713867,339.73099009088844,338.5003043451026,0.11368926236752497,55.6449536655978,81.13207547169812,345.6657193249964,334.3692873888708,5.236252151873885,2990185760,0.0027859595514112545,0.0007316359118199056,0.009744628288862689,0.73247192807457,0.012136348196852517,342.0,1
2025-10-21,336.57965087890625,342.0,343.5,341.04998779296875,342.95001220703125,346988,340.15750274658205,336.5660009765625,335.4465007019043,340.0800685384441,338.7595410602802,0.16282479579649234,55.715978489801216,81.50934183372641,345.8563047730954,334.4587007200687,5.037235012956555,2990532748,0.0001461845041212939,0.015891894253711625,0.008254680696355043,0.03819403549240199,0.00716377838313231,342.6499938964844,1
2025-10-23,337.2193603515625,342.6499938964844,345.20001220703125,341.04998779296875,343.79998779296875,8710859,340.14000244140624,336.7240008544922,335.4697506713867,340.47544167045027,339.04772275185087,0.2160129889855824,56.6871892765815,81.78558349609375,345.805835459948,334.47416942286446,4.973862827321265,2999243607,0.001900566948784821,0.010022089599069695,-0.0010204259577715202,0.9696505323916746,0.01211155548806528,339.6000061035156,0
2025-10-24,334.2177429199219,339.6000061035156,343.25,338.1499938964844,342.45001220703125,7584711,339.74000244140626,336.7930010986328,335.4685006713867,340.34075927553727,339.08863262975194,0.032336572937208485,51.031585078127655,59.99995640345982,344.25549267783106,335.22451220498147,4.982873061335148,2991658896,-0.008901175681591211,-0.00556367173201866,-0.023014959319700323,0.8788711425407356,0.01501768554727605,341.75,1
2025-10-27,336.3336181640625,341.75,342.8999938964844,340.45001220703125,340.70001220703125,6752390,339.80250244140626,336.8260009765625,335.53975067138674,340.5575655408392,339.28577095347407,0.041603611613627356,54.479266620847596,75.3570556640625,344.39233096266327,335.21267392014926,4.862666970737548,2998411286,0.0063309595342853076,0.0021994134897360684,0.0036710719530101965,0.8129262936345071,0.007168929596058888,339.1499938964844,0
2025-10-28,333.7748413085937,339.1499938964844,342.8999938964844,337.29998779296875,342.3999938964844,13186584,339.86500244140626,336.81000061035155,335.5925006103516,340.3410160570923,339.27571339369706,-0.13191064988502332,49.90349940657603,56.78558349609375,344.38298280680004,335.3470220760125,4.915334051650269,2985224702,-0.007607918371662414,-0.008188384882558908,0.003699319392065359,1.5246862139679191,0.016511886198720863,347.5,1
2025-10-29,341.99249267578125,347.5,350.0,339.1499938964844,339.25,15423201,340.1925018310547,336.97300048828123,335.70300064086916,341.442398202155,339.8849198089788,0.28821206391675536,61.18022056961041,86.70211902512507,345.7966352597705,334.5883684023389,5.33923919821208,3000647903,0.024620392905164712,0.016081871345029253,0.019210991519165832,1.7988823910848815,0.031223039146807553,345.1499938964844,0
2025-10-30,339.6797180175781,345.1499938964844,349.0,343.45001220703125,349.0,6721032,340.42750091552733,337.1550006103516,335.82700057983396,342.01279753974416,340.2749252969422,0.3748847308340224,57.27279503158328,67.22966146080344,346.43478785765444,334.4202139734002,5.354292669266128,2993926871,-0.006762607492131312,0.007296074841767641,0.013805203468740146,0.79122920073205,0.01607993014953746,336.95001220703125,0
2025-10-31,331.6097412109375,336.95001220703125,345.0,335.6000061035156,345.0,18651312,340.2625015258789,337.1930010986328,335.97050064086915,341.2339074885576,340.0286354384303,-0.1261723694725363,46.18779955194973,11.82433407702808,346.45853908542085,334.066463966337,5.653985178102029,2975275559,-0.023757733838791317,-0.007803279884737724,-0.009698715041789097,2.043782242266438,0.027897295016890408,335.20001220703125,0
2025-11-03,329.887451171875,335.20001220703125,337.5,333.3999938964844,336.8500061035156,10242245,339.9225021362305,337.05700134277345,336.15550064086915,340.3056159067843,339.6709596435119,-0.5574305250619387,44.220716195613,10.843479811526448,346.4379040832007,333.4071001892603,5.542986672774428,2965033314,-0.005193648721178112,-0.019166021340069506,-0.019883005242598673,1.1117586928275256,0.01223152134309386,330.6000061035156,0
2025-11-04,325.3603515625,330.6000061035156,336.0,329.70001220703125,335.3999938964844,11887651,339.4975021362305,336.8930017089844,336.2565007019043,338.8124451678199,338.9990371590677,-1.1029430236657447,39.46307723959672,4.43347013635202,347.1769844782776,331.8180197941834,5.597058181359737,2953145663,-0.013723168066815283,-0.02521004849429065,-0.025066351657349273,1.2666351096062844,0.01905622406732846,326.6499938964844,0
2025-11-06,321.47296142578125,326.6499938964844,332.95001220703125,324.6000061035156,332.04998779296875,11587302,338.9300018310547,336.6860015869141,336.28300064086915,336.94129881838364,338.0842932136912,-1.647476342180357,35.892083475557854,8.07082002193902,348.42997097420357,329.43003268790585,5.793697318656585,2941558361,-0.011948010085016336,-0.06000001756407369,-0.033579899714543227,1.2652547907173033,0.025562547863269662,326.1000061035156,0
2025-11-07,323.6564636230469,326.1000061035156,327.1000061035156,320.8500061035156,324.3999938964844,8578167,338.54500274658204,336.45100158691406,336.2860006713867,335.27340763148084,337.1965682425671,-1.9421140463672508,35.41159505106836,18.010295366247657,349.37620147101427,327.7138040221498,5.826290367323972,2932980194,-0.0016837220365693017,-0.0551933597851435,-0.023067651201439943,0.9610514859249479,0.01916589967194306,325.45001220703125,0
2025-11-10,323.0113525390625,325.45001220703125,328.25,324.0,326.1000061035156,5246998,338.02500305175784,336.2960015869141,336.28250076293943,333.7621160277194,336.3264529806755,-2.0666323105897044,34.81835102811563,15.780470211592077,350.2346885981849,325.81531750533077,5.713698198229403,2927733196,-0.001993234849183234,-0.034129691596313405,-0.03096618641501203,0.5930871255209924,0.01305884111411989,326.6499938964844,1
2025-11-11,324.20233154296875,326.6499938964844,327.45001220703125,322.8500061035156,325.95001220703125,6103758,337.3725021362305,336.2130017089844,336.23550079345705,332.66794339214476,335.6096782336984,-1.9552241593497635,36.919388512592235,19.897046337523438,350.5136751008495,324.23132917161143,5.634148762892704,2933836954,0.0036871459346874413,-0.02550721360137087,-0.038416302153658766,0.7012939334365589,0.014082370088680823,327.1499938964844,1
2025-11-12,324.6986083984375,327.1499938964844,328.25,325.54998779296875,327.5,6850550,336.64500122070314,336.2050018310547,336.24975082397464,331.8190280851201,334.9830349494603,-1.741996945709066,37.818777942424134,21.61231256288036,350.34638300566996,322.9436194357363,5.424567580331172,2940687504,0.0015306903699452423,-0.010435608419048226,-0.04258126365453929,0.7862504671215306,0.00825313237782171,326.95001220703125,0
2025-11-13,324.5001220703125,326.95001220703125,329.95001220703125,325.54998779296875,327.1499938964844,7276001,336.16000213623045,336.1300018310547,336.27250091552736,331.0699487192603,334.3879962277989,-1.5168300719259755,37.587940989488544,20.926268887662836,350.4982559971211,321.8217482753398,5.351385925597696,2933411503,-0.0006112844052701405,0.0009184702775226761,-0.028813253721417742,0.8363754387902725,0.013457789416677914,328.45001220703125,1
2025-11-14,325.9888610839844,328.45001220703125,329.8999938964844,326.20001220703125,327.0,9169855,335.62000274658203,335.97300231933593,336.29650100708005,330.66688156353274,333.9481455595939,-1.1840372475588383,40.520526386477925,26.072067563733594,350.26234880170966,320.9776566914544,5.233428480158798,2942581358,0.004587857299268583,0.007206396993349573,-0.03183489401022477,1.0477619975444734,0.011264976562463705,330.20001220703125,1
2025-11-17,327.72576904296875,330.20001220703125,331.45001220703125,328.54998779296875,329.0,6283156,335.0550033569336,335.8920025634766,336.3292510986328,330.59505550868636,333.6705060519967,-0.7825790358464166,43.836188041746716,32.075499352482815,349.6180314317064,320.49197528216075,5.07389787443317,2948864514,0.005328055822683142,0.01459517536283994,-0.0330892761141105,0.7200015969589575,0.00878262963916616,328.45001220703125,0
2025-11-18,325.9888610839844,328.45001220703125,329.75,327.1499938964844,329.04998779296875,6776200,334.42750396728513,335.8600030517578,336.3605010986328,330.26504884689325,333.2838028042215,-0.5807059598914681,41.35361921229931,26.072067563733594,348.9933321061665,319.86167582840375,4.929335048441291,2942088314,-0.005299818096017428,0.005510541387358181,-0.03680348326383798,0.7776409799192137,0.007915987233627407,326.6000061035156,0
2025-11-19,324.1527404785156,326.6000061035156,328.95001220703125,325.04998779296875,328.95001220703125,6935056,333.6600036621094,335.8180029296875,336.4022511291504,329.70119611714284,332.78870675231735,-0.5195701101901649,38.848856697899144,20.426292173079695,348.1770088978907,319.14299842632806,4.855812860271377,2935153258,-0.005632534738191808,-0.001681148718415626,-0.04488961998990093,0.795696887621475,0.01194128702136763,326.6000061035156,0
2025-11-20,324.1527404785156,326.6000061035156,330.0,326.20001220703125,328.0,5155775,332.89000396728517,335.81600280761717,336.42900115966796,329.2240899612002,332.3302844820357,-0.43060319668093605,38.848856697899144,23.809529826991195,347.1878866153505,318.5921213192198,4.780396784035474,2940309033,0.0,-0.0010705187045351172,-0.04502922191954495,0.5756693077206926,0.011634989963118209,326.6499938964844,1
2025-11-21,324.20233154296875,326.6499938964844,328.3999938964844,325.0,326.8500061035156,6142545,332.09000396728516,335.86700256347655,336.4472511291504,328.82807518201315,331.9095222164393,-0.32468456821726566,38.96470621771017,34.834774288976824,345.8959995007834,318.28400843378694,4.6817965777818245,2946451578,0.00015305508889951192,-0.005480341737397421,-0.04669487898731339,0.6958242789284164,0.010408675830442034,323.45001220703125,0
2025-11-24,321.0263366699219,323.45001220703125,327.1000061035156,322.04998779296875,326.70001220703125,13719726,331.2825042724609,335.8230029296875,336.4445011901855,328.00068087816976,331.28289184537203,-0.42035880079470234,34.46360687114222,17.16176337284841,345.12617267171913,317.4388358732027,4.708098130122186,2932731852,-0.009796362312093576,-0.020442155513210047,-0.047555929346955295,1.5019720016317961,0.015612979192947133,323.70001220703125,1
2025-11-25,321.27447509765625,323.70001220703125,325.6000061035156,322.5,323.45001220703125,8074651,330.3800048828125,335.67600341796873,336.47450119018555,327.3390395441485,330.72119705734684,-0.41624427743263404,35.09442820376276,23.553757569490507,343.72070493860446,317.03930482702054,4.593234413936003,2940806503,0.0007729169595454,-0.014461865804425544,-0.05281635052807243,0.8776233410945219,0.009576787107233505,326.1000061035156,1
2025-11-26,323.6564636230469,326.1000061035156,327.79998779296875,324.0,324.29998779296875,7101095,329.7275054931641,335.56400329589843,336.54875122070314,327.1484190148203,330.3788866163223,-0.21164349258899184,40.96878559841893,49.52827336824619,342.5553031457158,316.89970784061234,4.5580016405075385,2947907598,0.007414253339445009,-0.001530924649895793,-0.03847851401392588,0.7982064436620929,0.011652829567143584,327.3500061035156,1
2025-11-27,324.8970947265625,327.3500061035156,328.75,325.0,327.1499938964844,6755179,328.72000579833986,335.48900329589844,336.59000122070313,327.17943241308114,330.15452509685514,0.03498514011118825,43.82071738307757,56.383027076163884,338.6422212034286,318.7977903932511,4.500287237614143,2954662777,0.0038331799343886974,0.0022963869748438004,-0.05798559394671765,0.7982096991264013,0.01145562831855932,326.45001220703125,0
2025-11-28,324.0038452148437,326.45001220703125,328.1499938964844,324.25,328.0,8930988,327.7850067138672,335.3170037841797,336.6242512512207,327.0672139198427,329.880116734646,0.1577400072655104,42.23845088702864,46.80864878903967,334.26537227400365,321.3046411537307,4.457409141819159,2945731789,-0.0027493321512258584,-0.0006122200924225663,-0.05417929022204049,1.0417077311298695,0.0119466801980422,327.1000061035156,1
2025-12-01,324.64898681640625,327.1000061035156,328.25,325.45001220703125,327.1000061035156,6936186,327.2925064086914,335.1310040283203,336.69575134277346,327.072258871177,329.67418261382153,0.2949752635394085,43.81629792663238,53.72345951561587,332.2239657890271,322.3610470283557,4.339021902615558,2952667975,0.0019910977858139667,0.011284568739320822,-0.029232840916068925,0.8683633299999391,0.008560035893373393,328.6000061035156,1
2025-12-02,326.13775634765625,328.6000061035156,329.95001220703125,326.75,327.45001220703125,5806943,326.96250610351564,334.96400390625,336.75400131225587,327.3072969069214,329.5946139834285,0.48766554374150983,47.38801784105073,69.68086487890396,330.3859360085193,323.53907619851196,4.257664067216679,2958474918,0.004585753506605839,0.015137453542480639,-0.019689754961701,0.7477499260194175,0.00973832059523207,322.95001220703125,0
2025-12-03,320.53009033203125,322.95001220703125,329.0,321.29998779296875,329.0,8546132,326.5800064086914,334.65000427246093,336.81625137329104,326.6369454146306,329.1024212592509,0.24760542050262035,37.67308804933897,16.256359066254554,330.00175865749253,323.1582541598903,4.503546077203434,2949928786,-0.017194138136152448,-0.009659594717960407,-0.023139727027376544,1.1246666856126077,0.023842737005673367,322.95001220703125,0
2025-12-04,320.53009033203125,322.95001220703125,324.29998779296875,321.1000061035156,322.8999938964844,5965357,326.39500732421874,334.32500427246094,336.9030014038086,326.06972492115375,328.64668725538274,0.10889514471514072,37.67308804933897,17.87444456566288,330.1640764053421,322.6259382430954,4.410434335221269,2955894143,0.0,-0.013441251915214503,-0.011327052682038818,0.8151938503105867,0.009908597518187229,323.29998779296875,1
2025-12-05,320.87744140625,323.29998779296875,324.1499938964844,320.95001220703125,322.25,6574010,326.25500640869143,333.93100402832033,336.9882513427734,325.6436115168176,328.25063544335205,0.06306684192774625,38.577687713568984,25.96661608497724,330.2582431926709,322.251769624712,4.323973431952116,2962468153,0.0010836834578384913,-0.00964933158607073,-0.008586379203127215,0.9108420738096717,0.009897871358727961,319.5,0
2025-12-08,317.1059265136719,319.5,323.20001220703125,317.8500061035156,323.20001220703125,7906928,325.95750579833987,333.36900390625,337.0522512817383,324.69844051423024,327.602440225326,-0.18712715410685243,32.980529625144186,13.580203500857758,330.924224783678,320.9907868130017,4.404402593202188,2954561225,-0.011753751736613527,-0.0232345030929485,-0.01828241506792827,1.0756986743175339,0.01674493303134781,319.8500061035156,1
2025-12-09,317.45330810546875,319.8500061035156,321.3999938964844,315.54998779296875,317.45001220703125,7152584,325.6175064086914,332.9560040283203,337.1497512817383,323.9525275279664,327.0281858459326,-0.2870286087818319,33.931363884937724,29.75788704492944,331.2362519707109,319.99876084667187,4.507659986796005,2961713809,0.0010954807621772478,-0.026628118799375766,-0.020817351660884054,0.9661807805875009,0.01828984208811408,321.6000061035156,1
2025-12-10,319.190185546875,321.6000061035156,323.70001220703125,319.5,319.8500061035156,5484712,325.34000701904296,332.63000427246095,337.2460012817383,323.59060115497397,326.62609845760545,-0.19749407475769098,38.620313943205744,42.01394481413979,331.1727281855365,319.5072858525494,4.485685145384237,2967198521,0.005471314574349684,-0.004180232396616801,-0.016964658097242236,0.747780609336041,0.013059739201868556,322.6000061035156,1
2025-12-11,320.1827087402344,322.6000061035156,323.45001220703125,319.1499938964844,321.6499938964844,6317942,325.1225067138672,332.2630041503906,337.3030012512207,323.4382019162881,326.3278693943396,-0.041331400142148755,41.18885513011242,48.9583774848472,331.02288876398933,319.2221246637451,4.47242322861014,2973516463,0.0031094526773054465,-0.0010837779541288395,-0.013304804835918227,0.8670451343815646,0.013329256755088495,325.04998779296875,1
2025-12-12,322.61431884765625,325.04998779296875,325.95001220703125,322.8999938964844,322.8999938964844,4261023,324.95250549316404,331.9550036621094,337.3542512512207,323.68616897423897,326.2332114979418,0.24103484336520165,47.03656160421768,65.97211037172042,330.65211073516207,319.252900251166,4.392250576817674,2977777486,0.007594487424364749,0.005412929372334618,-0.010351725643777288,0.6051463950724847,0.009383228503578644,323.95001220703125,0
2025-12-15,321.5225830078125,323.95001220703125,325.29998779296875,321.54998779296875,323.04998779296875,10219819,324.64000549316404,331.62900390625,337.34825134277344,323.7267602408224,326.064085624541,0.36060158667952713,44.87894886058826,58.33340397575552,329.81577675259416,319.4642342337339,4.346375535616412,2967557667,-0.003384019773100544,0.013928050726232488,-0.01892792177149083,1.4119394484707959,0.01157586003609543,321.0,0
2025-12-16,318.5946960449219,321.0,323.79998779296875,319.04998779296875,322.04998779296875,5241263,324.2675048828125,331.20900390625,337.32200134277343,323.3072586653112,325.6889681708713,0.25297397187045334,39.628771326422864,37.847242826262026,329.36459023399146,319.1704195316335,4.385921884076846,2962316404,-0.009106380910231082,0.0035954162092846076,-0.02268233195356162,0.7318773071009049,0.014797507788161994,321.25,1
2025-12-17,318.8428039550781,321.25,322.3999938964844,319.54998779296875,320.0,5043027,324.00000457763673,330.8520037841797,337.3277513122559,322.9907573321864,325.36015571376976,0.2122280766777238,40.266520646146084,39.58335099393888,329.14072516708427,318.8592839881892,4.276213614036759,2967359431,0.0007788161993769194,-0.0010883274156499034,-0.016380912441930406,0.7136230123015114,0.008871614330009728,318.5,0
2025-12-18,316.1134033203125,318.5,322.1499938964844,317.0,322.0,5554193,323.5950042724609,330.4620037841797,337.3267512512207,322.2998715887731,324.8519960312683,0.02360161261272431,35.787998113183235,20.486161149493494,329.11486982099467,318.0751387239272,4.338626491354446,2961805238,-0.008560311284046662,-0.012709256125060353,-0.02480099801635749,0.7837471779855579,0.01616952557765895,319.8999938964844,1
2025-12-19,317.5029296875,319.8999938964844,320.6000061035156,317.5,318.95001220703125,10833662,323.25750427246095,330.18400390625,337.34775115966795,321.93065963611326,324.48518105832136,0.016963706319860883,39.47844427492557,30.20832450303056,328.8142406067696,317.7007679381523,4.250153606508816,2972638900,0.004395585232290111,-0.015843698169170528,-0.020664319994259883,1.4797515349452302,0.009690547554429614,320.70001220703125,1
2025-12-22,318.29693603515625,320.70001220703125,323.6499938964844,319.5,319.95001220703125,8925871,323.12000427246096,329.8810040283203,337.394001159668,321.7413292624083,324.20479818044805,0.08641296839058832,41.545899506778746,38.290109590906,328.78590534475285,317.4541032001691,4.24299934150707,2981564771,0.0025008387802776255,-0.01003241203128269,-0.008502086555000066,1.260435270908713,0.01294042325700101,323.25,1
2025-12-23,320.82781982421875,323.25,324.75,320.25,321.04998779296875,6024641,323.0975036621094,329.5520037841797,337.43825119018555,321.97343245280706,324.13407238930375,0.31139355994689444,47.680831109424965,74.03840510816109,328.75758385483954,317.4374234693792,4.261356531399422,2987589412,0.00795131804149296,0.007009345794392496,-0.0013902137474849363,0.8632431412588862,0.013921113689095127,322.54998779296875,0
2025-12-24,320.133056640625,322.54998779296875,326.6499938964844,322.25,323.8999938964844,5678004,322.92000274658204,329.16900329589845,337.48225112915037,322.0621332743704,324.0167327895752,0.41394718499103744,46.245934855420096,63.06302838683071,328.4124914385455,317.4275140546186,4.271259200334062,2981911408,-0.0021655443372969874,0.004046654608462985,-0.010886287163760389,0.8219552875168039,0.0136412775166761,324.1000061035156,1
2025-12-26,321.67144775390625,324.1000061035156,325.75,322.29998779296875,322.54998779296875,4174183,322.757502746582,328.9180035400391,337.4717510986328,322.375652171162,324.0229011832004,0.5770381505259419,49.84513230622303,77.02714963227713,327.8970847011122,317.61792079205185,4.212598700812433,2986085591,0.00480551346832403,0.01758243674573201,-0.009928211209418114,0.615763527904209,0.010644900160629236,325.5,1
2025-12-29,323.0609741210937,325.5,325.79998779296875,323.04998779296875,324.1000061035156,14043845,322.71000213623046,328.64300354003905,337.4097511291504,322.8563210679063,324.1323159103707,0.7586338560799546,52.91189100878865,89.63970032304626,327.7283295915981,317.69167468086283,4.108127365040116,3000129436,0.004319635514098863,0.0175054898729623,-0.0029101307137607835,1.9964194410667542,0.008448540706605223,324.8999938964844,0
2025-12-30,322.4654541015625,324.8999938964844,325.54998779296875,323.3500061035156,325.0,8035909,322.6000015258789,328.3110034179688,337.38650115966794,323.1707322723029,324.18918094637917,0.8129440195744917,51.45962119143249,81.8652735040843,327.3159315219269,317.88407152983086,3.971831245355331,2992093527,-0.001843336723550304,0.013096294136533349,-0.006725809128646176,1.133494079923014,0.006771258020257322,329.54998779296875,1
2025-12-31,327.0805969238281,329.54998779296875,330.6499938964844,324.70001220703125,324.75,8497983,322.6475006103516,328.0820031738281,337.3872511291504,324.15215619855917,324.58627774983023,1.1178169139037355,60.50653860016486,91.9413436236119,327.616546988857,317.67845423184616,4.113127705648031,3000591510,0.014312077512583343,0.01948952140129534,0.002890997175313048,1.176345377465596,0.01805486848687443,336.29998779296875,1
2026-01-01,333.780029296875,336.29998779296875,336.8999938964844,329.6000061035156,329.79998779296875,10357315,323.31499938964845,327.96900268554685,337.4172511291504,326.0210533669299,325.4539599752479,1.6952254854854099,69.41721336630597,96.98489302742135,331.0718661560283,315.5581326232686,4.3443333054957165,3010948825,0.020482476862479837,0.042629051373040294,0.04133759121018188,1.4159756943003503,0.021706773886244476,352.1000061035156,1
2026-01-02,349.4616394042969,352.1000061035156,353.0,335.95001220703125,336.79998779296875,23128940,324.77249908447266,328.1710028076172,337.52700119018556,330.03319994178923,327.42774116993445,2.986872692526584,80.50503700253753,97.50001695421007,339.51564799386443,310.0293501750809,5.251880054600933,3034077765,0.046981917585657396,0.08639308692594394,0.09026162809926563,2.8299922497728347,0.04842370774613432,350.6000061035156,0
2026-01-05,347.972900390625,350.6000061035156,354.79998779296875,348.3999938964844,350.3500061035156,18248271,326.1375,328.3300030517578,337.62050125122073,333.1973239666702,329.1442052390886,3.547626118602712,77.62761314801143,88.88893374131096,344.6546783927779,307.6203216072221,5.333888186164037,3015829494,-0.004260153291673063,0.07711215392785142,0.08444175484481908,2.0839672263105635,0.018254403266024927,350.79998779296875,1
2026-01-06,348.17138671875,350.79998779296875,354.1000061035156,346.1499938964844,349.8999938964844,8641743,327.70249938964844,328.5540026855469,337.7162512207031,335.90542609379304,330.74833728011674,3.7212769637579335,77.74183620445073,89.41798600066203,348.8194447854492,306.58555399384767,5.5207541876545525,3024471237,0.0005703984197709122,0.07971681866124114,0.09796553299833732,0.982770470496875,0.02266252133316236,348.8500061035156,0
2026-01-07,346.2359924316406,348.8500061035156,351.3500061035156,346.29998779296875,349.54998779296875,7165806,329.1524993896484,328.69600280761716,337.8022512817383,337.89689994144265,332.08920163740555,3.4975091632949926,73.78598178406224,84.25930261660059,351.83787927912994,306.4671195001669,5.487130196432576,3017305431,-0.00555867091592932,0.05856476718388359,0.09066749866065194,0.8148602789503951,0.014476188110050837,344.3999938964844,0
2026-01-08,341.8193359375,344.3999938964844,349.79998779296875,342.20001220703125,346.75,8805975,330.29249877929686,328.8010028076172,337.81775131225584,338.897375934526,333.0011121751151,2.86885969493502,65.58433640210524,72.11796970495301,353.62739224544066,306.95760531315307,5.638047724254356,3008499456,-0.012756233708394404,0.024085656846654757,0.07089548308537652,0.9828129182229752,0.022067293033175284,336.0,0
2026-01-09,333.4822998046875,336.0,344.3999938964844,334.3999938964844,344.3999938964844,10161744,330.9624984741211,328.57100280761716,337.78900131225583,338.45162579075276,333.2232520139954,1.7607757698251767,53.49635527590368,46.74222579557538,354.1444285067025,307.7805684415397,5.949615743950474,2998337712,-0.024390226612515997,-0.04572566266523237,0.041537488043892346,1.1103109054295086,0.02976190476190476,337.45001220703125,1
2026-01-12,334.9214172363281,337.45001220703125,340.6499938964844,333.70001220703125,336.75,9406174,331.5824996948242,328.4170031738281,337.71975143432616,338.29753139325715,333.5363453616277,1.0348704197578313,55.0369444193602,49.78297622012942,354.7620226484313,308.4029767412171,6.021070454343521,3007743886,0.0043155125209264344,-0.03750711257147499,0.038148053775532986,0.9996551965422219,0.020595588792538536,337.8999938964844,1
2026-01-13,335.3680419921875,337.8999938964844,339.25,335.04998779296875,337.45001220703125,5583379,332.2799987792969,328.4360028076172,337.57450134277343,338.236371778369,333.8595785864319,0.5203820640523937,55.52930314932087,48.079876392042735,355.3380871218455,309.22191043674826,5.890994865249787,3013327265,0.0013334765837171858,-0.03677307396058849,0.04306214281152099,0.6083705097338994,0.012429749283505235,349.1000061035156,1
2026-01-14,346.484130859375,349.1000061035156,350.5,337.45001220703125,338.8999938964844,20389924,333.6849990844727,328.71400268554686,337.48525131225585,339.90770013608386,334.9884991432529,0.8502318919569873,65.62033907106843,82.4615948016827,357.24161576360916,310.1283824053362,6.402351502943999,3033717189,0.03314593787907083,0.000716640377314004,0.08753895982403614,2.0523264780055586,0.03738180339389381,349.1000061035156,0
2026-01-15,346.484130859375,349.1000061035156,349.1000061035156,349.1000061035156,349.1000061035156,0,335.07749938964844,329.08400268554686,337.457501373291,341.32190105415026,336.0337959551242,0.9753087985216604,65.62033907106843,82.04730176550197,358.8210587016256,311.3339400776713,5.945040681305142,3033717189,0.0,0.013646957869702936,0.08669262600316152,0.0,0.0,346.3500061035156,0
2026-01-16,343.7547302246094,346.3500061035156,354.04998779296875,345.3999938964844,352.6499938964844,14275582,336.4699996948242,329.4780029296875,337.38600143432615,342.09545567712956,336.7979596698199,0.7877597654442479,61.63752034174935,73.13199806317579,359.41453204398744,313.52546734566096,6.138251625246516,3019441607,-0.007877398888341935,0.030803589593796588,0.08744114946158743,1.4107773490732245,0.024974718475677178,343.3500061035156,0
2026-01-19,340.7772216796875,343.3500061035156,347.95001220703125,342.04998779296875,343.5,9974363,337.64250030517576,329.8230029296875,337.3147514343262,342.2884634350351,337.2832964426862,0.39634460038676966,57.53494101659044,61.96016286869523,359.44860984360616,315.83639076674535,6.121235395876229,3009467244,-0.008661758184301482,0.017484052994683585,0.07330419710673519,0.9899146709522901,0.01718370266253532,338.75,0
2026-01-20,336.211669921875,338.75,348.29998779296875,337.70001220703125,343.0,7718407,338.54499969482424,330.08900268554686,337.24775146484376,341.7440844450297,337.3919411506354,-0.20534327805422592,51.83752511252262,36.30952597205218,358.9186130987449,318.17138629090357,6.441145409452034,3001748837,-0.013397425431030285,0.0025155552496873845,0.05628309044564794,0.7706377806626524,0.03129144084409594,338.70001220703125,0
2026-01-21,336.1620788574219,338.70001220703125,341.6000061035156,336.79998779296875,338.79998779296875,6948955,339.31750030517577,330.3300030517578,337.18250152587893,341.2757656391838,337.488835302961,-0.616444988980593,51.77752145183253,23.69670988307849,358.4463919877406,320.18860862261096,6.323922045244522,2994799882,-0.00014756544049820963,-0.02979087285779236,0.04779586142933101,0.690625699705315,0.014171887031444367,342.45001220703125,1
2026-01-22,339.88397216796875,342.45001220703125,343.20001220703125,337.1000061035156,338.70001220703125,5885972,340.31250152587893,330.63600341796877,337.10025161743164,341.45641895731416,337.85632988844765,-0.6426290050695371,55.90143831262718,41.46924229538736,357.85351113992755,322.7714919118303,6.307928049406745,3000685854,0.011071744507962444,-0.01904896528278066,0.06169593913249649,0.5843766274646308,0.017812836577817993,336.70001220703125,0
2026-01-23,334.17706298828125,336.70001220703125,345.45001220703125,336.1000061035156,343.95001220703125,10084314,340.9425018310547,330.83100341796876,337.03175170898436,340.72466407265523,337.77067672686127,-1.030984582513668,48.98413141154121,14.705886752823998,356.9468896979426,324.9381139641668,6.52521933898595,2990601540,-0.0167907717770025,-0.027861971203777647,0.03887690794887311,0.9726636352766533,0.027769544890204702,344.70001220703125,1
2026-01-27,342.1170959472656,344.70001220703125,346.5,337.04998779296875,340.5,12203590,341.9025024414062,331.15600341796875,337.00625183105467,341.3362560933285,338.2839608365035,-0.7461413371861458,56.96333424668674,54.05411890322542,356.3102653000522,327.49473958276025,6.759131371413294,3002805130,0.023760022898606126,0.00393186567501802,0.0589862126176075,1.1876144159785322,0.027415178045759544,348.04998779296875,1
2026-01-28,345.4419860839844,348.04998779296875,353.25,344.70001220703125,344.70001220703125,13566973,343.0600021362305,331.5130029296875,336.98175170898435,342.36913789327315,339.00737024068616,-0.34933515313928254,59.79883152405946,70.51593514369523,355.38743756629515,330.7325667061658,6.887049687238684,3016372103,0.009718524709321663,0.0274538385032288,0.0712526756890619,1.2856923066936163,0.02456540178951121,358.1499938964844,1
2026-01-29,355.46630859375,358.1499938964844,360.5,347.29998779296875,350.0,20624409,344.49000244140626,332.10700256347656,337.0257516479492,344.7969618937672,340.42534236333785,0.528413379762477,66.8832338423768,91.23131651525539,356.85218402659115,332.1278208562214,7.337975581509582,3036996512,0.029018837689267274,0.05742539412004599,0.08678503159733952,1.8482985460584729,0.036856100605844024,356.0,0
2026-01-30,353.3324279785156,356.0,359.3500061035156,351.1000061035156,359.0,22641103,345.4750030517578,332.69500244140625,337.00525161743167,346.520506217803,341.5790207067943,0.8786234882734396,64.28617148916271,83.20894757578725,358.20384312094546,332.7461629825702,7.403120182830326,3014355409,-0.0060030543993413454,0.03956778306311448,0.058578688439200555,1.9231736847364496,0.023174157303370788,350.3500061035156,0
2026-02-02,347.7247619628906,350.3500061035156,352.75,337.75,344.95001220703125,12622760,345.3875030517578,333.17000244140627,336.9445016479492,347.1096600463742,342.2287233287737,0.6544597558921899,57.921178387031965,60.11792130425711,357.9560249366385,332.81898116687705,8.17789731262816,3001732649,-0.015870769372147153,0.04054052094328764,-0.0049701788402852776,1.1222752788844412,0.04281432778273749,358.54998779296875,1
2026-02-03,355.8633117675781,358.54998779296875,365.9500122070313,353.79998779296875,365.9500122070313,11559806,345.78500213623045,333.8080023193359,336.94075164794924,348.8697104689272,343.43770588167706,0.964422100433489,63.56022459938554,75.20930351437686,359.44340188077246,332.12660239168844,8.708047940548697,3013292455,0.02340511359097941,0.0401797943007296,0.02267536095565803,1.0592645605241238,0.03388655648505595,367.25,1
2026-02-04,364.49810791015625,367.25,368.5499877929688,357.6000061035156,359.45001220703125,15515053,346.60750274658204,334.68400207519534,336.9570016479492,351.6974473198615,345.20157952007133,1.6226282503788019,68.39899139089573,95.99387202923653,363.0685192703712,330.1464862227929,8.868186065470447,3028807508,0.024264433142456854,0.05516452486834167,0.046892852849069966,1.3782932017077152,0.029816151639082866,367.0,0
2026-02-05,364.25,367.0,370.7000122070313,365.0,369.75,18789794,347.51500244140624,335.5500018310547,336.96925170898436,354.051686193729,346.81627733339934,1.8897354487346139,68.11907227705728,89.30632498745325,366.21890221650654,328.81110266630594,8.641887932724794,3010017714,-0.000680735194009574,0.024710334369218323,0.05202807389689035,1.5872555112402682,0.015531368411529446,365.0499877929688,0
2026-02-06,365.0499877929688,365.0499877929688,365.9500122070313,361.0,361.7999877929688,7328789,348.5475021362305,336.32900146484377,336.9932516479492,355.74373259361204,348.1669225526267,1.7849093035122348,65.85518481350202,83.67045255090748,368.67524743784503,328.41975683461595,8.45318165181588,3002688925,-0.005313384760302964,0.02542131402519332,0.05995933293393474,0.6229815552835906,0.013559820223411739,361.8999938964844,0
2026-02-09,361.8999938964844,361.8999938964844,368.6000061035156,361.0,366.5499877929688,7983235,349.8425018310547,337.02000122070314,336.9837516784668,356.69084971713085,349.18418709661614,1.3718095064332925,62.255841416190776,74.5664255543216,369.9070945096534,329.77790915245595,8.392240541223005,2994705690,-0.008628938506555661,0.03296699755031862,0.07708331516810829,0.6849546608625725,0.021000293538798686,366.8999938964844,1
2026-02-10,366.8999938964844,366.8999938964844,368.1499938964844,361.25,361.8999938964844,8319282,351.3150009155273,337.82900085449216,337.00225158691404,358.2614872831852,350.49646908179153,1.3041320698498096,65.48090095911095,89.01729005718062,371.8428286729673,330.78717315808734,8.285651495170246,3003024972,0.013815971495788837,0.02328826213302526,0.08727213105384357,0.7171309836847671,0.018806197904792307,368.4500122070313,1
2026-02-11,368.4500122070313,368.4500122070313,369.0,366.0,369.0,5782448,352.8425018310547,338.6560009765625,337.06225158691404,359.82895265608465,351.8263611651426,1.233364287518551,66.43827955166911,93.49711097371343,373.69407050056196,331.9909331615474,7.9081049598009425,3008807420,0.004224634331785326,0.0032675621702691338,0.0904114201313242,0.49802588129206726,0.008142217127446602,368.25,0
2026-02-12,368.25,368.25,372.0,366.8500061035156,370.0,6763353,353.8000015258789,339.44900085449217,337.09600158691404,361.1244984013024,353.0429270047617,1.049875354493767,66.18319957060984,89.55431577283017,375.6127876484243,331.9872154033335,7.711097026706902,3002044067,-0.0005428476059295972,0.0034059945504087974,0.054855323866153105,0.618821452511423,0.013985047919848947,363.0,0
2026-02-13,363.0,363.0,368.0,362.3999938964844,367.5499877929688,7111972,354.4950012207031,340.25000061035155,337.1262515258789,361.41303710879436,353.78048796737187,0.48068247950043475,59.703629151473805,74.2489360327337,376.54892475179855,332.44107768960765,7.578161960764668,2994932095,-0.014256619144602856,-0.005615635834869348,0.03981665326113659,0.6302141744161812,0.015427014059271695,369.1000061035156,1
2026-02-16,369.1000061035156,369.1000061035156,369.6499938964844,362.5,362.6000061035156,6292850,355.63250122070315,341.1730004882813,337.19900161743163,362.5956477233669,354.9152670885677,0.4228111783016999,64.10139116385483,91.53286453581204,378.22880539968344,333.03619704172286,7.54757852760179,3001224945,0.016804424527591344,0.019895032684335234,0.0656849995642863,0.5780749899360377,0.019371427196560733,368.3999938964844,0
2026-02-17,368.3999938964844,368.3999938964844,369.5,366.0499877929688,368.75,4442793,356.88500061035154,342.07500061035154,337.2975015258789,363.4886240576926,355.91413574100596,0.25353508815133985,63.24834025603634,89.48903327440694,379.3960596758243,334.3739415448788,7.2548952189896045,2996782152,-0.0018965380532530718,0.004088307508730127,0.07295758656668405,0.4187642891827409,0.00936485413732282,368.3999938964844,0
2026-02-18,368.3999938964844,368.3999938964844,370.7000122070313,367.3999938964844,368.4500122070313,4871319,358.3675003051758,343.05300048828127,337.39650146484377,364.2442194175067,356.8390141228933,0.06740165286249855,63.24834025603635,89.48903327440694,379.78478126044735,336.9502193499042,6.972404011243699,3001653471,0.0,-0.0001357533149404233,0.08752765725899447,0.46540055623714616,0.008957704574431112,363.2000122070313,0
2026-02-19,363.2000122070313,363.2000122070313,370.8999938964844,362.2000122070313,367.0,5375352,359.5925003051758,343.92000061035156,337.50350158691407,364.08357215435666,357.31019916616276,-0.45154452284563273,56.74279387088215,74.306604984033,379.08624392089064,340.09875668946097,7.095802416830082,2996278119,-0.014115042821944757,-0.013713476695094928,0.07233539745202133,0.5174449670863259,0.023953693273814934,372.9500122070313,1
2026-02-20,372.9500122070313,372.9500122070313,373.6499938964844,362.7000122070313,362.7999877929688,16736731,361.1175003051758,344.9470007324219,337.6580017089844,365.44763985476817,358.46870383585673,-0.19678519370247294,64.18195558727336,96.47364496613885,379.76194144343094,342.4730591669206,7.3711009363031526,3013014850,0.026844712754145794,0.027410501947744637,0.08906409377366598,1.5311538647920828,0.029360454031503114,375.4500122070313,1
2026-02-23,375.4500122070313,375.4500122070313,376.5,372.1499938964844,374.0,16135451,363.0550003051758,346.0040008544922,337.8352517700195,366.986466370501,359.72657853001783,0.06733330229538481,65.80577730585196,94.44450723783565,379.0062069942205,347.10379361613104,7.155308448246901,3029150301,0.006703311216443186,0.017204026005176454,0.11508761091512332,1.4363877628114985,0.011586112563812988,382.75,1
2026-02-24,382.75,382.75,385.0,373.5499877929688,374.9500122070313,20774629,364.9574996948242,347.15800109863284,338.0752517700195,369.41162539042386,361.4320171574239,0.6296429558497634,70.07232205878722,90.625,380.7739615022386,349.1410378874098,7.462073002445779,3049924930,0.019443301519839418,0.038952243054455105,0.11038580343918136,1.7814095400244683,0.02991512007062363,384.8999938964844,1
2026-02-25,384.8999938964844,384.8999938964844,388.5499877929688,382.7000122070313,382.75,12750016,366.8,348.3770007324219,338.2570018005371,371.79445131443316,363.17038580476174,1.019280186016978,71.2116282270684,86.75137744556109,382.89189416636475,350.7081058336353,7.346923186980902,3062674946,0.005617227685132287,0.044788274357670854,0.10587561383692723,1.0971476799152675,0.015198689734224318,381.8999938964844,0
2026-02-26,381.8999938964844,381.8999938964844,385.8500061035156,378.3999938964844,385.0,10721570,367.9875,349.5950006103516,338.45900177001954,373.34915017321026,364.5577641819264,0.9492805341035186,67.35837341648536,75.86208042465407,384.838193602285,351.136806397715,7.35428668841307,3051953376,-0.007794232391717948,0.05148673199601572,0.0663129984775721,0.9636573451174844,0.019507756810937808,381.8999938964844,0
2026-02-27,381.8999938964844,381.8999938964844,385.2000122070313,380.1499938964844,381.0,11548959,369.2824996948242,350.80800048828127,338.6757518005371,374.6646645921755,365.8423737904122,0.7841482756663787,67.35837341648536,75.64103710626142,386.2297485592758,352.3352508303726,7.18969608999406,3063502335,0.0,0.023997805058348698,0.07275279184405714,1.0924815444552223,0.013223405056968294,377.5499877929688,0
2026-03-02,377.5499877929688,377.5499877929688,378.9500122070313,365.0,365.0,14732253,370.6424987792969,351.98900024414064,338.8537516784668,375.1085604692206,366.7096044572682,0.28865078868438765,61.74034604181946,58.25423077101256,385.535223956651,355.74977360194276,7.883288790457654,3048770082,-0.011390432503370684,0.005593222846346668,0.07763659544911383,1.3798401021131577,0.03694878203699177,365.7999877929688,0
2026-03-04,365.7999877929688,365.7999877929688,373.8500061035156,364.1000061035156,370.75,11433169,371.0049987792969,352.9070001220703,338.9672515869141,373.67647236518184,366.64222544509784,-0.8608466425472141,49.68565770419224,13.662159094594156,385.0303991781392,356.9795983804546,8.280909711814477,3037336913,-0.031121706740573796,-0.04428481308172749,0.020220332580756617,1.0714794629718973,0.02665391012948363,378.0499877929688,1
2026-03-05,378.0499877929688,378.0499877929688,379.8999938964844,366.6000061035156,366.9500122070313,16158714,371.5449981689453,354.0539996337891,339.13175155639647,374.3493208925337,367.4872448782735,-0.8264140386968153,58.73217491691966,60.151765735966535,385.78058139755285,357.3094149403378,8.696559454078841,3053495627,0.03348824606012046,-0.01779684648516211,0.029407727142188644,1.5097885320089828,0.03518050052220134,380.6000061035156,1
2026-03-06,380.6000061035156,380.6000061035156,385.5499877929688,374.6499938964844,377.0,14940896,372.2249984741211,355.20099975585936,339.32175155639646,375.3109647711463,368.4585605245877,-0.668868645118736,60.33111256266131,69.82926354703743,386.8218974689878,357.6280994792544,8.853947628536384,3068436523,0.006745188183799877,-0.0034040005596887024,0.03705723733927968,1.4215630117519151,0.028638974570903843,376.25,0
2026-03-09,376.25,376.25,379.0,371.3999938964844,373.0,11286578,372.78499908447264,356.275,339.47225158691407,375.45543172943144,369.0357041894331,-0.8812362813431847,56.322163601254914,53.32068618866924,387.0944026127019,358.4755955562434,8.878666527000302,3057149945,-0.011429337976238796,-0.014794433063059498,0.030680763132590716,1.0540245852698968,0.020199351770141195,377.2999877929688,1
2026-03-10,377.2999877929688,377.2999877929688,385.4500122070313,374.8500061035156,385.0,10875834,373.55499877929685,357.33899963378906,339.6517515563965,375.73920958536024,369.64787334525056,-0.9677020649854793,57.06380139162672,57.30546328853557,387.07416251943437,360.03583503915934,9.001619353894258,3068025779,0.0027906652304818813,-0.0006621639732037332,0.04255317534183045,1.002130855178368,0.028094371710746233,379.8999938964844,1
2026-03-11,379.8999938964844,379.8999938964844,383.8999938964844,376.4500122070313,377.5,9963701,374.2049987792969,358.42699951171875,339.8282514953613,376.3793302486101,370.407289682379,-0.8695981910912502,58.923731065973264,67.17266826956464,387.63153082752234,360.77846673107143,8.890788092148458,3077989480,0.006891084515333379,0.038545671334182074,0.03543199840899369,0.9111811000809936,0.019610375912464607,390.5499877929688,1
2026-03-12,390.5499877929688,390.5499877929688,392.3999938964844,375.6499938964844,379.0,23847146,375.30999755859375,359.73999938964846,340.06350143432616,378.55943140928065,371.89934139427453,-0.14523899385298567,65.51364702421492,93.77101938021553,390.21621883412354,360.40377628306396,9.452160371280712,3101836626,0.028033677461406725,0.03306441053727882,0.059980933243990675,2.0144293824338964,0.042888235881546624,384.4500122070313,0
2026-03-13,384.4500122070313,384.4500122070313,394.5,383.2000122070313,391.8500061035156,27107369,376.1199981689453,360.8379998779297,340.29300155639646,379.4656746089346,372.82902071373803,-0.13494009093003712,59.614314664716936,66.94082299098444,391.163611073073,361.0763852648176,9.584148044258425,3074729257,-0.015618936823961982,0.01011562281075884,0.0439918865092499,2.108642484218515,0.02939260614949208,382.3999938964844,0
2026-03-16,382.3999938964844,382.3999938964844,388.25,375.4500122070313,384.5,16793109,377.08999786376955,361.76,340.50475158691404,379.9171083454807,373.53798169023776,-0.31397386470692457,57.73279820450962,60.19734035237771,391.09026537744086,363.08973035009825,9.813850883452016,3057936148,-0.005332340344530895,0.016345498728197683,0.053443509356706276,1.2589082992460554,0.03347277195938881,383.3500061035156,1
2026-03-17,383.3500061035156,383.3500061035156,385.8999938964844,378.2999877929688,382.8999938964844,9720902,377.80249786376953,362.385,340.72475158691407,380.44524646210147,374.2647983134436,-0.4101218970335836,58.388233386456626,63.322381134511275,391.55191284844847,364.0530828790906,9.655719113456556,3067657050,0.0024843415852364714,0.016035034472003717,0.038607422824055826,0.7194899144774994,0.01982524059609209,378.5,0
2026-03-18,378.5,378.5,386.3500061035156,377.6000061035156,385.0,10681498,378.3074981689453,362.9429998779297,340.94775161743166,380.1459777756243,374.5785169568922,-0.8184873815674854,53.801354777844466,47.36841048560102,391.36284944200764,365.25214689588296,9.5910248910668,3056975552,-0.012651639562530681,-0.0036851643037031367,0.027415869356267164,0.7727471325950408,0.023117569352708058,374.0499877929688,0
2026-03-19,374.0499877929688,374.0499877929688,380.75,373.1000061035156,373.5,10568326,378.58999786376955,363.4079998779297,341.15525161743165,379.2081331629081,374.53936664845344,-1.3737453486759534,49.92591042590003,32.730209497192874,391.0043654792098,366.1756302483293,9.452379820025198,3046407226,-0.011756967521878936,-0.0422481129579414,0.01533657434878255,0.7491223451478775,0.020451795605240162,380.9500122070313,1
2026-03-20,380.9500122070313,380.9500122070313,383.2999877929688,375.5,375.8500061035156,20930288,379.47749786376954,364.05,341.4187516784668,379.47611455431166,375.01422928242215,-1.26450127299288,55.30226516769919,55.427662784709675,389.7102638695204,369.24473185801867,9.437924118594825,3067337514,0.01844679759188117,-0.00910391439424696,0.048871143731906486,1.4060991664697702,0.020475095269795716,372.3999938964844,0
2026-03-23,372.3999938964844,372.3999938964844,379.5,369.2999877929688,377.1000061035156,13148432,379.4499969482422,364.61,341.6345016479492,378.3874806069536,374.82058221679716,-1.7275905237807647,48.37171877870626,27.30259690587835,389.7554844965649,369.14450939991946,9.595931282556803,3054189082,-0.022443937620614474,-0.026150628032454937,-0.0014747775641353877,0.8940897495719757,0.027389936558018524,375.5499877929688,1
2026-03-24,375.5499877929688,375.5499877929688,378.1499938964844,371.0,378.0,9339144,379.4549957275391,365.4009997558594,341.86900161743165,377.95094325095596,374.8746122594765,-1.774526337966213,50.81720441375769,32.07879443508033,389.75281162964745,369.1571798254307,9.421221469265914,3063528226,0.008458630365498987,-0.020346988877940952,0.0002662820154135659,0.6500808622622021,0.01903872754331172,378.3999938964844,1
2026-03-25,378.3999938964844,378.3999938964844,380.9500122070313,375.6000061035156,376.0,9266292,379.2374954223633,366.2199993896484,342.0967515563965,378.0200279656526,375.1357516399956,-1.5732648030308996,52.98698736418651,36.111117838968845,389.4309728449266,369.04401799979996,9.133993108179956,3072794518,0.007588886156712382,-0.0002642169181390486,-0.011365136782535923,0.6719227751424368,0.01413849415911787,375.6499938964844,0
2026-03-27,375.6499938964844,375.6499938964844,379.8999938964844,374.6499938964844,379.8999938964844,20263654,378.7749954223633,366.9749993896484,342.2895014953613,377.6554073396267,375.17384365899477,-1.5807819584447804,50.6643718060624,25.198424712444456,388.7355482488915,368.8144425958351,8.856565029024244,3052530864,-0.007267441977687472,0.004277519464594093,-0.02403221654113019,1.4304033397579994,0.013975775549850564,370.6499938964844,0
2026-03-30,370.6499938964844,370.6499938964844,377.9500122070313,369.6499938964844,374.0,17974103,378.2124954223633,367.4059991455078,342.4467514038086,376.5776514252971,374.83874367658655,-1.8587503122929259,46.65965661523247,5.357164482400114,388.6622319968667,367.7627588478599,8.81681169199015,3034556761,-0.013310262428429143,-0.027037716184529992,-0.029457973762234135,1.2371175097318259,0.022393142984551005,364.6499938964844,0
2026-04-01,364.6499938964844,364.6499938964844,381.8999938964844,361.4500122070313,381.2999877929688,15449629,377.3499954223633,367.71699890136716,342.5795013427734,374.74262719009516,374.08402147065306,-2.351241873249114,42.335155063655826,9.682247719721872,389.1944088736524,365.5055819710742,9.647752406094643,3019107132,-0.016187778494003435,-0.020810956302416694,-0.04516889310209227,1.049278361512969,0.05608112445288657,359.6499938964844,0
2026-04-02,359.6499938964844,359.6499938964844,361.2999877929688,352.0,359.95001220703125,16551512,376.4549957275391,367.9829986572266,342.7092512512207,372.4206836064628,373.01483424293684,-2.8831985833322324,39.084281430694844,17.999985638786764,390.58779600220856,362.3221954528696,9.862198226836767,3002555620,-0.01371177864716866,-0.04233788953083306,-0.047410924315272274,1.1172119787554988,0.025858440013335742,366.1000061035156,1
2026-04-06,366.1000061035156,366.1000061035156,366.75,355.70001220703125,358.79998779296875,11534034,376.4699966430664,368.43799865722656,342.88000122070315,371.44827168293244,372.5026247511278,-2.674720812042837,44.956230943727896,33.17648494944853,390.55809327459923,362.38190001153356,9.947040338703337,3014089654,0.017934136845523474,-0.03250525367696899,0.0008201703678476502,0.7782718502914365,0.03018297625989206,368.8500061035156,1
2026-04-07,368.8500061035156,368.8500061035156,369.7999877929688,362.25,364.8500061035156,12603971,376.00999755859374,369.03999877929687,343.05575119018556,371.0485385168683,372.2320604068603,-2.2431117070715585,47.289202114569804,46.482775457974135,390.4578917590078,361.5621033581797,9.775822299722298,3026693625,0.007511608724809493,-0.018101924406905723,-0.02433535772124229,0.8607905185304332,0.020468991915510357,374.1499938964844,1
2026-04-08,374.1499938964844,374.1499938964844,375.5499877929688,368.25,373.5,19491331,375.6874969482422,369.7489984130859,343.2505010986328,371.5256854983477,372.37412955423986,-1.5264270983773904,51.55118071310716,64.4832313267548,389.9984685186063,361.3765253778781,9.598976977811335,3046184956,0.014368951349512438,0.009442870788168634,-0.01694695770781718,1.3107960493448798,0.019510859045980596,378.6499938964844,1
2026-04-09,378.6499938964844,378.6499938964844,384.2000122070313,376.5,376.9500122070313,18503665,375.80749664306643,370.472998046875,343.4817510986328,372.62173294421484,372.8390083944061,-0.7162067941411869,54.88652223481756,77.58366568021316,390.1754576423787,361.43953564375414,9.631194215863877,3064688621,0.012027261989599358,0.03839298021207238,0.006378721319559855,1.2148928574969353,0.020335434652446718,380.1499938964844,1
2026-04-10,380.1499938964844,380.1499938964844,384.4500122070313,372.0499877929688,381.2000122070313,14953758,375.9499969482422,371.34199768066406,343.73225112915037,373.7799269368717,373.38056287604155,-0.07965382649583769,55.97451177931308,86.74879293384303,390.4304330066812,361.4695608898032,9.828967801449494,3079642379,0.003961442028730389,0.056999861943277,0.00755368724019001,0.9688469146047853,0.03261876788939013,386.25,1
2026-04-13,386.25,386.25,388.0,374.3500061035156,374.3500061035156,15240045,376.26749725341796,372.1729974365234,343.98750106811525,375.69839971581445,374.3338545148533,0.7084218509081707,60.1802359831689,95.13888888888889,391.3465330336797,361.1884614731562,10.101898236809129,3094882424,0.016046313827317027,0.0550395890755242,0.016714941314913245,0.9708017953206268,0.035339790023260514,392.6000061035156,1
2026-04-15,392.6000061035156,392.6000061035156,393.9500122070313,387.1000061035156,390.25,7722460,376.3699981689453,373.0639978027344,344.28750106811526,378.29864685238385,375.6869027806801,1.5644965773206,64.03217451348938,96.78186958122171,391.85830201981645,360.88169431807415,9.930334948967856,3102604884,0.01644014525182036,0.06438931708553297,0.005249054857565438,0.5185581978177118,0.017447799279222534,390.7999877929688,0
2026-04-16,390.7999877929688,390.7999877929688,397.25,387.7999877929688,397.0,9896906,376.68749694824226,373.71699768066406,344.5917509460449,380.22193007401233,376.8063905593682,1.8946336162087871,62.19552097592786,85.74582937672665,393.0603992265875,360.314594669897,9.896026181686665,3092707978,-0.004584865722269571,0.04450085304849938,0.016517038325695177,0.7053271653216024,0.024181198828587106,393.6000061035156,1
2026-04-17,393.6000061035156,393.6000061035156,396.25,388.4500122070313,393.0,15320653,377.2474975585938,374.46899780273435,344.9055009460449,382.2800956170129,378.0503620811569,2.1670621099365075,63.92876089208215,91.93371514589089,395.0659597590917,359.4290353580959,9.746309153921095,3108028631,0.007164837251812273,0.03948240445797624,0.029288735318502956,1.0976228619193804,0.01981704184963178,398.0,1
2026-04-20,398.0,398.0,400.8500061035156,390.6499938964844,393.0,9895187,377.979997253418,375.42199768066405,345.2097509765625,384.6985424451647,379.52811303810824,2.4862063849095972,66.52592779221366,94.16580195000115,397.83035043382387,358.1296440730121,9.778716514857535,3117923818,0.011178846108369278,0.046955166092613965,0.038215713220905556,0.7084819995703509,0.025628171374450375,396.2000122070313,0
2026-04-21,396.2000122070313,396.2000122070313,402.7000122070313,395.7000122070313,398.6000061035156,9493644,378.8649978637696,376.1749981689453,345.49925109863284,386.4679993316057,380.7630685321025,2.4165662218850485,64.48056751016341,87.17949026627936,400.2482465756994,357.4817491518398,9.580236763796282,3108430174,-0.004522582394393737,0.02576054940331729,0.04676357254169439,0.6826349261017107,0.01766784397861705,405.3999938964844,1
2026-04-22,405.3999938964844,405.3999938964844,407.25,393.2000122070313,398.0,16411131,380.43249816894536,376.937998046875,345.8517510986328,389.3806138800486,382.58802596650116,2.803378668743437,69.62155456767745,96.65157266332014,404.59030094867273,356.274695389218,9.899504694451455,3124841305,0.023220548727912904,0.03260312683131694,0.08381234360811507,1.1557548014948522,0.03465709917241944,402.25,0
2026-04-23,402.25,402.25,405.8999938964844,400.3999938964844,404.0,9144699,381.4974975585938,377.642998046875,346.2000010681152,391.3605194369642,384.0444684875011,2.6614733637272723,66.09418335791463,90.9502262443439,407.46304499010563,355.531950127082,9.585254359133495,3115696606,-0.007770088662824914,0.029298906255588175,0.05591281562000061,0.6718997958334596,0.013673088875077687,401.8500061035156,0
2026-04-24,401.8500061035156,401.8500061035156,405.25,399.2000122070313,404.75,6266676,382.9699981689454,378.3789984130859,346.54050109863283,392.97428661643363,385.36339719979844,2.3650494647194966,65.63940434321098,89.52474262812353,410.0223294449363,355.91766689295446,9.332735318693153,3109429930,-0.0009943912902035112,0.020960365528628344,0.07908166672853767,0.4723818101905827,0.015055338312997886,410.2000122070313,1
2026-04-27,410.2000122070313,410.2000122070313,414.3999938964844,402.6000061035156,403.8999938964844,13001752,384.70249938964844,379.3449987792969,346.9185011291504,395.62439824575637,387.2031464595935,2.5403294673977523,70.24251587579238,91.94634289355841,413.97886883078576,355.4261299485111,9.562539066855695,3122431682,0.020778912471547173,0.03065329700259123,0.09226474647940663,0.9667265512719735,0.028766424772833015,406.8500061035156,0
2026-04-28,406.8500061035156,406.8500061035156,414.2000122070313,405.9500122070313,414.0,7726655,386.125,380.1439990234375,347.27525115966796,397.3514148392578,388.6584693961803,2.2496184994499107,66.39927470441211,83.64032764575535,416.7708785375464,355.4791214624536,9.468786276366002,3114705027,-0.008166762564172925,0.026880347219472744,0.07518502290149098,0.5778116297466476,0.02027774333595791,401.2999877929688,0
2026-04-29,401.2999877929688,401.2999877929688,410.0,399.6499938964844,409.5,11920835,387.4074996948242,380.8009985351562,347.59450103759764,397.95888760136717,389.5948781663128,1.536545993141397,60.49395939451732,69.06728638599155,418.33809215275755,356.47690723689084,9.531730549733831,3102784192,-0.013641435977107319,-0.01011348338737883,0.06828163000996246,0.9201631233051938,0.025791194663218397,399.1499938964844,0
2026-04-30,399.1499938964844,399.1499938964844,400.2999877929688,393.1499938964844,400.0,7706357,388.8324996948242,381.41899841308594,347.8742509460449,398.14213472369295,390.30266451669587,0.8096054120672944,58.329759189543026,63.99056008935484,419.1638940527777,358.5011053368707,9.433035074501731,3095077835,-0.005357572793133536,-0.007706665266664081,0.0768919478465162,0.619395189340402,0.017913050246315957,399.1499938964844,0
2026-05-01,399.1499938964844,399.1499938964844,399.1499938964844,399.1499938964844,399.1499938964844,0,390.55749969482423,382.1419982910156,348.15000091552736,398.29718998104545,390.9580222485321,0.24744235006687276,58.329759189543026,61.92258514825985,419.0605241603193,362.05447522932917,8.759246854894466,3095077835,0.0,-0.0067189552470374725,0.09461127266546376,0.0,0.0,400.0499877929688,1
2026-05-04,400.0499877929688,400.0499877929688,404.7999877929688,397.25,400.0,6333200,392.57749938964844,382.7609979248047,348.44300079345703,398.5668511828798,391.6315011777496,-0.12510030185303922,59.0411445755835,47.43585157495387,417.538819301385,367.6161794779119,8.672871207614062,3101411035,0.002254776174988038,-0.02474408608486267,0.11233141827360216,0.5675750593527602,0.018872610981995646,398.6499938964844,0
2026-05-05,398.6499938964844,398.6499938964844,400.5,394.5499877929688,398.2999877929688,6791514,394.2049987792969,383.3659979248047,348.7227507019043,398.5796423695882,392.1513895272855,-0.5057579717444369,57.39957656952639,40.7894872703867,416.1055919778042,372.3044055807896,8.478381279001,3094619521,-0.0034995474045832475,-0.020154877925563808,0.08891009901749403,0.6218639297958779,0.014925403983766787,394.8500061035156,0
2026-05-06,394.8500061035156,394.8500061035156,403.0,391.6499938964844,400.0,11120409,395.5049987792969,383.89499816894534,348.9865007019043,398.0058521748078,392.35128705145075,-1.0235565525520833,53.08519758578784,24.6628069841201,414.0625864085763,376.9474111500175,8.683497337894902,3083499112,-0.009532140602403927,-0.016072718379400386,0.07048935765153064,1.025201811090678,0.028745108086790955,400.3500061035156,1
2026-05-07,400.3500061035156,400.3500061035156,403.5,393.1499938964844,396.75,9700378,396.81499938964845,384.637998046875,349.2782507324219,398.36649124076285,392.9437847590111,-1.0043321553259066,58.005250458673935,40.84215666118421,412.65820691550186,380.97179186379503,8.802533678296383,3093199490,0.013929340040476301,0.00300641920426159,0.0700254246543699,0.9365562692651531,0.025852394019545734,402.1499938964844,1
2026-05-08,402.1499938964844,402.1499938964844,405.1000061035156,397.1499938964844,398.0,4740939,397.98999938964846,385.22199768066406,349.57675064086914,398.94856857241234,393.62572617660175,-0.883356993013634,59.502119235054366,46.15384615384615,411.59822017972675,384.38177859957017,8.741639287491731,3097940429,0.00449603538285781,0.007515971554237444,0.0620625917834412,0.4903053613714389,0.019768773660798877,392.9500122070313,0
2026-05-11,392.9500122070313,392.9500122070313,405.0,391.0,401.8999938964844,10088836,398.63000030517577,385.5719976806641,349.82825073242185,398.0257137469691,393.5756732899669,-1.4049271454576564,49.742771370667285,8.333387673764639,409.80910596461837,387.4508946457332,9.11723648124232,3087851593,-0.022876990747440318,-0.017747721041331044,0.03367096808117376,1.0703070442455298,0.03562794137953583,392.7000122070313,0
2026-05-12,392.7000122070313,392.7000122070313,399.8500061035156,391.25,392.2000122070313,10247516,398.95250091552737,385.7709979248047,350.0812507629395,397.2063750485171,393.51080950604575,-1.7275216479907787,49.50515491290808,7.265011326719693,408.9992141605578,388.9057876704969,9.080291454261843,3077604077,-0.000636213238920269,-0.014925327431456248,0.01669906073017824,1.1167144473860142,0.02189968382018207,390.4500122070313,0
2026-05-13,390.4500122070313,390.4500122070313,394.0499877929688,385.7999877929688,392.0,12322076,398.8450012207031,385.88199829101563,350.32575088500977,396.16693461136543,393.2840837801928,-2.032189087431602,47.31452884156803,16.258823152806634,409.2025031912853,388.48749925012095,9.020984921814568,3065282001,-0.0057295643749911696,-0.011143456574572719,-0.0054762961361682905,1.309957765604086,0.021129465340176606,396.2999877929688,1
2026-05-14,396.2999877929688,396.2999877929688,398.5499877929688,391.2000122070313,393.7000122070313,7363948,399.1200012207031,386.1699981689453,350.60300079345706,396.1874043316121,393.5074840774355,-1.7880957315421124,53.12266704748765,36.71327887831926,408.883520951292,389.3564814901142,8.955198540680492,3072645949,0.014982649258659997,-0.010116193952297903,0.014073695424252852,0.793544249954626,0.018546494605942817,395.25,0
2026-05-15,395.25,395.25,398.0,392.5,396.0,7107857,399.20250091552737,386.43699829101564,350.8640008544922,396.04318828059485,393.6365593309588,-1.649109628866107,52.0142997344269,33.2746622652618,408.80460513293247,389.60039669812227,8.7083986449176,3065538092,-0.0026494772276332013,-0.01715776203209507,0.004192057598826349,0.8014108000249336,0.013915243516761544,388.2999877929688,0
2026-05-18,388.2999877929688,388.2999877929688,393.8500061035156,384.8999938964844,393.0,7632596,398.7175003051758,386.6519982910156,351.1110008239746,394.8519266671139,393.2412577355521,-1.9560557175522892,45.27994849969343,13.545789122370822,409.4293283387509,388.0056722716007,8.825656320531744,3057905496,-0.017583838600964463,-0.01183362837411639,-0.024371889967415017,0.87169388199879,0.02304922093328305,389.3999938964844,1
2026-05-19,389.3999938964844,389.3999938964844,392.75,386.0499877929688,386.7000122070313,6693518,398.37749938964845,387.1239984130859,351.3920007324219,394.0131677793247,392.95671967339894,-2.008221234550661,46.46144879132391,22.277214260462838,409.7957520230853,386.9592467562116,8.673824598138847,3064599014,0.0028328769974159673,-0.008403407710634747,-0.01716309465178323,0.7768666842787699,0.017205989501921468,392.4500122070313,1
2026-05-20,392.4500122070313,392.4500122070313,393.3500061035156,384.0,386.1000061035156,5386249,397.7300003051758,387.4119989013672,351.6895007324219,393.7726823066642,392.9191857870013,-1.7689382566508365,49.70418219239986,40.04743963378944,408.94888652367916,386.5111140866724,8.722123277094331,3069985263,0.007832610062540768,0.005122294627921686,-0.03194371456443523,0.6678713255213194,0.023824705854724664,388.7999877929688,0
2026-05-21,388.7999877929688,388.7999877929688,395.5499877929688,387.8500061035156,393.5,10596954,397.05749969482423,387.57599853515626,351.96050064086916,393.0076523814803,392.6140600096656,-1.7830739235992228,46.105254969821985,22.748750732204982,408.71585828192485,385.3991411077236,8.649113163691393,3059388309,-0.009300609760554579,-0.018925057358109454,-0.03343694768683947,1.302250933366325,0.0198044802757384,388.6499938964844,0
2026-05-22,388.6499938964844,388.6499938964844,391.5,387.4500122070313,389.9500122070313,11755213,396.39749908447266,387.8239984130859,352.2097506713867,392.33724338378863,392.3204254827633,-1.7278787155108752,45.95798857809168,22.037879390516412,408.3857653868667,384.4092327820786,8.320604208639772,3047633096,-0.0003857867829056838,-0.016698307662278644,-0.03284810751908007,1.39746034877672,0.010420655748285934,390.0499877929688,1
2026-05-25,390.0499877929688,390.0499877929688,392.7999877929688,386.4500122070313,391.9500122070313,10489850,395.3899978637695,388.0789984130859,352.4887506103516,391.9853579082779,392.1522449131489,-1.5292668971257566,47.63910397660823,28.672919634657237,405.8596970150209,384.9202987125181,8.179845021303894,3058122946,0.00360219714002441,0.004506824761820738,-0.04912243738279709,1.265935293972119,0.01627990202452704,389.7000122070313,0
2026-05-26,389.7000122070313,389.7000122070313,392.25,389.0,390.75,9062218,394.5324981689453,388.2749987792969,352.7827507019043,391.63376626193224,391.97059804602907,-1.359369341081269,47.24346049673915,27.01426804839448,403.85356071540355,385.2114356224871,7.827713234067901,3049060728,-0.0008972582922455175,0.0007704630591922612,-0.042153112054079234,1.0849027755896976,0.00833974826327029,398.1499938964844,1
2026-05-27,398.1499938964844,398.1499938964844,403.1000061035156,390.3500061035156,390.3500061035156,14418621,394.37499847412107,388.4269989013672,353.1135006713867,392.6362628210941,392.42833107198874,-0.6516846463032778,56.612725094907674,67.06156304915353,403.3327021020051,385.41729484623704,8.22573328138336,3063479349,0.02168329849824069,0.014524096094169936,-0.007849474189641659,1.700727754035724,0.03202310736017465,398.1499938964844,0
2026-05-28,398.1499938964844,398.1499938964844,398.1499938964844,398.1499938964844,398.1499938964844,0,394.3249984741211,388.70099853515626,353.4362506103516,393.4845291403849,392.8521579478773,-0.1817961623208112,56.612725094907674,67.38092331659226,403.1861753776741,385.46382157056814,7.638180904141691,3063479349,0.0,0.024048370362846683,-0.0025053238514124443,0.0,0.0,386.8999938964844,0
2026-05-29,386.8999938964844,386.8999938964844,401.6499938964844,385.1000061035156,400.0,17003143,393.7124984741211,388.79099853515623,353.7102505493164,392.4715237182464,392.4112569070334,-0.6031204348923694,44.42940132123306,15.18320926583678,402.8443029807058,384.58069396753643,8.274738539057909,3046476206,-0.02825568296486003,-0.004502766055532459,-0.03069021717980258,1.9013323276026308,0.04277588021207548,378.7000122070313,0
2026-06-01,378.7000122070313,378.7000122070313,389.0,376.5,386.8999938964844,18408900,392.6449996948242,388.69799865722655,353.9550006103516,390.35282963959787,391.39560915147774,-1.3649334063881566,38.008733935619915,8.270720685062322,403.4094705866928,381.8805288029556,8.576542929125202,3028067306,-0.021194060012435623,-0.02909877180142828,-0.053368269559819104,1.9283328061351672,0.03300765671263402,367.3999938964844,0
2026-06-02,367.3999938964844,367.3999938964844,377.5,363.0499877929688,375.9500122070313,17496468,391.0824996948242,388.47599853515624,354.118250579834,386.8216241406573,389.6181561696264,-2.4949487387818827,31.296635575610637,10.86143349495057,406.1277076050238,376.03729178462464,9.081791606620722,3010570838,-0.02983897001928093,-0.05722355045423988,-0.07838956598131674,1.7354534890894242,0.0393304639278315,366.7999877929688,0
2026-06-03,366.7999877929688,366.7999877929688,371.5,363.7000122070313,368.0499877929688,10825715,389.67999877929685,388.33099853515625,354.2715005493164,383.7413723948591,387.9279214750591,-3.107972632010248,30.98376101901934,9.363291599326113,407.94415771787794,371.41583984071576,8.990234191359864,2999745123,-0.0016331140813372613,-0.07873918519176548,-0.0710396805798531,1.0753612298379671,0.02126496197532919,366.3999938964844,0
2026-06-04,366.3999938964844,366.3999938964844,368.7999877929688,364.3500061035156,366.7999877929688,14363519,387.9824981689453,388.0399981689453,354.40300048828124,381.0734680104938,386.33326017294246,-3.3449725714071312,30.762969075308106,8.364555735130272,408.1734709700303,367.79152536786034,8.665930441223672,2985381604,-0.001090495937285052,-0.07974381636749373,-0.08480082849868387,1.394488409689017,0.012145146734665052,361.6499938964844,0
2026-06-05,361.6499938964844,361.6499938964844,368.5,358.6499938964844,365.9500122070313,10277061,385.95749816894534,387.8249981689453,354.51150039672854,378.0852412237231,384.50487007839,-3.603847410900327,28.193610528551872,6.749154501976605,408.08913732803194,363.82585900985873,8.750507274244526,2975104543,-0.012963974015081425,-0.06526234271990106,-0.10070869231549695,0.9716411521063758,0.02723629550602179,362.3999938964844,1
2026-06-08,362.3999938964844,362.3999938964844,365.3500061035156,355.1499938964844,358.95001220703125,14933986,384.429997253418,387.56199829101564,354.6267503356934,375.67212625030174,382.8674718426933,-3.503651318899959,29.199122947521346,15.119912730568359,408.5482178900052,360.31177661683074,8.854043340872149,2990038529,0.0020738283220176346,-0.04304203270433449,-0.07774530439370797,1.3803135930496755,0.028145729522127898,355.6499938964844,0
2026-06-09,355.6499938964844,355.6499938964844,363.7000122070313,355.0,362.7999877929688,14246656,382.57749633789064,387.1069982910156,354.7247503662109,372.5917981958683,380.85136236519634,-3.6542959166691418,25.709735814016298,1.3513384906553412,409.40920551351724,355.74578716226404,8.843041117026376,2975791873,-0.01862582812826441,-0.03198149209362966,-0.09434687333550218,1.2928906431316591,0.024462286957225524,351.6499938964844,0
2026-06-10,351.6499938964844,351.6499938964844,359.0,351.1000061035156,359.0,14939921,380.63749542236326,386.62699829101564,354.8077503967285,369.36998214980923,378.6882980341806,-3.770438105369987,23.88794292258015,1.0576688326322115,410.3661513507277,350.9088394939988,8.775680601273375,2960851952,-0.011247012705317916,-0.04130314722102846,-0.09937256267768713,1.3398888504304076,0.02246550272601428,351.8500061035156,1
2026-06-11,351.8500061035156,351.8500061035156,353.3500061035156,348.79998779296875,352.0,15079402,378.4149963378906,386.25099853515627,354.8570004272461,366.67460121961017,376.70027640968686,-3.5822379288602493,24.17726530149322,5.616974736736801,409.731384210534,347.09860846524725,8.473847580507197,2975931354,0.0005687820574515889,-0.039710666035325914,-0.11216246040530864,1.307172565631648,0.012931698825118798,353.8999938964844,1
2026-06-12,353.8999938964844,353.8999938964844,357.0,349.70001220703125,357.0,8740239,376.34749603271484,386.03599853515624,354.9325004577637,364.70927701605234,375.0113665938941,-3.0869218533002343,27.230481279701863,9.392273266554376,408.3963886597935,344.2986034056362,8.390000452825879,2984671593,0.005826311659536065,-0.021429559327514558,-0.10461734624545382,0.7523331513480024,0.020627261709148245,348.1000061035156,0
2026-06-15,348.1000061035156,348.1000061035156,358.0,346.95001220703125,357.3999938964844,17190759,374.3374969482422,385.80499877929685,354.9880004882813,362.15400456796976,373.01793248349566,-2.919008152787508,24.254617787139324,2.0480748379144127,408.1307338300199,340.54426006646446,8.57999954855037,2967480834,-0.016388776188182796,-0.039459128128609744,-0.10352815594443632,1.42126189652817,0.03174371617127401,355.54998779296875,1
2026-06-16,355.54998779296875,355.54998779296875,356.20001220703125,348.5,349.75,14555184,372.6449966430664,385.59399841308596,355.07650039672853,361.13800198720037,371.72401065456773,-2.1128711237031848,34.20149035958353,15.722081288366661,406.6412165359397,338.6487767501931,8.54571430247646,2982036018,0.021401843030240286,-0.0002811924792124332,-0.0869286251517356,1.1654866973686653,0.02165662346053812,355.54998779296875,0
2026-06-17,355.54998779296875,355.54998779296875,356.04998779296875,352.04998779296875,355.54998779296875,9299676,370.7999954223633,385.327998046875,355.18825027465823,360.2783074957801,370.5259348870419,-1.4195918780780943,34.20149035958353,15.722081288366661,404.2981593452742,337.30183149945236,8.221020423728142,2991335694,0.0,0.011090555848644268,-0.09402477580914559,0.7331715740187029,0.011250176170246807,361.9500122070313,1
2026-06-18,361.9500122070313,361.9500122070313,363.5499877929688,354.04998779296875,357.0,12260776,369.45749664306646,385.08399841308596,355.3440003967285,360.5354928359726,369.89068135518926,-0.42172240482635637,41.814260908400364,35.67182961824363,402.10381756641885,336.8111757197141,8.312376107747564,3003596470,0.01800035053802107,0.028705431087996613,-0.06905858135014853,0.9603215435516617,0.02624671827491517,365.7999877929688,1
2026-06-19,365.7999877929688,365.7999877929688,368.0,359.95001220703125,361.9500122070313,17465450,368.31499633789065,384.8269982910156,355.53525039672854,361.3454151370489,369.587667017247,0.552971387353784,45.87135315105863,61.70207239911233,399.7723663181421,336.8576263576392,8.293634085263363,3021061920,0.010636760480989826,0.03362530121988416,-0.05879327534378298,1.3380536514968517,0.022006528325869676,367.0499877929688,1
2026-06-22,367.0499877929688,367.0499877929688,368.5,364.0499877929688,365.7999877929688,11946682,367.16499633789067,384.5649981689453,355.7170002746582,362.2230416994981,369.3996907784116,1.2948593509106825,47.159605951718255,81.87366835145352,396.99977813175843,337.3302145440229,8.019089665389638,3033008602,0.003417167965318324,0.05443832622001721,-0.05896680097374585,0.9101735441719199,0.012123722531060761,364.6000061035156,0
2026-06-23,364.6000061035156,364.6000061035156,369.25,361.8999938964844,367.8500061035156,11696171,365.9099960327149,384.13199829101563,355.85850036621093,362.5887285308854,369.04415858027113,1.6128627043507766,44.903835655706004,79.14799801840908,393.9022190341083,337.9177730313215,7.971297982398637,3021312431,-0.0066747902763453215,0.025453575084402935,-0.06440853301842109,0.8822360709653955,0.020159094844965097,357.04998779296875,0
2026-06-24,357.04998779296875,357.04998779296875,364.0499877929688,355.5,362.8500061035156,12770898,363.8549957275391,383.4209979248047,355.9725003051758,361.7366145712059,368.15570148491537,1.319364672021619,38.75219617390557,45.29139513305945,387.8234938092535,339.88649764582476,8.05191999104985,3008541533,-0.020707674668560827,0.0042188160638425565,-0.10322744376131088,0.969325892176506,0.023946192648874747,352.04998779296875,0
2026-06-25,352.04998779296875,352.04998779296875,359.0,351.45001220703125,356.45001220703125,19767157,361.54999542236334,382.6459979248047,356.08250030517576,360.246364297631,366.9626856558823,0.8177041819838102,35.302943306837705,22.86985819582169,380.14781941473296,342.9521714299937,8.016067691186915,2988774376,-0.014003641425410662,-0.027351910706387428,-0.11578552507902651,1.3956517177000476,0.021445783424962644,352.04998779296875,0
2026-06-26,352.04998779296875,352.04998779296875,352.04998779296875,352.04998779296875,352.04998779296875,0,359.80749511718756,381.81499755859375,356.19925018310545,358.9853832969137,365.8580413697406,0.5290939739266012,35.302943306837705,22.86985819582169,374.74936154883284,344.8656286855423,7.443491427530708,2988774376,0.0,-0.037588847618502674,-0.09007497196508041,0.0,0.0,356.1000061035156,1
2026-06-29,356.1000061035156,356.1000061035156,357.8999938964844,351.54998779296875,352.0,49895302,358.6774948120118,380.97699768066406,356.3462501525879,358.541479113314,365.1352239426128,0.646405773963723,40.2951724513808,41.0313852251049,370.9051448013445,346.4498448226791,7.365385332958202,3038669678,0.011504100130600214,-0.029832399001820442,-0.05967785945346238,3.351478135312664,0.017832086477610802,356.6499938964844,1
2026-06-30,356.6499938964844,356.6499938964844,358.3500061035156,352.8999938964844,354.75,10291360,358.13999481201176,380.1859973144531,356.5090000915527,358.25048138764794,364.5066883836403,0.7871548858161326,40.96140636877873,43.497699548120636,369.71434374395585,346.5656458800677,7.228572966820563,3048961038,0.0015444756628530953,-0.021804750614222712,-0.029259662979278178,0.7084154003969232,0.015281122389737332,357.8999938964844,1
2026-07-01,357.8999938964844,357.8999938964844,360.8500061035156,354.25,358.0,6915166,357.6949951171875,379.23599731445313,356.67025009155276,358.19656023516126,364.017303606814,0.9780948081246352,42.531018816440344,49.103083782430076,368.56632800173594,346.82366223263904,7.1836753337273525,3055876204,0.0035048367345908993,0.0023806361366087714,-0.024263888202493145,0.48250612760222383,0.0184409226489804,358.25,1
2026-07-02,358.25,358.25,359.95001220703125,352.29998779296875,359.95001220703125,6513560,357.2874954223633,378.35599731445313,356.8062501525879,358.20478173744414,363.59009593223516,1.1308191879890703,42.98807795986991,50.67261873807693,367.4081604210684,347.1668304236582,7.21698598232272,3062389764,0.0009779438655617145,0.017611170066784032,-0.022243433494125275,0.46728127511811,0.02135387135816469,356.45001220703125,0
2026-07-03,356.45001220703125,356.45001220703125,360.1499938964844,355.45001220703125,358.25,6588714,357.0274963378906,377.44799743652345,356.93000015258787,357.9348171943037,363.0612008414793,1.1117997884835935,41.17446146745558,38.313311841114455,366.95178265783113,347.1032100179501,7.037199961403464,3055801050,-0.0050243902106594795,0.012498294465642878,-0.014378492402080667,0.47901013729121694,0.013185528204508263,356.25,0
2026-07-06,356.25,356.25,359.3999938964844,354.6499938964844,356.0,6204261,356.7199966430664,376.36899719238284,357.0557501220703,357.67561454902625,362.5566674458141,1.085704431097053,40.96763318356062,26.966242049136763,366.3356811646466,347.1043121214862,6.87382853558893,3049596789,-0.0005611227386214113,0.0004212128444636143,-0.01697018211937673,0.4658424820214629,0.013333333333333334,354.20001220703125,0
2026-07-07,354.20001220703125,354.20001220703125,357.1499938964844,352.54998779296875,355.79998779296875,8149003,356.6474975585937,375.3159973144531,357.1515002441406,357.1409064964116,361.937655946645,0.9360063021212319,38.81551174654076,15.449448797297991,366.31607798622593,346.9789171309615,6.7114126475836935,3041447786,-0.0057543516995614,-0.006869428659416199,-0.004076990620939358,0.6261968715441734,0.012987029771266366,348.70001220703125,0
2026-07-08,348.70001220703125,348.70001220703125,353.0,347.54998779296875,351.95001220703125,9572223,356.49999847412107,374.26399780273437,357.2130003356934,355.84230737496847,360.9570897437107,0.49437870688991925,33.700380295966866,5.299648696464182,366.55146203312637,346.4485349151158,6.707027773760751,3031875563,-0.015527949775408945,-0.02570545360812171,-0.008388971251685917,0.7510512776199155,0.015629515389278082,343.70001220703125,0
2026-07-09,343.70001220703125,343.70001220703125,351.0,343.1000061035156,349.0,17821421,356.0924987792969,373.1549981689453,357.2467503356934,353.9742619645166,359.6787877039567,-0.07629173104636422,29.849338816602852,2.294478942866179,367.4419983079582,344.74299925063553,6.792239639669581,3014054142,-0.014338972827541485,-0.04061406222740749,-0.023163262057999234,1.3834143905279037,0.02298514290341582,344.54998779296875,1
2026-07-10,344.54998779296875,344.54998779296875,348.79998779296875,343.20001220703125,344.5,13016441,355.62499847412107,372.062998046875,357.2762503051758,352.5243736304323,358.5581358586983,-0.32442257589778745,31.286827796018898,5.544864351375859,368.0194089018661,343.23058804637606,6.707077921545861,3027070583,0.0024730158735797314,-0.03338483379585577,-0.026419910327126206,0.9939241647811179,0.016253013450409356,351.75,1
2026-07-13,351.75,351.75,355.0,343.70001220703125,345.04998779296875,8226337,355.8074981689453,371.0969982910156,357.3390002441406,352.40523922575045,358.0538294987947,0.04859950345914754,42.10859756798709,41.28878976939168,367.85599209542033,343.75900424247027,7.035142912361782,3035296920,0.020896858110926786,-0.012631578947368438,0.010485474956869023,0.6504169965958715,0.03212505413779318,348.1499938964844,0
2026-07-14,348.1499938964844,348.1499938964844,353.95001220703125,347.5,348.5,8579646,355.43749847412107,370.0869982910156,357.36475021362304,351.7505860981711,357.3202120467717,0.10205106232222327,38.816802869646146,28.450635453345072,367.9408107879613,342.93418616028083,6.99334786198103,3026717274,-0.010234558929681947,-0.017080796448450175,-0.02081280874855007,0.694763747986256,0.01852653258683967,344.3500061035156,0
2026-07-15,344.3500061035156,344.3500061035156,348.45001220703125,343.04998779296875,347.5,11352533,354.87749938964845,369.0769982910156,357.348500213623,350.61203532976253,356.3594560509749,-0.060594968231641566,35.64890074981835,7.303466141810582,368.28131935125873,341.47367942803817,6.879539044272563,3015364741,-0.010914800688172965,-0.01247492386359006,-0.03150044177747158,0.9117288388100664,0.0156817898020864,342.45001220703125,0
2026-07-16,342.45001220703125,342.45001220703125,346.04998779296875,342.1000061035156,344.20001220703125,10347549,353.9024993896484,367.91899841308594,357.3582502746582,349.35633946472694,355.32912687734944,-0.22876932771339398,34.14826488508665,1.86669921875,367.929055973061,339.87594280623586,6.670284947499746,3005017192,-0.005517624111536112,-0.003636892509759515,-0.05387484277482568,0.8374517866580007,0.011534476707990677,341.8500061035156,0
2026-07-17,341.8500061035156,341.8500061035156,343.8999938964844,340.25,342.5,7612446,352.70500030517576,366.71299865722654,357.37800033569334,348.2015189476175,354.3306734866951,-0.30810916333480254,33.66630293629288,7.7670176187111215,366.55240967225404,338.8575909380975,6.4545498724272194,2997404746,-0.0017520983563372727,-0.007836255362387301,-0.06547288815932961,0.6416779552914403,0.010677179556285046,347.25,1
2026-07-20,347.25,347.25,349.29998779296875,341.1000061035156,343.0,14463484,351.71500091552736,365.79899841308594,357.4095002746582,348.0551314172148,353.8061791543473,0.05599811088822193,41.648434900198666,33.980572456264326,364.0691914383554,339.3608103926993,6.579223573643356,3011868230,0.015796383794269175,-0.01279317697228144,-0.05394357295044183,1.2063777219993528,0.023614058140973723,348.54998779296875,1
2026-07-21,348.54998779296875,348.54998779296875,349.1499938964844,344.1499938964844,347.20001220703125,8575793,350.9125,364.9159979248047,357.4500001525879,348.1312631673308,353.416831646097,0.4171818954036297,43.41376603142958,41.708494164086474,361.81427886727397,340.0107211327261,6.466421889811687,3020444023,0.003743665350522063,0.001148912547743075,-0.044020894245377584,0.7247252292533375,0.01434514467109921,350.5,1
2026-07-22,350.5,350.5,350.8500061035156,345.6499938964844,347.3999938964844,7035952,350.5850006103516,364.11699768066404,357.5012501525879,348.4956842185107,353.2007700426824,0.7981316399985072,46.05036987893595,51.507553486289325,361.11685890024006,340.0531423204631,6.37596405532737,3027479975,0.005594641444054638,0.01785971769268846,-0.018344736078710344,0.6093623464538879,0.014835983472271755,348.6000061035156,0
2026-07-23,348.6000061035156,348.6000061035156,350.70001220703125,347.1000061035156,348.54998779296875,6863144,350.4125015258789,363.162998046875,357.5342501831055,348.51173373928066,352.85997271385526,0.9239827916764902,43.90384368198654,43.603178928681274,360.95573719862676,339.869265853131,6.177681344483674,3020616831,-0.005420809975704377,0.017958807642752594,-0.009799692683079897,0.6295759599496084,0.01032703970305329,347.20001220703125,0
2026-07-24,347.20001220703125,347.20001220703125,350.0,345.1000061035156,347.95001220703125,6300466,350.17000274658204,362.2019982910156,357.574750213623,348.30993042662686,352.44071638001645,0.913148650289199,42.33784831531661,41.124347438238,360.77435756377963,339.56564792938445,6.086417955340868,3014316365,-0.00401604667806188,0.01565015652477597,-0.013776383337895881,0.5617271003396543,0.014112885150368504,350.79998779296875,1
2026-07-27,350.79998779296875,350.79998779296875,353.0,347.79998779296875,353.0,12350753,349.9050018310547,361.4519982910156,357.6387501525879,348.6930161752948,352.31918092912406,1.134215879879637,47.52140905248342,71.52534096927967,360.1625759798086,339.64742768230076,6.065958658028573,3026667118,0.010368592912925578,0.010223146991990673,-0.014883510866905758,1.3224902384219934,0.014823296430956935,343.75,0
2026-07-28,343.75,343.75,350.0,342.1000061035156,349.95001220703125,12409670,349.26000213623047,360.53899841308595,357.68850021362306,347.9325521483264,351.684426786226,0.8068047966474099,39.947787920513086,23.728813559322035,359.36106915449176,339.1589351179692,6.254103160273184,3014257448,-0.02009688722432179,-0.013771303861929374,-0.03616989798751691,1.3138977733456754,0.022981800426136362,343.5,0
2026-07-29,343.5,343.5,345.3500061035156,341.1499938964844,343.70001220703125,8471125,348.5400024414063,359.5599981689453,357.7267501831055,347.2506210485839,351.0781729502093,0.5849020263373159,39.706126062285264,22.033898305084747,358.11411284726864,338.9658920355439,6.10738237789876,3005786323,-0.0007272727272726875,-0.0199714693295292,-0.04023468606330649,0.8895693266320519,0.012227109773016739,344.8500061035156,1
2026-07-30,344.8500061035156,344.8500061035156,347.6499938964844,341.8500061035156,343.5,9943764,347.87000274658203,358.6809985351563,357.7525001525879,346.8812956724196,350.6168272578616,0.5415378740165568,41.75517862628009,31.186482057733052,356.4568762041644,339.28312928899965,6.08542562183233,3015730087,0.003930148772971265,-0.010757314785836414,-0.03740403041586704,1.0257398049279023,0.016818871075292178,347.25,1
